,0,1,2,3,4,5,6,7,8,9,10,11,12,13,14,15,16,17,18,19
0,-1.4324646531965497,0.5621398145216254,-0.41668560788704756,0.004218119241620855,0.0778362191411151,0.472344199343133,0.21557544737574547,-0.021590813588429625,-0.08801713093176353,-0.0032834963017350158,-0.004886225761763063,-0.013087874495045726,-0.0004835177463897722,0.0008038826729022674,-0.00103152815186755,-0.0058299504797119095,0.01260512161330038,0.006322477337774024,0.008886661093665621,0.007100279287879541
1,-1.1249652845599654,0.578342771222534,-0.7338112174878377,0.1232319164691762,0.0940753774958692,0.3683466828944879,0.20556406655151266,-0.007007963508402326,-0.060098132837104384,0.004188115834276342,-0.007058020715884072,0.00033229689191083267,-0.010845278047025841,-0.006486833756775348,-0.003322512895104532,-0.005712567702714694,0.011390298468758386,-0.008645584818846197,0.0183596840100497,0.0022165060801020986
2,-0.9356108277222948,1.0863565871967467,0.3535398741851177,0.21687964049051756,0.5523871301358961,0.3495139669200098,-0.015396967467326106,0.030208931595009147,-0.06213437994060997,-0.0385018645984983,0.04563090714604645,0.06720784454305362,0.032533730805472894,0.008247834352813344,0.05138683782384745,-0.03749902900411978,-0.004039193805959351,0.015206558507440043,-0.012941641589428843,0.011264286230353415
3,-0.9684292293341041,1.034990972480415,0.16163647307015339,0.19452470155641288,0.5036388455909547,0.3155434420802752,-0.004170138313037142,0.04301092184711808,-0.08941594286030599,-0.01863310155888867,0.04500223799797598,0.049952738322897094,0.02863611991926271,0.013276442713391082,0.05203097674890339,-0.03650836269755353,-0.004722523076204174,0.0177339055653242,-0.0001833269233996737,0.011498877900688986
4,-0.6537272447806775,1.2757660018029746,0.46034998435702335,0.2988156642840689,0.5948469547156275,0.3575176022698616,-0.005762329430225699,0.027873129773837935,-0.03315075212098942,-0.03473582156315355,0.06076054885670645,0.07254915906650061,0.032250494858189455,0.007353995544426235,0.04906698574986629,-0.04169260722611695,-0.01111392799696484,0.010394177191114573,-0.00831780681518926,0.0053340504076268835
5,0.8311972417522302,1.9913382544437024,0.7950275772052873,0.5926574247264806,0.364707340871222,0.35107658659968255,-0.02302699557423754,0.028939758306776864,-0.03486626691772701,0.015199473527975571,0.0796997344313064,0.05589135139007406,0.033417062554264354,-0.003868236958052086,0.07790060466988918,-0.03617365201844294,-0.017534718708499722,-0.016828193649381706,-0.009838734224873691,0.014839809311401969
6,-1.2928338427143187,0.5299630533565836,-0.6516354509472979,0.04680966069450232,0.050344833382280865,0.3893575415447432,0.20677060447703327,-0.00763024980999516,-0.0721981477948486,0.005095066332496442,-0.005838341289060189,-0.011112264564490437,-0.0033314598712496646,-0.006433255897165563,-0.0033133871753147914,-0.0005291465809872109,0.010318571132136939,-0.0029841120722688963,0.010629623139388256,0.00806138968692463
7,-1.3211694828870861,0.5178902031713868,-0.5910524701691857,0.04121275550434644,0.08364382001652049,0.44217751408748707,0.23896378546799213,-0.014083157209265895,-0.07311474820791378,0.012217915419116272,-0.00728850470568021,-0.012772633873992523,-0.007195242254420087,-0.0019336781673138168,-0.003535160600436696,-0.01214195572173582,0.009620778600201746,0.004857937031951753,0.015837158861923106,0.01092370006380311
8,-1.4055414243921946,0.6478430829462578,-0.25229325583798623,0.08537162761501893,0.2362562383377858,0.5653853473718014,0.23613585164727297,-0.030095847996874425,-0.0742056672509099,-0.011958123143298194,-0.00549424910697871,0.0059984922989985145,-0.005091855001167517,-0.0007841983057385905,-0.015923946345795623,0.00986412437490436,0.010553185096645018,0.00023414805379415315,0.018963236464787897,0.012013072288723031
9,-1.2442520934350076,0.6175495419654933,-0.4477922174937907,0.043575245962634845,0.10763280266293837,0.408215803412169,0.22073877462220154,-0.005950637575049822,-0.05933681336227878,-0.0022344460442278585,-0.0023876005410256584,-0.010167805510421568,-0.005209524271588273,-0.003110263547599988,-0.0058508380052158665,-0.0005638419320088961,0.005591561859666694,-0.00248288450296949,0.013452155905828628,0.01472274498291204
10,-1.0400832839796958,0.5741854565085784,-0.6619722808794899,0.18885653015084314,0.15262749436986162,0.4841648687860509,0.24937961734658143,-0.01460813619736756,-0.07244127237936918,0.009889343823993708,-0.023535494424422043,-0.0010621660628852836,-0.013938556658002088,-0.012084868640992882,-0.0011494340593527497,-0.0012521236470897368,0.0017121921470894808,-0.0193517519305533,0.02962586909819473,0.008473058546089457
11,-1.2299334085979856,0.5919612223272352,-0.5254164212985097,0.12654886526966536,0.18219199408148903,0.47477778572403606,0.2335904778093183,-0.018589925097202198,-0.06495087091890508,-0.0002636418833117937,-0.014902923257075151,0.0058353909226634415,-0.01100766712430351,-0.010649252596300562,-0.012864146661097545,-0.0008093221370421566,0.002252811579153552,-0.016298741856005744,0.020248816838760564,0.012593241512452558
12,-1.233388137175635,0.46541615626671984,-0.634561811361829,0.1596495257678554,0.12096740077599369,0.5720136099608037,0.25663533731599586,-0.0351704205582698,-0.10741522305751586,-0.0011860972331162734,-0.030457948301107707,0.0008720082644083638,-0.017199105491723238,-0.009550740879151969,-0.005031971300848023,0.0053096264496158285,0.002795737932101139,-0.014578741254038963,0.01739758147201803,0.007897543831056508
13,-1.2188559616106183,0.47776547282053805,-0.7064423819942505,0.13902695750541705,0.06263731343157201,0.49984309237194546,0.24747116420854687,-0.02770278014684119,-0.09785034701351206,0.01116974209399623,-0.017819859101134594,0.0010855710534247165,-0.012117317671041128,-0.009706174490083486,-0.0003330385505506128,-0.009376930444600251,0.007931587994285338,-0.016248860520051728,0.020807185879811507,0.006871756050170791
14,-1.310081211282566,0.5861724910496537,-0.5009822847219381,0.11939645597026871,0.17130071239510414,0.5404500842391495,0.24249736122300095,-0.03360720074952367,-0.06740648970283727,-0.0008861597757224976,-0.0003256005974960896,0.02548401520696497,-0.0052943545384355195,0.0031767692557165134,0.003693860015934136,-0.03672464828596017,0.02841908780490046,0.002901246199075641,0.012463377606863224,0.0008691851117568483
15,-1.1188185485712996,0.5291607401627232,-0.7599333688832086,0.1607619685141457,0.0680940325546539,0.4798720153773206,0.22953635850731685,-0.024573070035032396,-0.06363168610491213,0.0009702766282751046,-0.006882770364010915,0.01658303658979632,-0.004449303857200132,0.0015566428592675013,0.002634330562464038,-0.03167361793396531,0.016844373773284183,0.002618311000246204,0.00842992229767428,-0.001022726842218824
16,-1.4314058030091283,0.23457192042061692,0.2971571323758919,-0.20731056026531514,0.07088538953880016,0.1616749525725687,-0.12085325542228781,-0.013502708182053125,-0.06642408255382928,-0.006542372291398091,-0.023244665476246817,0.0034108699049422153,-0.04096250034582574,0.016247749086005313,-0.02031026562398977,-0.008187277489279637,-0.004190022760134429,0.02240857177816924,-0.0406922317706995,-0.02147295956939199
17,-1.3260936485928712,-0.33407278626190084,0.23631408088266515,-0.23090843596282262,-0.0699845661861826,0.12857096552784641,-0.10007386031720206,0.0063015695889960255,-0.0708179256869729,-0.0467868339254687,0.014555526379388006,-0.05783226522137702,-0.007553844747817867,-0.003539787939714892,-0.00036367043288790257,0.02239754960606824,-0.012082481377869991,0.007171903563825327,-0.0038129629210509053,-0.01021460798353549
18,-1.4420031647695915,0.024827262888278412,0.1926180635760426,-0.3207736115873403,-0.12019256532237008,0.2404539081724555,-0.041792785422329115,-0.012042423904769284,-0.09740198895251426,-0.006699716418667227,0.03583229230317664,0.008212925753306621,-0.04053492263591879,-0.013135320485169927,-0.010725518878812595,0.028021233928823053,-0.019795917926529932,0.049288558930393384,-0.034028098234382076,-0.03960784275195102
19,-1.613397453704585,-0.1151746211221294,0.3634257501065985,-0.28163309368151035,-0.12920942106506184,0.005747042516043743,-0.19279666588534683,0.0012582891005286645,-0.07093798310177576,-0.01852236995112269,-0.02196533472075357,-0.007515743559735,-0.006998844296664586,-0.006072090362411416,-0.01661045012775808,-0.01412512644317257,7.702677619930709e-05,0.017922508729312114,-0.04563550179277773,-0.03516764909836688
20,-1.1833477617616888,0.5795563557328247,-0.6752912254348384,0.14406790660564006,0.1285084679434939,0.47052497213304934,0.23136980407382532,-0.013870321686299869,-0.05451757769474472,0.005125460875922194,0.00569835037730082,0.012435515640344397,-0.0003748048244972546,0.006346374191554309,-0.001569755382928334,-0.02965187525427379,0.020699244976592507,0.011676881924139154,0.011645869390908059,0.0035817190109433406
21,0.4206254532624616,1.0902888285354226,1.3150384976156895,0.6461581445965165,0.3762106052902576,0.37372884097944503,-0.211111037841615,-0.11055751639042366,0.44240460367441564,-0.16281375531317527,0.09471698776713722,0.08148594610682997,0.0673151846390686,-0.037481348904491285,0.03099450722082997,0.051934762223963926,-0.06316618729950482,-0.07539988530488177,-0.09943072575251663,-0.05699736872470476
22,-1.2832010577193351,0.5684200158481723,-0.5345811636711302,0.10316810712837698,0.15993612812940927,0.5057196466580611,0.25058435559057446,-0.011590344578992051,-0.05613218983522786,0.0024979673928234927,0.006207348959629655,0.008717624666001567,0.005336571927117728,0.009030683010832874,0.0016985338981047038,-0.02575438878096653,0.02140789874236937,0.008400153550076506,0.014030967306339487,0.01089587285293342
23,-1.5911299005524286,0.055376952126399814,0.32299669785076635,-0.1796428803300043,-0.06324447672000319,0.15145890373543414,-0.13752511381035826,-0.055491167046303636,-0.06017628577015452,-0.015536307293723434,-0.049819419223788686,0.03858306139552792,-0.03362051910704694,0.004343796455127204,-0.01507377170654886,-0.015443805258118115,-0.0010589696656293224,-0.0074235516220362285,-0.04317623044891031,-0.04201340707528857
24,-1.1343632193902558,0.9939676318614126,-0.08445058409186679,0.23196768710746918,0.4780606532229197,0.5370100167195866,0.17968894937081015,-0.016462760205799676,-0.03836121851712773,-0.05022954280677268,-0.005576279118108263,0.03964002028631719,-0.005969745779406482,0.01437800111778062,-0.02889691157847797,-0.013694989377975142,0.020107818996219662,0.02299998126641864,0.006446240700048261,0.009907761280938593
25,-1.0048474209596465,1.0096217372436254,-0.13841640981530823,0.272149411348785,0.5412919275558119,0.5135606270877946,0.20924841643292894,0.002369375359001391,-0.019950657655889076,-0.06617788743976984,-0.009104936334462022,0.043377702540102536,-0.0007207881654342219,0.015806243576438214,-0.030776590773860843,-0.005366592051264607,0.0192542665213013,0.01569426502589477,0.011191046255688925,0.010453371603306505
26,-0.7561286844030457,0.9314681403655634,-0.5009729244684751,0.35778770759288614,0.4533052004592094,0.4555978279951194,0.20089372843426787,0.002378892710012015,-0.01998884064179554,-0.053788685091103794,-0.024508231197769792,0.04039513037004422,-0.011885632491006465,0.005096166811508082,-0.027270491368730387,-0.010550630084324497,0.011622354904583104,0.003953894041628325,0.014959329364116314,0.00319526956069921
27,-1.0173809635670246,0.8852857152776341,-0.266987993608236,0.3167569576017448,0.44885224588587325,0.6012265032075601,0.17752732875187419,-0.032184463373687855,-0.05783300552774165,-0.0695635532261866,-0.0234552015343506,0.06034987534380659,-0.0123047834523701,0.012822329462950054,-0.02391667414004732,-0.005838207124341188,0.01659113582519353,0.002219894574188558,0.0020747617421916775,8.211743933671245e-05
28,-1.4969494921861282,0.7063955728521112,-0.31598533295392617,0.0959804416669785,0.1972866399995412,0.5624697433625794,0.14500430600795033,-0.03773413118962132,-0.07935424997152538,-0.03648902676742563,0.027724468037046868,0.04576398196444892,0.01130347603509485,0.0009191719335934281,0.02078582719642319,-0.026203549028017747,0.014999309468367333,0.014449354110693646,-0.015272287421404379,0.0018407285479455915
29,-1.3591109522924567,0.5964951513764891,-0.6958295740753755,0.12131341952407748,0.08488235423582088,0.4530499567670718,0.13922263952496866,-0.026705391576780424,-0.07402262550951286,-0.019329673498234473,0.02079794410866026,0.04028561748287851,0.006462993372209097,-0.0030258503347087157,0.022336181162282837,-0.028764405224587647,0.009534614942441205,0.0028736072004320323,-0.0061711612763561685,-0.004669900181039549
30,-1.488275189609074,0.2690659743081021,0.17431392472132767,0.08007788133431992,0.31982402767003554,0.558886663672115,0.10629678700762729,-0.03413648904997474,-0.07790976897156396,-0.03464721390583955,9.105901913092351e-05,0.03758386152596682,0.0028703253454036015,0.013545504787043361,0.009955892621474949,-0.025197225295551934,0.017994226851689887,0.025952049931732918,-0.011070852686097699,0.0012749666885771838
31,-1.4598175202101924,0.6912835142993679,-0.37065580539535237,0.0671067877998901,0.13955250895399357,0.5068839138461576,0.11982131192215861,-0.02672595642147957,-0.08276668402318996,-0.04114826681121497,0.018479690984461783,0.031673137812054275,0.006434458405104315,0.010131025258719041,0.013248059464806644,-0.006700574233305112,0.0036142815601991896,0.015814553610086796,-0.02169323440269849,0.004090397207408392
32,0.44890983717378763,1.064297829515871,1.2886278112141163,0.6505384687011311,0.3748315108172075,0.3688656422227421,-0.2076602008112426,-0.11070158273417197,0.4395140102272596,-0.1636991817305396,0.09932603003513041,0.07820529522055003,0.06199236937177943,-0.03520144282933891,0.031908826749308505,0.056106487469592264,-0.06120088631442826,-0.07503861896464387,-0.10048762896591593,-0.05841313131627243
33,0.09719058144325388,1.905554469692273,1.0087984210553689,0.582721341358202,0.5169664790928826,0.35578430872520017,-0.17106613804779314,-0.11502974021541357,0.4301043915847279,-0.1650416712067017,0.09439382750708686,0.10242682646649232,0.05466958890377793,-0.033894304190928384,0.017216203779232164,0.0404560245845601,-0.039417911452030024,-0.06507769966472067,-0.08116367300219682,-0.05506275340748043
34,-1.329640387806558,0.46898428591764585,-0.7778580512263309,0.10331812644509375,0.07568740138991184,0.45356720823409913,0.22024725875178625,-0.003379200915810898,-0.06674575298464583,-0.006757736467537405,0.005157525666461105,-0.001353167058277982,0.004544398626540241,0.0020364297075098348,0.004471835481161923,-0.012973749220928643,0.01878255169291268,0.006539906095458681,0.003009125708546223,0.007367984870986832
35,-0.26056260010099574,1.7393899082132105,0.8308088148868267,0.4799317292769407,0.5445177679188878,0.3340982867536585,-0.14342050174859,-0.11338974851657713,0.3910322720488438,-0.16176063537170693,0.07253506338917232,0.10931131858161797,0.0431745627590146,-0.03507611209607232,-0.0010487611773528083,0.034587479874353455,-0.0238027102726973,-0.06064747964718682,-0.06608960518420884,-0.05009262196164732
36,-0.8319376241077379,0.6930716011917308,0.5666856700529337,0.2660753762483883,0.47800778561900303,0.3245007555413648,-0.06830784308979493,-0.03964036968126772,0.06222732262107142,-0.10827205213387472,0.0125103152821332,0.13009336115870163,-0.012055481838670279,-0.003544722703273332,-0.051124046098109846,-0.03498561103861525,0.04312599588134117,-0.02142763642971332,-0.016656905676412953,-0.04351666665862308
37,-1.6636591507537206,0.03947878788323145,0.24326238864673133,-0.26848591621875384,-0.10205045674458599,0.026120909693038596,-0.1492362860740496,-0.02114273825887142,-0.05940651854663778,-0.030970673669276583,-0.039118294637871975,-0.015768529720527558,-0.05332313451636783,0.011666148531130252,-0.030421162478986297,0.004860533326064342,-0.001425759325452497,0.00026392790280768685,-0.025183091716971334,-0.030850469927758306
38,-0.6080636077075923,0.776151810615973,-1.007713968682653,0.4619338748556736,0.3324976822078041,0.37074855706418486,0.15108461180869653,-0.014137142396793922,0.0659229518706915,-0.0442517453804733,0.0024967971152618507,0.03537226187490344,-0.014764984935065922,-0.01161267730662853,-0.01565494876966475,-0.0027706917650935636,-0.001472685557174086,-0.026645543615531064,0.006477334918581462,-0.02249458209063776
39,-0.740413830290783,0.8006911591637085,-0.7821957282540444,0.44318713388767383,0.39994180093566434,0.46046153585052485,0.16225936533378937,-0.02305238090592382,0.052632185729313746,-0.0521997481539911,0.005124334391795882,0.03262791011973898,-0.011364247688528811,-0.010554576590778877,-0.01233694062475793,0.004104395310417452,-0.0005593629250061072,-0.025678910858680876,0.00433415640587842,-0.019133379895583155
40,-0.6290822088685744,0.7689450633417589,-0.8546876035083555,0.507271093819968,0.43328741456815517,0.4864474727366632,0.1842691943666433,-0.0271216410592115,0.056776110596891555,-0.06196428796064875,-0.00233598647073896,0.039925124803633305,-0.016644520925786777,-0.014143290849343425,-0.018733417758150878,0.01605462490002968,-0.0012320892507145242,-0.03444562527086345,0.007046237453509879,-0.021293085023634653
41,-0.7582567816041541,0.80607395395608,-0.7061292667396639,0.4224123276750231,0.40075094210934176,0.4643078199066428,0.17242051102073586,-0.0240086176104628,0.05474609211512138,-0.05202376496498333,0.006357825975758402,0.033612183923614425,-0.005854812914686008,-0.010871557864036291,-0.01433384812654212,0.0019395216422975758,0.002257476091168331,-0.027645942902663118,0.006152435228620162,-0.014125922199941701
42,-0.7020866853368597,0.7861833291701217,-0.8281341251812853,0.44653653351944644,0.3986152003181385,0.44056428615305476,0.16854842751425503,-0.02483813265879331,0.06107562086996457,-0.05181952449974127,-0.0017459710809208384,0.031340577401923475,-0.013096386998354248,-0.01088103628975269,-0.015471233194048209,0.0022595777186304455,-0.003740916202320352,-0.03312307519745189,0.0053041248454615275,-0.02047091379934901
43,-1.581697952525368,-0.3057530239250621,0.37823732501217133,-0.26398430802574824,-0.133967312603249,0.09996818257277529,-0.09087482657023488,-0.004671345606221067,-0.05702539755994876,0.0006178043530917776,-0.023291752522242748,-0.01124973434141563,-0.0441849108535963,0.0035171679830387007,-0.02343904055246747,-0.03620480355040284,0.006461838027694511,0.024637613549770426,-0.03177004864677016,-0.02169100632319708
44,-0.05873288435847002,1.2558437010644532,0.60262486848554,0.4898832372117392,0.21229805197146656,0.10215174420204165,-0.29542182482662516,-0.09407912139184293,0.4633118198029314,-0.20054672332900242,0.12676164480790808,0.11644031376724612,0.08122117657228056,-0.046130739879728336,0.02310779693134357,0.05120830239372953,-0.03687692797640588,-0.05774491843733187,-0.12449030258396662,-0.05351699819393413
45,-1.5615296285316145,0.19477195918837786,0.06765546010608059,-0.241797538720816,-0.10447462931946441,0.10364627092724976,-0.08583831433337163,-0.05311160300540829,-0.06761070541083233,-0.019310886808894173,-0.05867435768110696,0.02636619709450494,-0.07333876794895444,-0.0011211415861214838,-0.023331667995061756,0.03454181941670703,-0.02024994165464329,-0.036445611916218035,-0.04379318114388833,-0.022093712937057697
46,-1.367128832932944,0.041171872183378255,0.33618642162167856,-0.21796639420348907,-0.06293357440113939,0.029175421461672735,-0.1695431190465847,-0.045252287733568375,-0.02905980654800469,-0.00572400144611411,-0.05495794157582001,0.047659348006325375,-0.06082507861035735,0.019518032565983376,-0.018274494033138647,0.03231895712018429,-0.019497041800306453,-0.03607082178251375,-0.035787491991227216,-0.03365895186402322
47,-1.3458028303132306,0.16730098488971912,0.16318175151004244,-0.1894660253279774,-0.02570458827112424,0.11683721973645389,-0.05379448749583843,-0.08271548048231991,-0.013855401263026007,-0.02012123222028943,-0.09841189135137485,0.015213403704236239,-0.09217816201750749,-0.0060386854467676145,-0.06114283859239794,0.024331260467061577,0.017630842018326487,-0.019797824926189755,-0.04627411838099635,-0.0598544025942776
48,-1.6896497549001808,-0.15996367321715255,0.17160242847202856,-0.35405189782695023,-0.3098616706951858,0.06017417859405794,-0.07382553209444498,-0.05007121425523209,-0.044960468916455026,0.014279497278695319,-0.08256782875662827,0.009514382889839357,-0.08273813477451974,0.003864087261008585,-0.02084358849766399,0.044147310432302855,-0.02444173466701645,-0.043082294109033165,-0.009370515217309888,-0.029614329361708464
49,-1.4367117299884704,0.58360968480598,0.15234934101638853,-0.13271999177197724,0.039479822531176045,0.20751335718668285,-0.11754365039016562,-0.058121568517857214,-0.07857873826464076,-0.06428602335820219,-0.07493754929148988,0.04621864292261396,-0.034308594914854135,0.0032280420326447484,-0.038261995045362165,0.04374210271667861,0.028716647430174574,-0.03064513927144677,-0.04985523958043922,-0.058596611912802826
50,-1.6102045400242355,0.16061001092586125,0.17571892243119258,-0.25487015806295066,-0.13045149406893292,0.1898229025856618,-0.05856408483513703,-0.05942634584079276,-0.11802387263154882,-0.004638684485830158,-0.01650235170761888,0.043612680374106594,-0.03851571267248885,-0.0032300425146233047,0.006969958525246428,0.050319632299276856,-0.03163036633591196,-0.006504780010619021,-0.008768440347629192,-0.012725294601168585
51,-1.5587954367689347,-0.13311646465733595,0.19331364601398082,-0.22940799825248348,-0.078314943044305,0.01800752964533281,-0.11820195429413755,-0.07527783770736685,-0.02229360278487949,-0.0017576803233930322,-0.11481841341319632,-0.021672774844665288,-0.08176636333799084,0.031915733144080555,-0.050106298339892996,0.04449234866549681,0.009949392208652375,-0.008097487100859224,-0.013234762359258578,-0.05324063090745984
52,-1.6756219506489574,0.19497953867134044,0.167477409410961,-0.3431546224768356,-0.22270517000167872,0.1718510949305455,-0.052831927485664676,-0.035781235868856176,-0.11643490911150231,0.008385168357479059,-0.010487470382570419,0.04750195468868762,-0.034169206830051785,0.015391245617109618,0.02356449203173505,0.006787133600439033,-0.03426341909078365,-0.031635955506850194,-0.020578377303460016,-0.004133313122271776
53,-1.4121496812134504,-0.1620685691919732,0.294757672278009,-0.2274181141713174,-0.06366325920304443,0.10407138834797469,-0.10017054507234047,-0.04403288499648872,-0.08009964271821032,-0.014824966959561703,-0.007514431807922994,0.051265290137472885,0.010955478735377139,0.018146293735328584,0.02480560005387117,0.030115293464174964,-0.011989699648681879,-0.020039132797597253,-0.029583865660772535,-0.01832281090473918
54,-1.4609727818759541,0.3886195980296723,0.09603274527600725,-0.23040786186246187,-0.07260858736041097,0.18841867946133029,-0.09190185637964876,-0.07882858506812485,-0.09964102743982975,-0.020517312519497594,-0.08218183952706476,0.027698775819184895,-0.08495272451098998,-0.004530568404253407,-0.008604865469154732,0.053117410842991264,-0.011010855410763104,-0.04207028872914159,-0.01476053739392022,-0.015917159813625972
55,-1.1462467744830196,-0.3363115561282193,0.42702408326268415,-0.10175262717529732,0.12077712696601678,0.06575888103330296,-0.11600918928735632,-0.035430213382446896,0.03138775766832955,-0.04895077291235468,-0.04813492122965457,0.021562599839963448,-0.08256360331900198,0.009072314522310693,-0.07865281091550033,-0.047121330090993785,0.03396217796348888,-0.0015446015825559822,-0.00928070437346401,-0.06907804112545463
56,-1.2046252883251247,-0.9892804193774403,0.21716252539010128,-0.07668005638162301,0.00917410032862162,0.12147787531797405,-0.07095410458971524,0.038766650661226754,-0.047275866893124324,-0.013960076520306453,-0.032253433625683,-0.00911992376652615,-0.03507833527554796,0.03415518747178793,-0.028919497851543408,-0.07931104310747372,0.00044018202749426805,0.01672216133056359,-0.017664436019084823,-0.034613039908966026
57,-1.6129914854759297,0.015363372370250872,0.27506308912552413,-0.2804946168823079,-0.10774811808530357,0.04878860854216971,-0.11763736105051659,-0.0193394714968933,-0.051866257366143226,-0.014789824554499897,-0.042144782994373076,-0.020831053496201013,-0.05904646937085109,0.014075332613765021,-0.031812833179265726,-0.01946682622661075,-0.0025992753094497556,0.02482453352286154,-0.0152441922972196,-0.029144885233015394
58,-1.4454195600609854,0.34151243632540407,0.07884649005129152,-0.12707804425514624,0.015404422106002513,0.11507495194799655,-0.07833986040573065,-0.08013065561391541,-0.010734773083958093,-0.005088623834646658,-0.12389296772640981,0.02190266616892267,-0.10649694218624035,0.02233693185187697,-0.08240319127034614,-0.0027302932013525405,-0.002038127477371504,-0.03898627871249383,-0.04130338879942444,-0.06169527754717483
59,-0.772794384202836,0.9408531666306459,-0.7955933592146733,0.42964801227825555,0.2346043113804539,0.33299100955333183,0.00037397661083576894,-0.05867252536708101,0.10129760748188807,-0.09021292342052825,0.02061103304569617,0.08745040808964422,-0.0029925884004165793,-0.01812551970702135,0.013470364205188101,-0.0029187412104650923,-0.0022961323960954128,-0.03469068040420106,-0.02132398069562602,-0.04595593485046989
60,-0.8002082344624073,0.42978237410502196,-1.562655147512129,0.2724447210267318,-0.09410978343967519,0.13197771330011543,0.12019002953897365,0.023766058704298654,0.04296952350589084,-0.02273983850353775,0.016480353416373994,0.0017083426184464345,-0.005635877351782587,-0.015036468730854152,0.002113184046722727,0.010067068298853732,-0.005714567927057643,-0.024615688660031,-0.00416225420177882,-0.017459355163159135
61,-0.835126433857476,0.4467459320767322,-1.5518912552507365,0.23304542156023889,-0.15067860708915942,0.07293610959192787,0.08319899922979024,0.02485087817130527,0.04997863972960642,-0.025780457848301977,0.02216448801709303,0.008038597353245636,0.00018054398586495046,-0.01556273566184043,0.0060104090133071,0.009691857351730754,-0.006698244639328124,-0.023589324736810663,-0.009866652705052326,-0.019585797578779846
62,-0.3267774456682879,0.2526159454900725,-2.157055739840269,0.3835870890664044,-0.2553961860537234,0.06519422354544213,0.18198226026082995,0.03101369614164201,0.01098877627086181,0.009280144403200803,-0.008136278611049708,0.0008220982465516613,-0.030370396512663128,-0.034529828957311576,0.016161292629294333,-0.006779856811087143,-0.0034298289307115454,-0.04689090930956838,0.02668257242619501,-0.0330449380091864
63,-0.7391678562349702,0.9229674511971915,-0.8450589520524829,0.4557412981301825,0.23531190845823619,0.3385165392387308,0.009441711448848644,-0.05693245263618252,0.10395671778596438,-0.09082672242369177,0.01886088486268933,0.08554183923458308,-0.004662204668635789,-0.017108625219541103,0.0130380291454599,-0.0006456833352770919,-0.004083859000523896,-0.03987074748205413,-0.020309022239192925,-0.041516130208825774
64,-0.5376129048859379,0.6250808064429183,-1.6022085300464548,0.5357838579550283,0.14610567410221215,0.24822830415635,0.06733369709740356,-0.021915977929003516,0.06895299116841636,-0.0580553902508848,-0.008538684556960885,0.056991102841325414,-0.024094414231258465,-0.012803855325619246,0.0024732722707056787,-0.00411556348822778,-0.00404982325256896,-0.039584876903000304,-0.00042944088213889287,-0.043938315450578205
65,-0.4257805876097107,0.210329630471211,-2.2109973056504924,0.43753604311627026,-0.1478669901871142,0.09835751207910315,0.19169953651242655,0.03767280612469359,0.045193286956997064,0.0011128986530950374,-0.005382765942523016,-0.0006789431785709787,-0.021805002316986066,-0.020637175752552354,-0.0005274312908704337,-0.004917782508133961,-0.004811832115390935,-0.037857608160777045,0.016773014054036584,-0.02637611362477993
66,-0.7207566769467624,0.6016010204520583,-1.469393136463967,0.43030837903355046,0.14869468198909833,0.2564271386813608,0.08273761125530821,0.003538140901424347,0.019441551520529454,-0.04221975695145384,-0.013966454397134898,0.015573363631252224,-0.02141031531765933,-0.0031778371406833393,-0.005931044874745106,0.01470551297883066,-0.007764458189192969,-0.023984304676296475,-0.0002618009557876777,-0.024114873988309388
67,-0.4237471332058611,0.26970904656444894,-2.1430457080149177,0.4325911980452868,-0.13557884281433652,0.0714550412646251,0.1750546918989273,0.04295466748664295,0.049696382130520106,-0.0011652458263180718,0.0053315755605370385,0.002985507279796684,-0.019697654340555815,-0.020386369831711094,0.0012814079352800045,-0.001417660248890562,-0.006254081537509407,-0.04024084262535094,0.0122552879523391,-0.024518370340497433
68,-0.27621214048395615,0.24713724098994483,-2.3506426910622134,0.508392355248686,-0.1515234753559569,0.04653580141257396,0.1607383438799426,0.03633210805834114,0.06394357092948094,-0.00739726619215237,-0.0069231531846367655,0.012969915605064553,-0.027652068201266172,-0.024289335332977925,-0.00248857135340691,-0.005369034909279036,-0.009008185293710488,-0.04992123758528724,0.016691795896896705,-0.03425981222285657
69,-0.4253453699911942,0.2041625691571589,-2.171723908093165,0.4185967594844642,-0.13481048704287218,0.08801463960968336,0.20281845357120987,0.05426989427960843,0.053711404071658836,-0.005507632672455291,0.0035351010910803504,-0.023075238076589455,-0.013795194347915513,-0.019248437681805435,-0.005461382547971877,0.015718863563325136,-0.01038967148792247,-0.03754487941911952,0.013284214395656774,-0.015102725905054779
70,-0.5674308538207642,0.2247531058393335,-2.0380276844720724,0.3852739540448775,-0.10922651037929754,0.15007753814632374,0.20765692331871813,0.0416664577502312,0.028894250237315677,0.0024936709973130203,0.005875226866635885,-0.01204479355637672,-0.01375142066286153,-0.016626975586018514,0.0038538784979997853,0.001047271486195711,-0.004130728583396498,-0.029767964983830664,0.013485054876943514,-0.01840292785069325
71,-0.22991840643230166,0.733722067611204,-1.6302019702663566,0.5826856301302397,0.10457644259354748,0.1273255553255883,0.043286809188860964,0.005952333991573577,0.1250618974924837,-0.048330248212675106,0.006436071735324733,0.02447182666947706,-0.016781356978215867,-0.01845581306079139,0.00017013054834624786,0.01787832987036375,-0.022490209120164778,-0.051468225941004656,-0.00986224764716323,-0.037283872619828295
72,-0.8293260625534558,0.41954191770171256,-1.7136962887397504,0.27382997824968847,-0.10366587488972633,0.07806201147509373,0.09132135356077747,0.03487765695404488,0.023913748710182064,-0.007254800459033983,0.020697128282038568,0.00441995020322139,-0.0031056499270009086,-0.01029372317478748,0.01427588288239362,-0.006002019972997263,-0.0011322849314957528,-0.015953883216914932,-0.002732894988149326,-0.020153810303066177
73,-0.9834833974516446,-0.1090102140609428,0.7911536102949421,-0.12400951285972006,0.23605958522666104,-0.0819891652786735,-0.017627728629167727,0.07199881292113341,0.06538621567385111,-0.0610342880568273,-0.005108070478336668,0.02931156302592436,0.004356084256314896,0.02111759159213515,-0.06332335931788756,0.02760513140968024,0.04880533019110775,0.043179083084679215,0.0008672185281778377,0.007875719027051753
74,-1.7316634243353546,0.13356415556965295,-0.20469787516031257,-0.4514865885967305,-0.5195866510503141,0.05657600382047345,0.08966993363784037,-0.13652812291594485,0.02401944103580267,0.011045498735942932,-0.10758448565503678,0.012247765843465819,-0.057520105386669906,-0.049255074625177794,-0.08936688662234453,0.13658853272634375,-0.033517166121020875,-0.05066929575452511,-0.02383399777102041,-0.0026308276153167026
75,-1.7009573628089916,0.27917209384193065,-0.27817239221511336,-0.3262316888673946,-0.3989978874922853,0.20068863993823305,0.12663914241581953,-0.14241166295998953,-0.007757496376310263,0.018052208192332025,-0.1690458423791145,-0.03559248433343121,-0.08184011806734373,-0.014788390191879164,-0.09237580402188067,0.05326278027039055,-0.015623228604039849,-0.07542524037892809,0.004463041233584819,-0.028934178859852763
76,-1.7547095327304003,-0.18718666046167343,-0.06458848813235551,-0.42734755810655,-0.41793802937989794,0.06971525826367742,0.05598823978191675,-0.08485946820074286,-0.012986915907632318,0.03131660843451241,-0.09641239730553974,-0.01526204330575276,-0.053536824927877924,-0.04007120155051836,-0.038242687174032564,0.07545037075880012,0.019473112693825095,-0.0006126120346617581,-0.06718989778536183,0.004233976797308803
77,-1.7576867119085051,0.18187221962321054,-0.04199580595724406,-0.3792507348397445,-0.36683342443996425,0.2229831206856786,0.06493258293896659,-0.13601057874026645,-0.00873937602807709,0.031062301613346464,-0.13378568341700292,0.020622045615743545,-0.09472686760583071,-0.018786717607107546,-0.015209085141218187,0.05278612493986892,0.006075138399751434,-0.051883364397152715,-0.043615456684226284,-0.016277927514095417
78,-1.8868647041102582,-0.24543400944259375,0.08664273768818553,-0.5947133871992936,-0.6059163949834548,-0.04293345687752648,0.043255431387159704,-0.0751443418405896,0.019476731620586996,0.009318588329506307,-0.0510018185526549,-0.044654098762043626,-0.0022482922608629274,-0.028449768862208978,-0.01213234549221276,0.001750378113250628,-0.01476942023302212,-0.030376717076049053,0.015234645923044299,0.03335186424713202
79,-1.6928093206526693,0.5222212505482542,-0.30009589564025596,-0.19783515309678323,-0.18440243615818633,0.29745133777391786,0.02159288665413084,-0.12161153747930153,-0.048922659566675936,0.002218088633770099,-0.1574810131413683,0.0024023059721640094,-0.09026341127889849,-0.028810319776289513,-0.04200214187519083,0.03929474650386272,0.0010620110741930977,-0.0676031891187451,-0.031058089007788003,-0.031567498224855106
80,-1.5997584588075124,0.588254765592426,-0.41128182602476926,-0.04794095579134794,-0.02440816180015784,0.4314465582457361,0.062389300488981336,-0.10909910378324283,-0.10682315355850061,0.017883477558713078,-0.07634202698305981,0.04923704582651156,-0.02218858502108459,-0.0020290184062136535,-0.005628487221272155,-0.010536810130820085,-0.03356787015985141,-0.030740741867779087,0.007904859181828233,-0.007385841137021634
81,-1.435860379723822,0.776883677269046,-0.45663762932047813,0.0973551208937713,0.15120148917072596,0.4192390258768881,-0.011524643254609002,-0.11121686019683064,-0.11865802045297516,-0.04052669207466203,-0.09770448498864906,0.022720748429885973,-0.06395226195603154,-0.041711695656436364,-0.02186612184601998,0.04610929633848704,-0.021282169540435963,-0.025424058240941988,-0.018446660583840424,-0.002444500821109835
82,-1.4414702497195302,0.7197239968875984,-0.45477169575040666,0.10079426960136528,0.1442392099980548,0.4467254199767756,0.02970310148139943,-0.10757670186141521,-0.11393459645235779,-0.02940622493549286,-0.06700252664654488,0.04891955786111751,-0.023056972778767337,-0.03287557823782667,-0.01402122810691149,0.01158417720271182,-0.02080155725019081,-0.02974379505995714,0.00538928951562051,-0.004569018368335842
83,-1.6909386702571316,0.7134575280655255,-0.18425248451646503,-0.06271749053561271,0.06307785945363159,0.5149384658427008,0.11507602886569873,-0.0462354239989371,-0.14766194326785723,0.014802477717742797,0.027831081969097782,0.04987437916746007,0.03409577005326783,-0.02887143400706598,0.04191370703928338,-0.013827247675337467,-0.027832673051158302,0.011188000768092121,-0.02258507924578393,0.03085426146913775
84,-1.5784652734006759,0.6210707632369488,-0.44097289754463276,0.021504920492613433,0.06631436870327126,0.5142089159439063,0.0951997914178464,-0.048615641457272485,-0.17158229800193095,0.014970133498271865,-0.020509525404520834,0.024295282580980626,0.006789706244339555,-0.014793651295136725,0.04271502633039384,-0.00673770726088424,-0.03099263335946327,-0.040396385904981236,0.00013026563265122748,0.01892619413337024
85,-0.7609622143371837,0.3419383851668343,-1.9155276661497478,0.2774528300734822,-0.19226354595458245,0.014496488190462675,0.07640096467422258,0.03827183979479776,0.03420362577690286,-0.011416772371282358,0.015639254182885032,0.0017221314141944166,-0.006750266577572828,-0.013777369630805066,0.011468824458766402,0.0006124293854310736,-0.004633472519382953,-0.022031064125364208,-0.0031335652875160436,-0.024991132656655812
86,-2.009349652772377,0.41750462899836194,-0.0579419945767059,-0.42266671559779345,-0.38081758177888353,0.2756596711769167,0.11574889574711991,-0.02886647262085784,-0.10581509376238676,0.030299477304452975,-0.018514353520343252,-0.012396522022662726,0.01735844384950802,-0.024702938204399602,0.02899772684736604,0.02562391330312977,-0.023591536662697074,-0.02710536724642318,-0.01544122702521275,0.015268395268354218
87,-1.8849605212203207,0.40501785732552165,-0.21999106136854696,-0.3074696403418824,-0.2218912053283664,0.2943696202910526,0.09977225506277038,-0.006477399543186935,-0.1707991071920866,0.061356322021554506,0.019069041979617007,-0.022177780521929202,0.045084639542392946,-0.015427724826425317,0.046734296885312276,-0.015618759300882745,-0.05691253113580225,-0.024068642942659618,-0.02465370510506157,0.035386236704296414
88,-1.8719038098033094,0.4013124869824978,-0.10939171817989823,-0.26454125088002334,-0.22027571271594937,0.46598261687682596,0.12427379743554859,-0.04141070539878955,-0.17045515191236435,0.02557153905770322,0.016036696816891793,0.04026243948764635,0.06367241441699412,-0.017378205969365113,0.06395873082959411,-0.011087855157186438,-0.04535782990583154,-0.03248153054314734,-0.023376458333157518,0.04384637389016202
89,-1.8329068842574712,0.5404477249520827,-0.20441408237929615,-0.21592386513003525,-0.12422036935605762,0.4181264511886533,0.15156038981233813,-0.012535480871710969,-0.13319195862042857,0.04706433513628881,0.012059281285085932,-0.005205672320255428,0.03700627071026508,-0.006248114850706889,0.0426119534079511,-0.027256051320877828,-0.02446674235099687,-0.009524329534633724,-0.013856051660190827,0.030177480793362604
90,-2.0374226957090533,0.15801199589101778,0.012991225534712214,-0.48402362050376846,-0.404546989410265,0.1642734470937266,0.08765646668986043,-0.013117333145031385,-0.09086033287563891,0.049089975619845,0.03665217883160954,-0.019241261341306215,0.015236753439301115,-0.020191302491559787,0.03281249249523405,0.010666573063775053,-0.036881626547553226,-0.0005567065563705509,-0.006073141637274987,0.03145419220081186
91,-1.862838229316365,0.35213320298531237,-0.03790637691737064,-0.31311292952592096,-0.2152184164154467,0.33828967390480535,0.07650030847963779,-0.016100498403449015,-0.11802098333268626,0.024589318507460947,0.0031639719509830577,0.010273885631606472,0.005731545861592108,-0.028071358484073165,0.048062579584360526,0.04830435405910116,-0.012870725494411844,-0.017973491605555975,-0.01952627321980635,0.026276002063052167
92,-1.6836787231623536,0.7887686840863282,-0.12241598828540123,-0.10555342583348093,0.04454278892929141,0.30365888267144014,0.017487166351243255,-0.08561839968096352,-0.05926776794952396,0.009880691884624052,-0.08949196180878499,0.02163429888582502,-0.06982924618450981,-0.011557592051197628,-0.022814332576657603,0.030961033033628405,-0.015856906227345507,-0.03335355366573153,-0.01171374145581644,0.00017819104896235616
93,-1.7100122864731144,0.5439725543109066,-0.3125747962239256,-0.11806737862305017,-0.0967943625812787,0.41735343400086644,0.1053136474449547,-0.08838275367908444,-0.12842270083764382,0.009586654275225592,-0.06231344525698662,-0.015881431415225244,-0.032801541945595675,-0.008086894846845213,-0.012150335671381185,0.004822275906148671,-0.04931338805090235,-0.041687436211597984,-0.007354758773973735,0.006831607644025295
94,-0.6258247543866657,0.3267912221935809,-1.8587827270975614,0.337459316793681,-0.10838656190167768,0.1144237333671363,0.14446584443475827,0.022802188710906723,0.04523033430727161,-0.01792718541583195,-0.003962185543930963,-0.010107810890198077,-0.014251173380961157,-0.014288703140510915,-0.012566685501983949,0.020105457533919263,-0.015325336561536174,-0.03164231727107142,0.00218641985861609,-0.025237928245053165
95,-0.5424579969132299,0.31423990142066494,-2.027801871221104,0.38042571644692336,-0.17651347596560413,0.05893305552967909,0.10170591506210303,0.027709255035475833,0.0303149714175798,-0.032536838138003524,-0.002019813824613581,0.015511010479573206,-0.013732872934005963,-0.025011645715260468,-0.0006170028387865734,0.022499616088842156,-0.015959549019338173,-0.05281282508051491,0.004692355349367822,-0.02457441514837727
96,-0.5373364404019281,0.31689373883448013,-2.026966347297928,0.38089946722584767,-0.17678604793071112,0.061793183332039425,0.10236110576915952,0.0289554098230716,0.030516911599368313,-0.03194251634043094,-0.00173168550670183,0.015825865204702083,-0.014436853120268295,-0.02595317366944127,0.0011870324076549976,0.02151969677690252,-0.012365073560026724,-0.05196596924677131,0.004119907613521351,-0.027218013387422482
97,-1.7763235366611276,0.4847856543419038,-0.2343257210029126,-0.20369765676050955,-0.2195930738950539,0.39566899178642356,0.12298734659599686,-0.06535901402549504,-0.10984229716731145,0.01869042981801486,-0.043661134917193756,0.005727286163101086,0.0018162642691446074,-0.023367015852801085,0.006898617728695433,0.021861536538049703,-0.03643902647786443,-0.046476406965998,-0.0007472499003521593,0.004377676825698951
98,-0.3316566186654466,0.5254207381548817,-1.9337085951579192,0.5237758320957053,-0.008560877918595222,0.09118705313576325,0.07647952178234585,0.016075895622152392,0.08179580428779235,-0.0414077201331349,-0.00694759664681277,0.03346166655352267,-0.026358208933993488,-0.014988684068542962,-0.0073278046662692276,0.0010734542429428617,-0.00973288802570832,-0.04620765223600745,0.0005869213546257912,-0.03600137334336104
99,-0.5433585193353982,0.27915108029280944,-2.089214454799258,0.35943748565696865,-0.18750940633617708,0.010790906710086756,0.1339306191683052,0.042392901610316724,0.04415736509455967,-0.0013720726271094982,0.00043142985513844323,-0.005960780663419318,-0.021646693768892278,-0.020720974530724426,0.00029561592454938057,0.006930517790149304,-0.00937027874045332,-0.03987935127466846,0.0098579654925314,-0.024185840261727168
100,-1.7425765215989717,-0.21656088339602775,-0.09816346936229614,-0.5064300622315905,-0.553479705069233,0.029780322248813884,0.06818523989680692,-0.09902009455161054,0.004289288830504112,-0.0011759639332411809,-0.034305472919319624,-0.042748927266068715,-0.11189587098769431,-0.01772557697768737,-0.05049695281475007,0.0658720133505089,-0.08243937958474917,-0.02675414219106162,-0.01612097488013914,0.01264085313125396
101,0.05433498340148635,0.7181712072201787,-0.2682823791797402,0.49187108266245616,0.5685280874863446,-0.3913322088860277,-0.3823395271605635,0.12728968956976705,0.00902118074021907,-0.08977622466761473,-0.020167685862587048,0.022979516973679948,0.0033648651224380544,0.010111434112794693,-0.016454428682007055,0.03830371031806776,0.00365810889342405,0.0025809769911798452,0.0037667621661705564,-0.018603358465805492
102,-0.7045141958861825,0.5631105522553526,0.8588060332352789,0.04356271754570917,0.4896817582556173,0.0032234691481761724,-0.042694955853434025,0.06438331944148612,0.026127261510348138,-0.03968882777026164,-0.02919444804399085,0.001965718796749949,-0.01791103913948544,0.014038160058831017,-0.04327096359073429,0.017371225519238698,0.0167049275437193,0.02136718354166542,-0.003978037834847042,0.010131841836574756
103,-0.9858670741496702,-0.10847184087316997,0.7199492674854726,-0.07356314053205404,0.29876638969024405,0.015178472855137515,-0.0439231912147518,0.038042292724057236,-0.007529187116487729,-0.03191143335903304,-0.025778836562953322,0.034442782066174626,-0.0006180069918606812,-0.004300477095478823,-0.012819324784445113,-0.009932364504226465,0.01776588465118209,0.008023884203759213,0.010341653509561288,0.0024252869434035484
104,-1.2968878842897906,-0.6366028312925494,0.7000905558674813,-0.19832865993480908,-0.019085041522803617,-0.009479036451272016,-0.09508226444475798,0.04835021069199941,-0.02391195128487697,-0.004355119800892204,-0.0011017509345604415,-0.015127858465958544,0.006991280608134032,0.016011063332033296,0.0043408920437914555,0.0028219139903443713,0.0020731501404239183,0.015157470829286562,-0.022276177936288832,0.0008804464689352587
105,0.3993916105242139,0.8267322583544239,-0.47556096075078447,0.6087454543705613,0.6285907257433544,-0.45380952067339275,-0.39457373855227285,0.16605182996300433,0.008363938723236874,-0.08761039840002938,-0.03139787859570381,0.034064151146822486,0.015663516945387507,0.009403377929904796,-0.023516852779538827,0.03174072104285991,0.008615836781853015,-0.017738203380458728,0.018540642722903983,-0.02710186041332789
106,-1.207951930981328,-1.0418351947999351,0.8963201213671681,-0.22972998953764945,-0.18951093172199518,-0.27596895072851024,-0.2880122274415229,0.04053874663293616,0.14090827596116884,-0.092914388896499,0.046044004158736995,0.06927483307098486,0.032792675310050645,0.011322698952187266,-0.012608081495319556,0.0071748951926625115,0.049792409303786284,0.052008473305904385,-0.021993167702538924,-0.03763865918093476
107,0.7373556941373405,1.6031706463855233,0.40462109541452307,0.5115529856296983,0.874915054210618,-0.34587971478197554,-0.16746747409702056,0.13122562063860926,0.1336728051967389,-0.11486406467242233,-0.054465839928991344,0.04833454553389577,-0.0003614950990240562,-0.015160555474497094,-0.08463607016653599,0.0849194209665912,0.008557193097300742,-0.0558972361508874,0.0666925553500704,-0.004409436881226081
108,0.4161689673536948,1.2738288829597249,1.1208942966333844,0.25164076277754743,0.48948318649252176,-0.17952313456146274,-0.2038310619363719,0.027494175024610046,0.16904126924610102,-0.047346978484929636,-0.01798976856740886,0.06066316417800499,0.0018693662637077335,-0.042327064269540755,0.05276096736656685,-0.01284771497861159,-0.03879268667390581,-0.046319266065114995,0.009041694795921068,-0.031731157589433956
109,-1.0249364647451218,-0.13852079490258795,0.7839964893202414,0.02528046754391733,0.23229993336839327,0.03889905347745348,-0.19893761607835558,0.008795394584284022,0.023546804352015255,-0.043962300665398385,-0.011035165019449789,0.034233353857657245,-0.005715443562267941,0.003177517933334942,-0.008804313214946083,-0.006817658367722634,0.006567761706754882,0.011423364993616708,-0.030578783720612013,-0.02171622636376344
110,-0.8029073661955337,0.6882975542423839,0.7475911212660797,-0.20366728270403156,0.14881947584671734,-0.2214853475363489,0.049469371775743176,0.08067251416101828,0.09812476854081018,0.015788679670295097,0.016984405138977976,-0.04577409781754166,0.026849605967813966,0.004981545604402109,-0.0014403441252566207,0.011224527662317074,0.006006769955436586,0.02632768665312088,0.01842004743943479,0.04642271647014129
111,-0.7642495537033733,0.7872657012242588,0.7454927094916766,0.07370236421025211,0.1862843993080557,-0.0919279667938645,-0.1352485293217765,-0.01021260993915879,0.18768812941647378,0.05063054701050812,0.053605559827258786,-0.05249574668367113,0.003838319892814107,-0.031121152874386698,0.041362544266972306,-0.00021841311129955354,-0.038889688968436836,-0.004046439382186323,-0.007379196196354215,-0.0044242793417057225
112,0.11268090598397151,1.4178652748155862,1.152072231998627,0.09495362457450085,0.24900886699725855,-0.1356856888862482,0.052300167316212065,0.07359835728874009,0.21195288830461637,0.08755656416795177,0.05028055176956381,-0.10271081428110018,0.010795745972066867,-0.024008382255673186,0.045527169825108404,-0.008351766091418134,-0.0496043675136328,-0.012424007178398422,0.014083746324246638,0.012655382523202807
113,0.1644740923699075,1.349247987257094,1.24456969151578,0.15909418818893162,0.2181191287923493,-0.1824236831109236,-0.04101013619172905,0.05894867353105798,0.22716725999971338,0.07521366719495015,0.05287423680823922,-0.10238029565784185,0.025681056802219826,-0.02254960755229893,0.0676178388811253,0.00864727873745083,-0.06152286502348295,-0.0340080875542666,0.0067621269735374245,0.019228934210728715
114,0.11868091614035947,1.4654551667523865,1.2614228275268813,0.08452319841291178,0.3237712541484071,-0.19334838648809638,0.10692561093893976,0.06681407596629074,0.26479298963665604,0.06984135833317984,0.05879141072363975,-0.11440385911094997,0.023689224806522968,-0.028899757320457766,0.020575299011727777,0.02742107490457321,-0.044074940942612856,-0.01177838120157304,0.03650600803757062,0.025199690339695185
115,-0.2470723037843623,1.5318758833723187,0.88227396125263,0.05650811938416789,0.5794263570334814,-0.09609687995812666,0.136581202856917,0.09155126239765543,0.11184886168080652,-0.010683918874363152,0.008058004792071527,-0.02253140304696294,-0.0022778782652813356,0.01046403679535679,-0.02234210731674681,0.012345134117397488,-0.0013049127975859054,0.011388211999962122,0.030105328795908576,0.04242638590870909
116,-0.8033172197972869,0.5929436427335624,0.5124179252333549,-0.13728338646797855,0.24578916746293772,-0.12305500126294677,0.03357141354578719,0.03854519541042978,0.03321918649093922,-0.01283898033980177,-0.028405794491085656,0.01268741122435224,0.011031151590630228,0.009486967527764567,-0.02699208238897219,-0.0010820095390248197,0.019592770754468164,0.02618870009976504,-0.00372418846113734,0.0424543358095425
117,-1.3353413740809463,0.5729715552776753,0.36230566312623136,-0.30660826220272774,0.08680837438502972,0.027617112365907803,-0.009374967245125987,0.002226661023563503,-0.017358898507330717,-0.013376800181379211,-0.010628182708738665,0.0042162021382260995,-0.0081549769966959,0.030125225902709524,-0.05577390491258724,0.01441815860679091,0.011427580408679888,0.020097693992033178,-0.004687946369052898,0.013316037280478532
118,0.43106234289247425,1.1262362966977015,1.0176138915982937,0.12037679391650791,0.2937677775232459,-0.1931034108345543,0.08844680962544138,-0.10172036833965303,0.2036695243703253,0.07033247527974634,0.03489139963281951,-0.09615222182942607,-0.057431985677353414,0.013462932618903467,0.07147471989311405,-0.01026577331920464,0.03390248426725373,-0.04819259492587641,-0.048381242850398215,0.046754440052428514
119,-1.442560879553012,0.14293345961245585,0.4577030852788315,-0.39689133284060985,-0.17199335340791755,-0.1904571992481207,-0.0488466458624221,0.032591163650613875,0.04268792449118072,-0.030073535856778452,0.033293263951491014,0.007755515264514734,0.027344227021679435,0.008334831471746774,-0.037342855505549,0.026296481676191724,0.039465526647109866,0.02910598880685128,0.015692982712464665,0.019075499141881058
120,-0.06953034190823981,1.1660416494402739,0.9151551956597537,0.0820126975302582,0.30991562751202867,-0.24606685352310143,-0.030054343481123624,0.0904207892364785,0.1617876068239562,0.05548345364814,0.031749894110472576,-0.0952267623028577,-0.0015735422496780394,-0.014148765164987743,0.023104810186303393,0.025372016592493274,-0.02630341210264986,-0.018795292910443823,0.010660482203017352,0.015309420516074368
121,-1.2331750840041158,0.45964290594899637,0.3063122724390448,-0.2930732732589765,-0.01827824689671957,-0.07627066362710111,-0.027533441484843102,-0.00016314564409325438,0.019823932735646727,0.051095347242345324,0.03097212494222218,-0.03266374427858976,0.0036041255766918745,0.009796703228856299,0.0018527199301826003,-0.017365152754604124,-0.010693096955073117,0.0078356140923731,0.009114759451358617,0.014648096718766573
122,-0.9870664885128484,0.9307722521265731,0.29766963880609865,-0.1225736651642233,0.30068446275010596,-0.018791159176766437,0.050699816119896324,0.05138288950491943,-0.017535538464154704,0.03697484840509668,0.0012417954703727307,-0.005360106137873355,-0.019331682989670473,0.02459155660532837,-0.03743067572662784,-0.021288278114449638,0.024374623674003587,0.01935857264824334,0.006950147609225771,0.029246853583354604
123,0.8925339185225365,1.7925952259009126,1.5070088840824845,0.538830629108423,0.18751021135767948,-0.13212526334617292,-0.19866894873479923,-0.03201983842635053,0.3649092265504832,0.15893010705075827,0.07768412207627706,-0.1501461405476947,0.035411073432629725,-0.07747314539318549,0.13140712997713166,0.007145064510008514,-0.11933208297992538,-0.06427594743811063,-0.011595225408326248,-0.023713469402698806
124,-1.3924802597325554,0.37182157453188225,0.32948560625163736,-0.33649182872450245,0.03474462443231777,0.03329379337395999,-0.00362528483970348,-0.031893967756316866,-0.022669220409858054,0.007986369968283488,0.004063020090399827,0.009745385573099674,-0.011219655641688753,0.03189344151015008,-0.028735032858910173,0.02345559716399334,0.014088919746640338,0.014705501639818014,-0.0012734428232344108,0.003456069365962572
125,-0.6938096122612363,0.7399305293068874,0.8682022361936861,-0.16627461338464533,0.0886856560560319,-0.214654528035924,0.04967010603031913,0.07867475005268887,0.13874613322402568,0.02542896530122135,0.044098345650801896,-0.07882326256839578,0.02065981501700906,0.0014130580600793183,0.0026043596163531635,0.015680441563644815,-0.017752323530306105,0.00938966357118265,0.007767168627235116,0.0277896897466684
126,-0.8956641222077462,1.0060706638414985,-0.25437950635102435,0.08803796327673741,0.36894529906728274,0.15851612410127125,0.24467838232392192,0.0830577900429012,-0.026752799153306833,0.0007444128587092147,-0.010388739764137844,-0.022241105558244434,-0.007183176052238172,0.02731301059385783,-0.08828477792117209,0.0020298499906829526,0.04357788040868735,0.03635206163193613,0.039479749760622546,0.04269977495116206
127,-0.02480494305880665,1.2343699428397787,1.1028044330873987,0.04171339830247689,0.15273473242614344,-0.16692452148840164,-0.005241148877016655,0.047512535724556826,0.19207029150850405,0.07421891303785005,0.018481447253486827,-0.10058925689040893,0.00763663619584512,-0.020903482892703825,0.05702604036313075,-0.006348121019966985,-0.05779691950311873,-0.017745330303781948,0.013866878414455691,0.021052857602075176
128,-0.8727680122626964,0.7413682808231385,0.5248724742510449,-0.08604157308908977,0.23121974464615241,-0.14432404386869124,-0.06945094066194119,-0.05184017344359315,0.024902927261084146,-0.04389343545511429,0.053221288458931815,0.008628383437181975,-0.047165911629407836,0.04335049190266746,-0.01789526235198305,0.008367225631115055,0.023294692902729702,-0.020660863667893492,-0.010430776678527182,0.0016801938878328593
129,-0.5856523223578343,0.6280194025194596,0.45478147440489547,-0.06813712365084212,0.21367285427649912,-0.07481430655260124,-0.017449737172106294,-0.09114244453395226,0.07199998650324338,-0.008395412477335162,0.03080209055226485,-0.0016260105891338084,0.031179418417762422,0.03147724698140221,-0.03383901005318064,0.05223129021673878,-0.054622584177452485,0.011337316903225647,0.021916843863205027,0.026767131195583216
130,-0.6660567466616882,1.1223596374100708,0.32534632162401333,-0.18397989648735757,0.36701576529982405,-0.06510096293181955,0.17509861408235367,0.03627971688209708,-0.015573641153003775,0.019286154828368846,-0.016477233365996213,-0.03603816104191904,-0.020041722702271725,0.033564483931696684,0.00027978592386748713,0.0118285595597932,0.022830817427149014,0.04035214305141077,0.034100856445109545,0.11618893328864016
131,-0.767497049767111,0.3549211895526625,0.23545676698387208,-0.26032578844597065,0.0694174490624174,-0.11830527738044028,-0.037250976320571616,-0.07238528854832726,0.007329726398229236,-0.007744707318132593,0.09602446289007649,-0.003884028614015822,0.07527336121754041,0.06219605146988241,0.009920927414605873,0.00041383342259579403,0.02720728835200964,-0.012854794033305028,-0.027417645858749423,0.049539616386856666
132,-0.2974105296142886,1.0947976016697396,0.9158145249822773,-0.05362773824563849,0.3994313943614325,-0.13169370163753424,0.1429807309886617,0.08353526234740105,0.10708520234603267,-0.03283633945611977,0.011356882808755853,-0.025987782262009096,0.01783955887898528,-0.007241561454526875,0.019805259285418625,0.015486748581090226,-0.010954373887184565,0.03536164237699077,0.013752758217749822,0.027499099058349408
133,-0.019768187518083735,1.3964472999325928,1.0586393619044827,-0.03469471654782419,0.4542194152612006,-0.18705800670350115,0.20927250629130478,0.10935467233861118,0.15282782468075995,-0.024789876442658343,-0.0016398914868053227,-0.06098630356561979,0.029918904183485556,-0.0106350684600195,0.03562575473108359,-0.0015017218736699534,-0.0075919876190010255,0.009106806281964197,0.024996901181351477,0.04913945550185367
134,-0.2758860577750264,1.1587446781316295,0.9377333855168679,-0.024452449060607062,0.335782185062842,-0.23587385983363784,0.01233630341025349,0.0938841002157999,0.1294178554603635,0.02571093670293073,0.006806335821267551,-0.07377083967082909,0.009357460375391619,-0.01376650230636444,-0.000359443412532523,0.01638224834366625,-0.03806625621597633,0.010922127249960972,0.014959359149395807,0.02620254756421181
135,-1.404568894684111,-0.003484429831470237,0.469600641364611,-0.4253834558697869,-0.22899772706260588,-0.04773015643796086,0.024640383480744266,-0.01828921429429098,0.0686631531330111,0.040379834826482316,0.049117388293197506,-0.05668634077356227,0.025240691540516835,0.005894532659501614,0.03432439686307165,-0.0007600802401898921,-0.021999898933954765,0.01066779322147171,-0.0026971852050663714,0.024013494232477894
136,-0.6858537735005932,0.6166145471988429,0.8459214267655648,0.10332839639166469,0.14863439412298912,-0.14840159713303297,-0.2476598439409845,-0.019152442538266534,0.21164508598186213,0.044743160401685966,0.07748381474805605,-0.06853542898227127,0.03104913848499699,-0.02989142123354847,0.06388634807274846,0.01084422566613738,-0.05845269962013652,-0.004914034137615375,-0.01742364773272767,-0.021232881755509872
137,-0.9151297286312463,0.8840228326799995,-0.49062500118948904,0.046844180285023906,0.28459687200978756,0.11984247630302292,0.24425582956704173,0.09555407204376654,-0.05210489758175388,0.0028279578205778894,-0.008264012090487993,-0.0294737146143233,-0.003973136725302473,0.024706123918884708,-0.08584408472571248,0.01651510696887276,0.04208132062539946,0.0359359879329926,0.03832994632095063,0.04662328634602908
138,-0.8154612758510158,0.7981565244957025,-0.7162252385905443,0.07350583331576876,0.22816214724425243,0.09804952997159821,0.2525167964186989,0.10971377562191542,-0.03621276729383535,0.0017996858142060451,-0.006527730701358092,-0.045574395625372355,-0.004617449567088094,0.02943323744257259,-0.0878709792738932,0.02016377327469085,0.040509369832428754,0.03864439997420463,0.0358379690119916,0.049074226852580644
139,-0.5624849939222054,1.011490119083751,0.6559528565462811,0.020010248562035926,0.2767375426628673,-0.18351534364626387,-0.015514800780992655,0.038124756225940915,0.1441165458388356,0.06308254461556911,0.013627177026365622,-0.05538539867999892,-0.004212989896993702,-0.015947184014342156,0.011703502162755619,-0.011075104433204641,-0.039411989889909266,-0.004548981174078481,-0.009997586442474587,0.005791441754412041
140,-1.3334089901327983,1.0792933787035608,0.310748212974441,-0.11499465532779407,0.3837755444887887,0.26580475262260483,0.2232975742300844,0.07652874469382964,-0.06657724112415445,-0.00840177540152151,0.006144888724400055,-0.029610661534765048,0.014591622130573911,0.04305360716901485,-0.07744081903363711,0.004580154332372327,0.041019565222348675,0.06263003630852904,0.014614154772573468,0.06546214150178103
141,-1.1002698278983765,0.31670990168573354,0.4125645450731117,-0.05779542991890718,0.41454781186562684,0.3084414984461473,0.25366550286955025,0.0749391827943745,-0.053193293034076966,-0.013177603518456524,-0.01618368970087769,-0.025559762194436453,0.0017815342086978103,0.02889279098731716,-0.07236861770667896,0.006812995861658039,0.04176096476604818,0.04955063038301788,0.03694060422742754,0.04905094937711296
142,-0.8737394081985794,0.4144487984699907,0.743490999740267,-0.17131790068175823,-0.021227604155060857,-0.17605564807120272,-0.03280173422463206,0.02857663667837118,0.12830874078406668,0.015646899994964797,0.0644816523871854,-0.0694351211070155,0.009776459363590867,-0.006707634314739634,0.032888482596364566,0.0279437247453328,-0.017161417457310535,0.021097969510798148,0.012931000494100703,0.003698037085125061
143,-1.377398901295111,0.2111104896181537,0.3534404995574558,-0.32786669120471723,-0.0549346892033729,-0.09883765864011163,-0.0911173003777741,0.013395299049556275,-0.027551306184733254,0.0015255744857863435,1.9878379979298977e-05,-0.007033437171365564,0.0052062469163496605,0.01629268959813735,-0.0060350882177318405,-0.0005633984051991447,-0.017457655784332782,0.003997869728943948,-0.019617344860517916,0.028580169484250906
144,0.25807433871787744,-0.05471681974193743,-2.182744574271884,0.34545813402187875,0.21847346787146243,-0.2687510806747935,-0.46455313677375665,0.09205150978605026,-0.36525455277004226,-0.03248978205555987,0.013687205882604914,-0.06855827361472266,0.06018099508242597,-0.00013803822763207296,0.04319403639263486,0.015134633218538945,-0.0842914079070572,0.0021405238055353937,-0.027445870633689223,-0.012711535860406353
145,-0.15193598752573756,1.1046194733108816,-0.35922311710505017,0.05024433422624508,0.5756228058268864,-0.18192939937001212,-0.07570133108117683,0.15751093349767165,-0.10816839294858185,-0.0017157592515180953,-0.03436468966161543,0.00742344373629783,-0.03750007040217013,0.030328414414846697,-0.0671130542067758,-0.008428634305860522,0.012250919539641608,0.0011045616330904173,0.00812043650374411,0.006588119424673272
146,-0.7454697485015673,0.6862229633394392,-0.7273865377132909,-0.1452426071719457,0.20390200696228467,-0.07357245284347602,-0.048796986486187355,0.10526705502539102,-0.18861246586864364,0.057942507763325934,-0.00677953269971876,-0.030324539518010896,-0.013410853174748133,-0.000486169216255352,-0.03496753392734295,0.000990915106245216,-0.006481667897502402,0.005986892810409178,0.018974971413691366,0.026523215697451696
147,-0.8960673443528888,0.6168731979878341,-0.6227666477838829,-0.11704356483686862,0.12013733770975776,-0.07592014215935516,-0.024623560212326034,0.1122459156260287,-0.17366040574082373,0.06872173713844279,-0.034072059246699093,-0.039419130741940034,-0.021655572856359384,0.000915851980940019,-0.027169133674273926,0.006565772836671396,0.010919239897825228,-0.0038351282579677792,-0.0005269937765151889,0.02228056433720882
148,-0.8638883529965407,0.5922644284942535,-0.5709878580914944,-0.2856508993743718,0.13855249695411787,-0.049880929280332165,-0.05140396390986052,0.09387305837878063,-0.17360464500129738,0.052516271545208076,-0.0014926775771172962,-0.04189463992101272,0.006760701314365458,0.006934491354044579,-0.022444585669411238,0.005942114897486139,0.014283196471166909,0.007928178657693297,0.000890711418899931,0.028097705934624684
149,-0.5347855788823868,0.7046290142769589,-0.13589447495970663,-0.07577178407677954,0.3043807133455362,-0.2235410303445135,-0.16336346832999882,0.09255699899420372,-0.05064123572442106,0.04832752388624381,-0.02296572884882797,-0.04169066050458997,-0.01611539746001106,-0.00013795805051988047,-0.030776584565676487,0.020074229061698146,-0.007503957715717657,0.00888200842591133,0.006220595366906917,0.0004352030812279223
150,-0.521241942376883,0.8335232316127268,-0.13915261821308889,0.00863050028955925,0.3418435239555546,-0.2147640042808326,-0.13042299180182998,0.10615605624959468,-0.04306941714243187,0.04187649674701674,-0.03244345643990065,-0.05771302494293207,-0.025486016250477445,0.0009459767407713204,-0.03683847637417682,0.028060653181255585,-0.004228702141413049,0.012302984151456753,0.02049474056438394,0.00851705911467393
151,-0.3554613285601267,0.8738070897566708,-0.02487839483910914,0.019559455149275706,0.36817681717257233,-0.2542402898397647,-0.15137742272170607,0.10075616690836053,-0.012436013512036742,0.04941012127520483,-0.029093357690458288,-0.05882487509523343,-0.02061753441980904,-0.005507693117739361,-0.0254911225393107,0.029479859630787197,-0.018676171880656317,0.005648478420653885,0.021574911260061558,0.013363826410129814
152,-0.5389492797220186,1.1541682713263537,0.27753319287339817,-0.0402814342898834,0.409188319077158,-0.14066604576096187,0.09958873416690517,0.14702787745746893,-0.04112140266222389,0.017965548845931906,-0.03249956030119505,-0.05311579334238903,-0.013431694696099838,0.019927079519443253,-0.06236082341445018,0.013227863845393428,0.018536890806799267,0.02901755273043269,0.026805129287889223,0.04603053810871133
153,-0.37368955283260963,1.0030218931191577,0.3796778840121693,-0.00907324631099593,0.2827397265552166,-0.2697231811713232,-0.07208515206398863,0.12324984793540478,0.127301674784295,0.04489273210348965,-0.00018858534116722447,-0.06790284212502534,-0.015211192400624046,-0.03547271320953816,-0.029535878069538057,0.02899774696541857,-0.045108202550833726,-0.025001007829894367,-0.0025222427238302536,-0.0015466967472920201
154,0.4756433154810171,1.3114971529651989,-0.8943269921122612,0.487479545534526,0.7899073731253315,-0.22566477139438068,-0.20347827782040606,0.14019778829738416,-0.03151911952081107,0.021190361392241175,-0.004807507943406675,0.03823692409386803,-0.0686427096218401,-0.007090312933478574,-0.054541578351575165,-0.010840192379704405,-0.0014140786929901783,-0.03440273373144548,0.05233029684312253,-0.043078308926287695
155,0.937060694880623,1.4472495040741116,-0.9040458045447108,0.20465785178011364,1.0262149636118973,-0.18334989895511045,-0.25182778063338696,0.11796531230840096,-0.010934704359849778,0.03040707294149747,0.022807569879855327,0.03536812440697068,-0.015393298281579204,-0.018846366046492816,-0.06069092267089987,-0.025095056682331807,0.07191668689720523,-0.025675195698033088,0.04097353438956977,-0.023563122425412794
156,1.0432841245554698,1.4205996848525864,-0.8738434925810274,0.6957664033874347,0.9080103810393505,-0.3394453746255096,-0.13234118404831025,0.21628141301321013,0.01400716502913904,0.03270854417336272,-0.0044162800731819,-0.0655784029748076,-0.050938377427719006,-0.01257690129695625,-0.03069548026287447,0.011514337979429634,-0.01787527414465105,-0.039481485931609106,0.014514843868784627,0.0009422745691765461
157,-0.574972948568873,0.30425197752958333,-0.09444237243208864,0.06822367048772415,0.18443206841291104,-0.3789003012325425,-0.2563279422044622,0.1450362272816058,-0.06323776161211633,-0.016628564037619115,-0.010427307568862176,-0.026781497531230047,0.014925040712647164,0.019411653075116976,0.0018880343430356106,0.0036908506749595005,0.0017553904998638126,0.017792825188998135,-0.005523123256684498,0.008268589832646556
158,-0.12276167096303947,0.31274325757654786,-0.6451007733017526,0.2553555466456001,0.17515548944204634,-0.44047101723930726,-0.28748676615457924,0.16031050923588464,-0.14107631612064728,0.0020316361176973274,-0.01012075797035955,0.0027325140915363533,0.02230213801670544,0.0099163477215463,0.03254681063454956,-0.03919192661076287,0.002017150932117656,0.022103946880237063,0.009929865022263756,-0.009913987154124268
159,-0.36413041310510863,0.4112886147286563,-0.4017784592848459,0.18375118590161055,0.2700121163359912,-0.377582923312481,-0.22234700143358954,0.14811741358500163,-0.08728166063550966,0.004420325641036976,-0.013700835966048153,0.006774404712470483,0.0198268160687132,0.01177706389376082,0.01789472434410161,-0.04224587959869852,0.010686484583918326,0.023771644309361323,0.011676667588772699,0.009797987446990758
160,-0.3761857611283439,1.007215382043178,0.4822477839049313,-0.01742344976238286,0.3690293697743376,-0.2067690769168884,-0.08477855129737866,0.083077289417062,0.10281112741589046,0.04155719504205452,0.0008349278739595012,-0.04992603538517526,-0.004821897028721767,-0.032340551472798504,-0.007727656313942524,0.024537850683941098,-0.027827874694511992,-0.010659672655372349,-0.005119132363939599,0.007029405049601312
161,-1.2603908481009238,0.38296420420912014,0.29777770075812793,-0.24670475056456986,0.03502299182356672,-0.13352149872783114,-0.09366427867915644,0.02074934523440919,-0.02726518644436285,0.009112026286225705,-0.04235952539915511,-0.028403841571473354,-0.014251524331194088,0.026001155996708082,-0.009826281001767245,0.022540898825273714,0.01483849764469572,0.0019526271724168986,-0.008979277600255492,0.014988087968574482
162,-0.1006919615399493,1.335058269426339,0.3687601545612127,0.03603029490474352,0.36303235147476137,-0.12213902332214877,0.06451197848812013,0.13928916352235932,-0.06860909722589312,0.03082721621228013,-0.041427489132884854,-0.03897209352722131,-0.011160998123833754,0.02584073718467421,-0.04866758819788372,0.02046316364030859,0.017912283784763394,0.030652076124571964,0.02376080336956135,0.031585416251634135
163,-1.6410572557055785,-0.1939305883317246,-0.08943590099337229,-0.4032883643120089,-0.4040760602916661,-0.19130817785659532,-0.1592557463323775,0.028090920275021136,-0.08286899841736797,0.009717050147305034,-0.008861663311693024,-0.028940266514000723,0.007612732487205287,0.0004446584528621303,0.005607083926906453,0.011957578447802236,-0.012348411504510728,-0.0004762842284192492,-0.022514144403198127,-0.009295105720310642
164,-0.1536325191501442,1.1236595037139434,-0.344745810809739,0.03342976238309703,0.5720408717171979,-0.16847105930788803,-0.08234144407033422,0.1559768425502292,-0.12142914114981043,-0.016320812585680994,-0.05170393385485056,0.01407161872935414,-0.012660522156246773,0.017057184062787847,-0.06528818848010506,0.0382389393253077,-0.008330339266929637,0.013461439627861282,0.03773225690508261,0.013895772197950407
165,-0.16018788959615282,1.099028676338488,-0.3428063278998499,0.05409973236761756,0.5794062646656535,-0.17896001656335336,-0.0835917968445366,0.14001348193743113,-0.11066929300812164,-0.005972737359853042,-0.045801704709753366,0.005772570464539717,-0.03591801511115461,0.03279227917728149,-0.04765741320007005,0.011294865887672256,0.006746535496186534,0.007748077261586606,0.026027013877368804,0.006118657490664897
166,-0.8405395082798357,0.6906315127600084,0.3967439074865453,-0.14845052433287886,0.19101882283325133,-0.05578957096996007,0.052707278517416634,-0.03735238256381057,0.0577498977737452,-0.019398905123711452,0.08347349570612894,0.021946145339200418,0.03774347619099555,-0.02526350564897608,-0.03192570342016597,0.09881132864666962,-0.0007041897002914577,0.038757207328662835,0.014962226526566647,0.04444518900862923
167,0.13497236480095332,-0.1738778906178169,-2.0048236403420927,0.5331594562826829,0.14821562933364302,-0.42914961662193607,-0.41797506835920006,0.19616213809056582,-0.27163254122612635,0.037053660252723275,0.047814316276354796,0.023876811790505936,0.053478692922438176,0.003002523465870391,0.1145043560472126,-0.0924461978001131,-0.0030373700888596533,0.0049051647467445725,-0.056735536832550004,-0.012584674858509781
168,-0.6035223538929078,0.2879020424608818,-0.9751604398585574,0.14252343311564752,0.08988735423748154,-0.2431308807216674,-0.19505854786337995,0.10132776766058271,-0.18526457336639604,0.002944504542491011,-0.005258695169176375,0.0031715569271710264,0.026664532550752518,0.017739784260155135,0.01982516297793413,-0.005535236146326117,-0.014635981525822767,0.002886754128474417,0.0066931650093765005,0.01086224985586276
169,-0.5364491434565446,-0.20512979586271918,-1.157449429843867,0.11721926006791117,-0.07522060301971746,-0.4067698189598967,-0.31804901017102183,0.15761623692994886,-0.20166219643874964,0.018362732168368173,0.029853692138730847,-0.011270770732630053,0.05028276910606572,0.007160059378627542,0.06928199839020599,-0.043749934497302245,-0.006385802062974233,-0.007080164047232385,-0.025528300747587468,0.0014528219445879287
170,-0.6660789365947233,0.1924590135729929,-1.37125585785738,0.30278809748798086,0.1423843855235739,-0.16078821183504166,-0.29371801055200164,0.10200392454550916,-0.2487955169867361,0.0074887404964158605,-0.000709151365342997,-0.005277287297265509,0.029894782798625563,0.012017534915962462,0.06026422493688627,-0.03984238584686062,-0.009765845418837155,0.005546217609405324,-0.022148207911972306,-0.022326210948853814
171,-1.172754042264538,-0.0034921525579072465,-0.31023066614071304,-0.1341331653794242,-0.10225669158605152,-0.2486328021591256,-0.24613131533693766,0.07429329828570164,-0.12298298391227921,0.006460882743258248,-0.009551689988512913,-0.008956182444033678,0.012908470935435568,0.008151676799774,0.011902144089770306,-0.0003914451316477108,-0.0331721977410144,0.004818763191682868,-0.015305840883894362,-0.015965519084822008
172,0.2207078359393524,-0.6030284226233196,-2.7241590992875495,0.5154079550542885,-0.18103529470634638,-0.6236970479817155,-0.4667956577277068,0.2361379068683513,-0.33204639300817074,0.03434773360590215,0.06767848372425783,-0.004946752465347148,0.09882740398343776,-0.001320832551520712,0.14888764363776935,-0.057307318910061855,-0.029746561656649878,-0.022017602974098938,-0.021624059349577535,-0.019346952615108867
173,-0.9282862747383023,-0.15036072855534854,-1.1185741049440092,-0.10067763983232103,-0.27391355363497144,-0.28336458444053675,-0.22893091758175088,0.032340852861619085,-0.17353743841239747,0.020503096405995763,-0.0027383230865175023,-0.0003283290075591361,0.010131264039899973,-0.002998838620523317,0.04982098158875703,0.022190082847591636,-0.015499790591137555,-0.03780499796053771,-0.014059161834973632,-0.011483504264649502
174,-0.6820233062244743,-0.12570556181698933,-1.3637102377796326,0.1879918761011936,-0.03962906418981671,-0.2967257940077651,-0.37247394226859853,0.10717839689569209,-0.2254402817559081,-0.0012298532055520298,0.014029256269015966,0.0004465431237534734,0.009480717204657624,0.015364519857310903,0.08827595487687964,-0.040882359657766626,-0.020054107932351906,0.01286023840384845,-0.023777168951187894,-0.030067290727370286
175,-0.8660877486027028,-0.4880017959915701,-1.2855094533900084,-0.061219186406578974,-0.37212765509402246,-0.3529364455439307,-0.2614962143697739,0.12312046481280231,-0.2074203770730342,0.04097427377157753,0.02867981758640248,-0.04144246709650151,0.029543287839428445,-0.018936800566452517,0.07996489420009112,-0.013763273876418125,-0.024739739091488272,0.00584183037456712,-0.026685000255995295,-0.006064309856596978
176,-0.8915347782344423,-0.15858097851485198,-1.1889418434268424,0.007649192380595693,-0.19650467526479418,-0.27551675697574585,-0.24365058387378646,0.11561412587439668,-0.22007527783364764,0.02806042044937325,0.014398127457919518,-0.034307076133551107,0.023480756699924082,-0.007680480355865164,0.06203543903381714,-0.025710671854961842,-0.012442252213366894,0.016052561853092173,-0.0284743261517148,-0.008053281330689097
177,-0.31201442613909425,-0.2594046272621249,-1.7509710214219925,0.326067834535094,-0.007592635080328584,-0.424332546963055,-0.41474057076060566,0.17734461897036669,-0.29003317947136775,0.01757967372031735,0.020120487781902063,-0.013395360395132117,0.036977468099857747,0.0016572861817532522,0.0936279861911064,-0.06692436361093518,-0.027332771312732124,0.012162647991262376,-0.026750961656383104,-0.018733627300629274
178,-0.6097031147579113,0.046212654830119604,-1.1688810418073885,0.15577068470350586,0.03337510352664913,-0.31404120662442037,-0.2886384224445414,0.13359604126643587,-0.2215515852336928,0.016544006336232916,0.009811801114115615,-0.016755103719899356,0.028151373197889767,0.020700305695647098,0.05703363288353758,-0.02755351456482666,-0.015252734970677181,-0.0009077542367216529,-0.00043582591835830686,-0.0008497873580289445
179,-0.42488238705487547,0.023896153985269564,0.05466594061389518,-0.1047292700092699,0.1974594636507606,-0.042083295936669485,-0.00919363175775767,-0.04975138830575698,0.04527616624021563,-0.08930223552134331,0.11326863670062415,-0.13777979231950194,0.015894279896675412,0.015340340465212071,-0.035594243266668116,0.016729932375506462,0.08721710331428156,0.01653630690708205,-0.008883057157462737,0.0721708973665752
180,-0.4406851746440239,0.8547631936116122,0.36897306089541626,-0.2538691461962057,0.34105812415596815,-0.29262091737886525,-0.0033455415718056103,0.00044388720726018516,0.026491866154476962,0.010808085550862767,-0.08395305683622478,-0.016112947462413207,0.004628947487253426,0.03706494700014272,-0.0275333436395757,0.028923664049693765,0.028740247596483665,0.01126123364651796,0.021368503447279724,0.03239221745823395
181,-1.2060103193691836,0.1945221953504408,0.4046848460676262,-0.3737876173040817,-0.16192632671248142,-0.2604080398222057,-0.05818638654606212,0.03885746529701428,0.08930377157940564,-0.0015098270942213027,0.016244997398968564,-0.015524304918933418,0.008604808159084598,0.0052384928007311315,-0.016336011475725373,0.02262798025255075,0.007169303998607934,0.020337862323745848,0.029201850061301188,0.04967434241159227
182,-0.6092512105827979,0.5171384151882492,-0.06287671010334162,-0.3771294744269209,0.030174859874638915,-0.1955738260217687,-0.06530653236520567,-0.11827223166728407,-0.021514437707720296,0.12439724943459646,0.08138455589885801,0.029412214652119295,0.07349671037099026,-0.003155436248845192,0.11557367156044732,0.10858809105913547,-0.0586783110386596,0.07077104320802685,-0.0544376126491003,0.04383521088943371
183,-1.3284541956787184,0.14062824103552707,0.35948671012520883,-0.26310027588277496,-0.0007545682990946628,-0.18534329942361916,-0.20899382115943899,0.027500625560781256,-0.033648933026266564,-0.006966889463419446,-0.03162259469790868,-0.004929980763841935,-0.018114940930543055,0.03271440281128778,-0.010016310444822263,0.035819171479475026,0.02341067964931204,0.005539167100814146,-0.021686627463895713,0.0019379865825139009
184,-0.7282308456935702,0.5916577484966332,0.5183332720908442,-0.03387789165771604,0.1374854792779703,-0.28750277272308056,-0.16354084938187152,0.047632247126661476,0.09785136193781296,0.007137178188640986,-0.015098871876556452,-0.04343026404620742,-0.009753119478627531,0.011581784622076076,-0.0011401501315489448,0.03548594305128461,-0.01644618646051932,-0.012836876089717786,-0.010353930677065498,0.011103803038536003
185,-0.7112374613214909,0.06215354278942975,0.46734087162856497,-0.19979348736415803,0.0033937352304687918,-0.15808727142390921,0.12825266911213537,-0.03307510161985788,0.11129139316530642,0.036202945748798565,0.07135846748008373,-0.03673755347980784,0.01882071901284582,0.021311428885490168,0.005241839190117725,0.03709379874001531,-0.05415281885407025,0.01288688596079085,0.0052552137034311,0.05476188081458988
186,-1.7847153556915583,-0.5210104461306546,0.2875836007387953,-0.5836557658320887,-0.5203905908653259,-0.2475235511933953,-0.13790343696479523,0.015877827592239435,-0.0036881616316736254,0.005820743004504622,-0.005912855240123416,-0.016822832135419852,0.006081447781991767,0.00038523596345095557,-0.014748088718918681,0.042912256269038634,0.0011429338519907128,-0.0003211342508808168,-0.016699516478460574,0.020445893975234886
187,-1.6350553466096205,-0.1395019143579237,0.25539625419873513,-0.5119772285126913,-0.32414757524554333,-0.19748073252529974,-0.13473186020580008,0.004779946298806181,-0.008652921885734993,0.002574171007155686,-0.009921589433066924,-0.02674857086427218,-0.011773401028237318,0.011844518521959016,-0.028462281426373776,0.042838861036389786,-0.00047354549902936527,0.02732955737964257,0.01211238948493934,0.018168515629488596
188,-0.8816552321220916,0.5402630662026393,0.471119887684317,-0.13040759171673777,0.19859354071889812,-0.23234709705275997,-0.1710936893011965,0.061289024673318426,0.04304994827233752,-0.0010474312699157162,-0.025662760482063562,-0.02787546998293783,-0.010568409470300077,0.0060418716561601304,-0.04003148076147632,0.04408647695741466,-0.00291711189071385,-0.006786881600142347,-0.004256550891556216,0.014120225064665232
189,-1.7819301599137942,-0.14594016283230715,0.09010384494546297,-0.5372333566146805,-0.41004652142437675,-0.1424458386626014,-0.12569244085887327,-0.0040622285424402604,-0.06640485720875991,0.012208493786829082,-0.0073212983836788426,-0.030921414779524647,-0.019102992896071286,0.020113762992109263,-0.011396214337514254,0.03725485398418771,-0.015392884438881024,0.004475805340727446,-0.013981856551164407,0.007078296647506921
190,0.31314688381902034,1.2417404122145346,0.9987574355659099,0.09839946912105768,0.3000332304914872,-0.1223969057926022,0.06787597686008107,-0.07150548322854378,0.18083504386157914,0.06793583604919307,0.04967777589046257,-0.05349262304915808,0.0379409153727005,-0.028522980410299298,0.06991650941486502,0.006864655953830956,0.025682222764349116,-0.0002064540137209081,-0.016480999326134893,0.01884347767935915
191,-0.1292008333826793,0.5456449942004316,0.04343799706844553,0.2304503973859835,0.3001293146951172,-0.3274723997544147,-0.21616118729473555,-0.20658288293303217,0.18542536127399134,0.1263970843275549,-0.04561911726198603,0.08404797800844316,-0.032095034004709866,-0.01605771905035972,0.0017731268181630233,-0.07422919521652427,-0.00031623118107182435,-0.009118521859736384,-0.006450433344676043,-0.0059040623962206135
192,0.004201361626984479,0.6205410190080602,-0.05789424669593579,0.19320286209225346,0.28605087222283077,-0.3860984510307271,-0.25746819061401993,-0.25260630238901494,0.16275820147190193,0.127591394066389,-0.061507552509456664,0.07833791900168308,-0.14556194211542978,0.0029521176023084503,-0.03953008829929827,-0.1820550500218755,-0.03390750393387815,-0.03027646675979878,0.06428640544655262,-0.03593133205061842
193,-0.3833851310334344,0.33889274074437914,0.11110731560730702,0.07736340583420054,0.18564114125430217,-0.38818907716470025,-0.2507387745213634,-0.1946325340793752,0.14105506938900375,0.09642065621013268,-0.0562709809220292,0.06693617609470692,-0.06095810092183038,-0.0026140967702202485,0.012433310160263111,-0.04500528651312813,0.035060791750912174,0.03572062781240268,0.0754261056727367,-0.07825184008032758
194,-0.5813576531763616,0.9510856624600734,0.11071340641009808,0.028107364738298557,0.40106730594277873,-0.09640157867873844,0.03231190826592989,-0.2008189586804332,0.0765369509491158,0.09293278750018277,-0.05400415281970833,0.09173955558056385,-0.13192014581849243,0.023578357279365227,-0.0781213807739279,-0.10885565358210031,0.0364534535799782,0.04763442637741239,0.012546746204480874,-0.0022357945409517965
195,-0.18380185567281604,0.11908577288487443,-0.6258137617580282,-0.06158610428284206,0.17023341770846018,-0.33665618186829027,-0.050664483303205166,-0.4838876179767634,-0.027095642883517984,0.1737530868581436,-0.043537913119565175,0.1420687431974319,0.03227257222170843,0.05433819471371265,-0.09549738060633903,-0.16729861652415612,0.0016050312741792694,0.016216933117487647,-0.02056947484359395,0.014269627891842968
196,0.07848601474737738,1.2932722576408242,0.3634816024183021,0.1263469535646249,0.5693786333526073,-0.3530289034944978,0.08995286908204575,-0.17860458584401506,0.1427102426020453,0.056140714857358165,-0.10051180636997997,0.06179543121629233,-0.1598141080775452,-0.03907541819679779,-0.09992963396846484,-0.12012299938389698,0.0910016307746907,-0.035583757665215765,0.10298247677628933,-0.011055586686677207
197,-0.3668327100601836,0.3749467157122961,0.23961845684012228,0.012292469682631424,0.3968398403836733,-0.09911816418023278,0.07779467467004075,-0.1913161395988432,0.06226058012737076,0.05066656343364273,-0.11368916679445923,0.04280510906893431,-0.08553232140726977,-0.021450212690073186,-0.1123519815041853,-0.10855476939959474,0.09534945363933561,0.041911350937948566,0.026983953688004214,0.06746200061792712
198,-0.940595853461768,-0.27223510340499324,-0.11065765855347909,-0.2740494381569132,-0.15568643701756993,-0.24006350837904383,-0.13331438161685089,-0.3031615718327446,-0.06526045001875361,0.1050443355111769,-0.03172211076184539,0.036152503236433264,-0.08873133638261782,0.015593530783736306,-0.11470922149897306,-0.1778996007487193,-0.05009085046621711,0.06657424216815372,-0.010817749820034889,0.029786281169645934
199,-0.6769655029306847,-0.5460299598530636,0.0015100027116181636,-0.2441120954251872,-0.24860637380887607,-0.5195811811929277,-0.3188331262848362,-0.24704031233052015,0.04632410409222129,0.08946352107739482,-0.07790675642444256,0.05197591712417815,-0.02325346338440773,-0.06235940275967901,-0.028082681028482243,-0.06961582591756288,0.05000634785252264,0.05002057948271316,-0.07486287575536887,0.020120505304941416
200,0.3670986502516378,-0.9008363665723618,-0.3775759435754251,0.2583354400745228,0.25478452565698373,-0.2659796266430304,0.04751237490790522,-0.43786045640625404,0.089874546608465,-0.00306894706743549,0.032125948349275624,0.012500914569731458,-0.043704393114275125,-0.0899412559788815,-0.15117122928628146,-0.19122461298250676,0.03867017115849866,0.1275313238548207,-0.06742958293982682,0.052725988045255634
201,0.5559746575526452,-2.0197514723309844,-0.5370543455246377,0.2692023199094553,0.1484648067565047,-0.19172699447742425,0.18243565224733355,-0.4701552307099338,0.023601941654892794,0.040346835692178146,0.17077970837022372,0.02573692456332205,0.1914311054197615,0.19936851373385042,-0.15019416850736036,-0.19329890734224114,0.04313442391239217,-0.03984112156530012,-0.0391900868359045,0.02822704216082189
202,0.1359355412003307,-0.9188584253461336,-0.17953787874483051,0.15404018408096753,0.18851722765528126,-0.24799129424357635,-0.05599381639544232,-0.4065570207309619,0.11592082679443769,0.1813640101968747,-0.1391006068164258,0.09391745595717671,-0.14394871038504253,0.23517519674381823,-0.0842699302307595,-0.138311278357777,0.0033835513452005472,-0.1991873667364564,0.08568890386187145,-0.057081390985223746
203,1.129141062984547,-1.4455092104748388,-0.3805074415218339,0.36878635058814613,0.333559731624642,-0.08917104274459575,0.13481698998770494,-0.3419934352454874,0.08679647503454982,0.16909152298381677,-0.007763585012562135,0.14457809573173253,-0.09193032049567698,0.012625736705689755,0.04125888066726574,0.0734700358535775,0.21142950260806645,-0.058996832320387854,-0.014142839109372002,-0.07429922970631372
204,1.3502149729636566,0.4061084356996876,0.7744521411697294,0.5999554241936733,0.18957348765327175,-0.23730464886882147,-0.1565388907778631,-0.5985019777985037,0.30630134230890127,0.2562380940135309,-0.03146474957334078,-0.0010465586561221318,-0.03725158000650164,-0.08561704701749331,0.1922621025948641,-0.05054948535018122,-0.03566548851126716,-0.0970569261872953,0.028082537967717064,0.06925768053231651
205,0.3875280098558669,-2.5999393516242346,-0.8072334832991359,0.2411706500553943,-0.08666538170311723,-0.3338185649610326,0.0025561273855834177,-0.33411420502094646,0.017545943239981127,0.003270904265955249,0.001744830643504336,-0.13658178499850343,-0.17562513360335744,0.1010692445611529,-0.020812876613668735,-0.10419985678494631,-0.026090367127575648,0.006599192548841504,0.14972847439404888,0.10157767624501907
206,0.7821879566428631,0.5859804163319229,0.9578101343874259,0.32424268554252045,0.12036767453483696,-0.28417211367300105,-0.1391907697912882,-0.4296446895357351,0.2716721348330147,0.13919428502155567,-0.05032141399843959,-0.09256934467655892,-0.07408385823602345,-0.14819087983211293,0.03150057368360798,-0.09902984501187967,-0.06442018960320875,-0.10008328185926042,-0.03937788818528154,0.006105269618715908
207,0.04148013943622786,-0.3170887546377372,0.008385069612486973,0.10458580878027224,0.15419603776570673,-0.2121668634338819,-0.1492382975906602,-0.43465665055593683,0.13509634390783065,0.07052102889728884,-0.10283751806059854,0.057627041229551534,-0.15152397769499867,0.12096007665997419,0.053172103452446884,-0.11440567510784366,0.04319074848472229,0.10796577080754655,0.004189957226240604,0.01591308058067023
208,-1.3778277732903401,-0.6519459359538864,0.2724099808894769,-0.32788770841656856,-0.24368225224569162,-0.17709759306326833,-0.10692828041825891,-0.06650861761132343,0.02004158500428571,0.0856936981114401,-0.06334107718552112,0.07246754457113141,-0.041837520860518174,0.0318733290280996,-0.028751167833080876,-0.12450168883452656,0.009766526715717622,0.0010949418408310319,0.0018695547937132573,-0.006932003264736891
209,-0.14610801606458512,1.3742916509382503,0.7615920499149249,-0.013468718730159868,0.6239886123484468,-0.22502047636045797,0.11533763444915995,0.07686072725835763,0.0485577211546436,-0.03421891202967817,-0.00677045167589968,-0.032658891134387635,-0.017107324319273587,0.02027048576533102,-0.025758411424307626,0.04592121751167866,0.00015647296564194613,0.022195597423080027,-0.00011960603366301115,0.05803228138537389
210,-0.6044625821967653,1.1963950598531792,0.5097743355973297,-0.16339436864394274,0.5906252229575762,-0.008629344190521082,0.10857763210489874,0.04722219624935958,-0.05287838477935494,-0.034800455780971046,0.0015772821190804254,0.00044255481559651866,0.014336829500969428,0.009117213664711528,-0.06435757237062567,0.029507803893014273,0.03702470244877845,0.05190045289338341,-0.0018248325081238748,0.06653254159644698
211,-1.5196904894749492,-0.23552730396050414,0.04320428668237941,-0.38975316575899166,-0.29953930502625864,-0.19030632680998305,-0.1081912891600798,-0.0887589517858598,-0.03495259987555402,0.06312389042959775,-0.04247976807217774,0.01650494707591671,-0.04782160639599167,0.00778247836143716,-0.023754137297209876,-0.07921002255523152,0.006734198589585322,0.012793149839355589,0.01857007856079959,0.012280603811443191
212,-1.3326940418123714,-0.12980053967802618,0.21886607502761635,-0.3888402636140502,-0.19978667504800718,-0.2180708436505937,-0.08022128557934494,-0.06585503032038365,-0.0031948502976602566,0.0672048048222618,-0.028396955196173468,0.04203347589896256,-0.04483531609572847,0.018283890412803108,-0.022661129742413008,-0.025968581251980538,0.04436859309294408,0.01894315038565131,0.00014698198237075855,-0.010844434760514221
213,-1.1068471452549327,0.23381879258363547,-0.15090664292316625,-0.43520114557862755,-0.278495059606306,-0.07776720368837253,0.0003088605155664448,-0.306268913931785,0.06402763312420803,0.15159720454416414,-0.07109015943164387,-0.05314357463824437,0.006236461857825754,0.0216097363850907,0.12831926250388526,-0.08320170851767489,0.026712672000391735,0.016001910631609273,-0.061852327178191085,0.018523643039966536
214,-1.3080486316354385,-0.38933134698108596,0.2627252086886829,-0.3467944605830442,-0.25273539666387795,-0.2434793476909518,-0.11763895824046622,-0.06927314117542527,0.006054350053942642,0.06457539060699934,-0.08131646761829803,0.0336620836584956,-0.06763017423230877,0.031949480330290034,-0.020179222937722896,-0.11028506577792474,0.03343690096633817,0.018787957948847578,0.04406199786515064,-0.021515343242283352
215,-1.409714472924744,-0.6038042383300546,0.31255821365237857,-0.37749682432784226,-0.3207505682806304,-0.2608107996157065,-0.1482616309555509,-0.08214294385836396,0.010278853343672428,0.053263698133283424,-0.08304861990356827,0.032589302847889356,-0.048549334396051136,0.001939394703759742,-0.030012985863594382,-0.10319397248251855,0.03313154838844076,0.021494617776785407,0.017708850053632985,0.004395251975674919
216,-0.3871041132044457,1.3419295972741256,0.27201137327022895,-0.4276518301160177,0.6591103250686111,0.043792124040093805,0.08438235450795328,0.03770926137394748,-0.03649033323253478,-0.009828766162306268,-0.031399096090593215,0.011522249422106001,0.006512857524222787,0.04719708550604129,-0.06687654850309235,0.04257450758504572,0.03493641611063794,0.05519419278790638,0.01781349563085674,0.08408102525750988
217,-0.27554201306134996,1.0183592797138523,0.6211767631321559,0.023772582656120367,0.3029713377766186,-0.24898441669374494,0.0020920313450972228,0.021039524820395172,0.12468047951057686,0.006875123518851722,0.07388163744137388,-0.0949890922910056,0.06119515718559021,-0.012042483196034435,0.02471161957946677,0.09336730654752734,-0.006447780244748805,-0.005563718394423517,-0.01812136014227539,0.04299576447749251
218,-0.6676129726969666,0.722174222949775,0.2730420825636939,-0.19230566551355288,0.2775668193502794,-0.18249341608983566,-0.05978010736329431,0.06438337698175711,0.003015419720136081,-0.013821690722129965,-0.00195828954784405,-0.042485174039839535,-0.016649604790644423,0.007176682270949725,-0.040078059535788566,0.03878523882777868,-0.019874759253974403,0.05869613288631639,0.045970117893209775,0.05006865014872919
219,-0.668711894561695,1.003038747426654,0.11970003160329856,-0.14344198943921294,0.38398062694178925,-0.08746358225040751,0.053447578152426456,0.033035066935322654,-0.07198013056493438,-0.015713298995843755,-0.010486836756573636,-0.021807819966975506,-0.02922909672438967,0.025772382025383928,-0.031237933932330805,0.015798025239918773,0.015506325596959136,0.06922335122685652,-0.008207997657835392,0.035542126611698976
220,-1.5580233920649667,-0.2178467979448584,0.20095950741328217,-0.43755348112187864,-0.3531333131634721,-0.15445200554316652,-0.06590030988095413,-0.09426180821562613,-0.0014093514039128785,0.10119597721474376,-0.0697211455664265,0.06332267314202922,-0.032098695195514976,0.0483042897958364,-0.008533973652522175,-0.13442779035774421,0.013280643573440692,-0.009021391597355738,0.010848704798941594,-0.002380056739828884
221,-1.0006923126463416,0.43848858328324347,0.23007533207072228,-0.2726557167163186,0.08175669008744638,-0.26479460880422917,-0.1067375509869688,0.0018267384157989452,-0.014569016218545311,-0.0004100661877007583,-0.04411228386243271,-0.021905360360697457,-0.049386571401003915,0.026810040806380386,-0.06049398934921302,-0.021347584884041426,0.020479597305659153,0.010725835998974892,0.011329073298350645,0.020502731697159715
222,-0.48097482363894706,0.28317588277349337,0.22010263169525945,-0.07804275317115827,0.23030437683763355,-0.06458373885866875,0.004998309339203366,-0.046822360236349225,0.03663643521051399,-0.02840258679700486,0.09108425545476928,-0.07624753783895044,0.050200901366591055,0.020975642746309878,0.018419588869844905,0.17973210837198597,0.035873772036927376,0.0034487467401917993,-0.019322312151665688,0.05428885178756104
223,-0.5663522184828409,-0.5009577737628366,-0.1466187890110886,-0.13506583763911806,0.02451559656424515,-0.1043606429876971,0.06000869882253834,-0.05394093739756001,0.03140762154357704,-0.027494271155614064,0.018853930480435377,-0.07731630366042974,0.0038943090913640954,0.07950023280890532,0.0068379069862412045,0.09385330152662658,0.06942363834042098,0.015178987422298618,-0.03649246343515419,0.09212076746063388
224,-0.5968743188895234,0.26267604389066435,0.5472510587654389,-0.14560501767238465,0.10843542308710119,-0.17909153039654446,0.017930545124144326,-0.12248645425730309,0.09496747565415906,0.005928423043893877,-0.057700748284617465,0.08457901954949215,-0.007678326397908886,0.02159485458318859,-0.01169848055230674,-0.15576867067489497,0.0473327618007906,-0.033206335695839834,-0.022743607400013105,-0.042161380854522826
225,-0.5239880584216507,1.0793689254023544,0.2523590860351437,-0.09589118353203174,0.39456909183764827,-0.1795903044315873,0.125229773430174,-0.0016858710108059727,0.008161335163052258,0.054988222048588525,-0.019428490753587824,0.04534405219081994,-0.0223527358261707,0.02804334955807989,-0.06882263108645267,0.034972780531424025,-0.004144652857201919,0.02144490235760077,0.03464629777140754,0.05927815743370024
226,-0.47452718802872695,0.7974867964593297,0.4665746277210765,-0.16925261388705293,0.33266515642534233,-0.28292412093522223,0.013748929915153363,0.02287630250314332,0.023097587266811076,-0.03160445078746063,-0.03726477214606966,-0.05078590061777766,0.03145914570114372,0.03650287151963892,-0.042213835300996636,0.03390088884456183,0.02011632980481759,0.06200889409389487,0.03821261267090273,0.04184399144414919
227,0.2681899185819887,1.504379137031533,0.8795551949577538,-0.05561057519146928,0.40366632729163743,-0.3395551952223118,0.19064355433545122,0.11438405411516772,0.12938596596527951,0.02278579201287989,0.034106833076125775,-0.13539783639232117,0.029755740558091825,-0.01135844639238151,-8.6067126245426e-05,0.09930801408732907,-0.03402045439310669,0.022322567781774938,0.009170481352163778,0.07872137033914425
228,0.28864022026467406,1.3568477618289432,0.7851226888604135,0.17311624974882234,0.38235914524494535,-0.3795945983742123,-0.07926078791676971,0.08017146710785844,0.20595348510865202,0.0389484853360994,0.010965859124262956,-0.12421737241345693,-0.0044426592719772895,-0.0113401672789342,-0.004034939530351805,0.0684691451568459,-0.07024683612978089,-0.01795904365072845,0.02575605556756852,0.023263957657655404
229,-1.4641302517069423,-0.6798175647363198,0.5667644417436062,-0.17861810262305378,0.013619147225286787,0.03564537167590287,-0.1295928125225133,0.03376349827026248,-0.05102264132956122,-0.017772316660647935,-0.01995885231435357,0.001958638612271635,5.538398454912885e-05,0.016382674509117755,0.0024737915280703404,-0.00661557828256884,0.004071687583501404,0.02952738071617106,-0.018330993763435305,-0.0009218418831118957
230,2.5345906577288706,0.3492415962739095,-1.81671794145498,1.130322391479745,1.2388103655887672,-0.5875852300087098,-0.10178399149232131,-0.2536006022361317,-0.02422906754724327,0.09114109867806641,0.0818576771566153,0.10052624380938174,0.00723542547014408,0.03968505239383083,0.07279890920302184,0.1293974821726373,0.13247506675462986,0.13803094864581977,-0.14726804180549244,-0.08928312606876428
231,-1.0027153049970519,0.5222102132908066,0.5869870563736574,-0.22904885736106007,0.09867340438487737,-0.1545694972213038,-0.021830932761454758,0.07182024380994223,0.04513775479152582,-0.00741029154877576,-0.005537074935316244,-0.021386820682432583,-0.0007154892814832392,0.0024925740161015064,-0.046586237944277034,0.021911605333046258,0.007759310559752486,0.011259532057501825,0.0007963743382916888,0.012175099562710207
232,2.4455437750794453,1.0335300120395807,-1.2893238306179082,0.7748088884174975,1.2434940425692376,-0.38173996864797166,-0.1747996761580911,-0.20761372171591985,-0.03875182208749303,-0.025690837367161212,0.1295080355813777,0.06334925862605889,0.16512660607272872,-0.1356064829436549,-0.0036052297247378684,0.1096973629712722,0.08420093768759765,0.035887518361548965,-0.010159651712349366,0.06979123991124542
233,-1.1639426053860307,0.8373591976930808,0.3082975170156308,-0.20135121693203084,0.19664230009374234,0.02416151206131678,0.02505930437048809,0.02621825087473517,0.009976793455267058,0.002306095916375317,-0.0005008468874004857,0.0006265251660663163,-0.010256942367823485,-0.005450987678205836,-0.04908044560429185,0.014738886637949755,0.017758676321614347,0.009444650780208452,0.0029314382752817225,0.009107293315469278
234,-0.13972270202817505,1.3936610409124306,0.25982758384077975,0.12430060151358191,0.5773952286373868,-0.15288979710608475,0.0033256374708989234,0.08703440909752358,0.06999028801859872,0.02535178809870209,-0.040946945793802314,-0.030961776294981813,-0.02862241460622844,-0.018483319035538355,-0.052661056873955114,0.012439868174270313,-0.01874496122465892,-0.028208884358160713,0.023368593263941057,0.009207147883132205
235,-0.08782220485256875,1.3561316494501288,-0.05787820002417554,0.1564130525948526,0.5809013097350989,-0.1456427817532403,-0.05279302354807858,0.08413256083019072,0.0403062507094781,0.015273191291024613,-0.03607327163381052,-0.02935250206950496,-0.02974441365864694,-0.021101018675385868,-0.06689095212642834,0.02274896553408401,-0.014456256901339115,-0.02888328597365364,0.017144332955857128,0.001668972363717658
236,-0.08994885670626296,1.3071643986842219,-0.1471278812602339,0.07298484571810349,0.5927556676118362,-0.12234047429660322,-0.07334461300685091,0.07990792061921276,0.037571484041753866,0.012183620743524831,-0.020302444644083706,-0.030379540184458653,-0.021895630426033846,-0.017204330491149798,-0.05930963059351718,0.023190208994226025,0.014559163043504991,-0.02925296702718691,0.020465235850414154,-0.008744715606423814
237,-1.5939685974542295,-0.3834988798781822,0.29044400851631647,-0.17703204400050243,-0.04285562344925451,0.19243583153649058,-0.030947125504132922,0.07500632479084202,-0.12437003964996649,0.030888241748583206,0.0920932743076448,0.013792834519335107,0.06628017524570973,0.01663313044641207,0.09082928449628411,-0.04469175528491673,-0.007066092442410424,0.04503006879753907,-0.029997810978917794,0.026558557475669597
238,-1.491301042342248,0.11808158669153279,0.2623346372678963,-0.06437691646585142,0.11761401521246798,0.2822413479033198,-0.02607310976287014,0.044445062891899645,-0.12575859806596776,0.01954037682692003,0.08712796843414428,0.0282077055582457,0.05657271337951575,0.01345650838084201,0.08055386466814904,-0.05072074001652835,-0.0049161989077503715,0.03886939072109738,-0.023894210080331352,0.020615230731204914
239,-1.7224068662159402,0.13816343975503997,0.2689706870227724,-0.23992468767008202,-0.05891977310269678,0.2293494183482674,-0.0042874948757778975,0.040693909232097314,-0.12104714072564796,0.024316679184986333,0.07782583098521745,0.015968733133893298,0.04820240280325372,0.01642759203535856,0.07681999315529137,-0.04635012370212191,-0.006424205300057467,0.026373933568691055,-0.022071835030931353,0.02829190265958989
240,3.212797848645294,-0.16033943785822125,-2.539267980219662,1.344899725259165,1.2865544560433468,-0.6920186653481222,-0.23461633062601717,-0.24001837420442362,-0.14252638584724756,-0.016645654276062627,-0.057110941550776784,-0.026451333620875483,0.16133562225491843,0.053508806330045386,-0.03860873316115912,0.04285531638745388,0.11751734045186249,0.1891666407060823,0.1255646950465767,0.005182453194773423
241,-1.041730629554512,0.9485360761187707,0.47435476304181723,-0.06930674482112265,0.295085564207125,0.029924506368953385,0.008089946496644629,0.03505230097831763,0.03507538819554823,0.011480309202075711,-0.011413388512254097,-0.007206210807595925,-0.015543016560359696,-0.006494934347525183,-0.06299089828613284,0.009242828068928677,-0.005078252307055345,-0.004609559824611753,-0.0012229130142498434,-5.0802780990441554e-05
242,-1.5834317303232597,-0.3946177502088748,0.2702197531325865,-0.1597789135360017,-0.036894249266851906,0.19371547199386452,-0.03318568714251785,0.07246855419003861,-0.11698557172582882,0.024806906306427796,0.0908424454465806,0.01508090484269553,0.058591520657551854,0.010536219193877976,0.08561697864235393,-0.043292032389388,-0.010719704509646336,0.043739388248298205,-0.02849783950547055,0.025145567588741036
243,-0.6933674940977488,0.22275206096231948,-1.0786758643860082,0.20644062986241796,0.040641420757899255,-0.2694661973643846,-0.333128601940087,0.1383779513125501,-0.18807849831728282,-0.01041381505374954,-0.02120816225994171,-0.03146853002401295,0.018914484416186983,0.003991514191479181,0.050227304300532016,0.0287087853396632,-0.02911849318253021,0.011451265465884208,0.00842983304875139,0.008570949777154918
244,-0.24654290434681592,0.3898958979447631,-1.3167830584899058,0.3506479575709309,0.22983496319008356,-0.3403932614861276,-0.38626604736476555,0.18598353935284423,-0.17333850257719594,-0.03308478154016639,-0.026131971463659365,-0.03635207605805535,0.027521005096396323,0.018072531772535844,0.032535120965209,0.04043514071978424,-0.01302016208436102,0.016798695062552826,0.010608304965663173,0.014372352301424224
245,-0.8190519761675166,0.16847562281708583,-1.4829443237439324,0.004082056035336734,-0.393464541964221,-0.31174997775997626,-0.005823921859529124,0.0866482266891968,0.06902961440952166,0.00497609640491186,0.05279695318241584,0.00071358517124398,0.015028723442981506,-0.008294748393843407,0.0042646963228883394,-0.009203978818605796,0.014889928863717622,0.003940715020045782,-0.01714056315731155,-0.013565426528807406
246,-1.1878708873243387,0.044640917923469914,-0.8812909790681793,-0.18016514960013152,-0.39854194115137226,-0.2836076637888391,-0.12222668929685854,0.08811346170763679,0.023060476705291377,-0.02410395683373194,0.08302155710733378,0.007091824647916023,0.0425261368519565,0.0013887309931490954,0.030905456310528656,0.001879252420632388,0.008370102409500313,0.025950760448235743,-0.056387094493293405,-0.0050487405420542725
247,-1.2115522477871208,0.04251864322792542,-0.7231329044260528,-0.15409988730098512,-0.35315801539262537,-0.2915232584035538,-0.15543615616395645,0.062378614752937545,0.04040784065695119,-0.015559718250185484,0.07236069631144876,0.03669169330292432,0.03329569599545243,0.004622143156966185,0.02687202261571378,-0.03554497063993495,0.02052598207034534,0.027090579316862262,-0.050987794895749144,-0.0216702612055414
248,-1.1376144495302487,0.01724035212394348,-0.9133669438358769,-0.13907700883766916,-0.3953430233378853,-0.3276858073370053,-0.14647013011000132,0.07687916808474904,0.03689921162530793,-0.013258238434815939,0.07802581065486525,0.02849920275268314,0.031387454344797505,0.0032226673454334095,0.031391597702471685,-0.021381614581903907,0.015224908991069985,0.02575722182175577,-0.053315091850637264,-0.01805323667566909
249,-1.1566353609790738,0.026683179846264338,-0.8272088906453794,-0.13460752769113649,-0.3742507434599981,-0.3161923641481865,-0.1516206573608223,0.07829408654654568,0.037976018345832085,-0.023698277454136205,0.07688676014562268,0.026086799630973767,0.03406533182047361,0.006153561348513914,0.026224082559867384,-0.01892025739673847,0.012475533370414876,0.02672821126261088,-0.05529082415237821,-0.017260037087986707
250,-0.8176117722072123,0.1675199386486561,-1.4772574978803252,-0.0003706344339735601,-0.3947697358548903,-0.31385535999510367,-0.008337793753298794,0.08655912926232501,0.06872044581819,0.004860809199025595,0.05355004352297732,-0.0007325378915643554,0.015380317417545891,-0.00740044457864187,0.0037956585071889093,-0.007057250487747524,0.014847886889548828,0.0037698543873389,-0.018320039355086,-0.015887438925919845
251,-0.8246003431624773,0.1599172613663864,-1.4752856463018733,-0.001445360224459069,-0.39823168420940036,-0.3176931997594391,-0.007642290390012907,0.08796033505153777,0.07064232408461066,0.00576724129556843,0.05684338683265727,-0.0006857985581912307,0.0198552880608302,-0.007998231684830048,0.0033969464866021593,-0.007871684394916562,0.01492272101597783,0.004526921264300154,-0.0174890357110985,-0.015551949184351807
252,-0.8239539486419298,0.1514633516395918,-1.4826899925173849,0.005024850586642593,-0.40261865166501826,-0.3213202004789829,-0.003986094652675742,0.08721814045366777,0.07259580830019213,0.005420831719693181,0.055733935547407076,-0.0015630954918236517,0.015692386285623278,-0.008455981669735796,0.002966017145115324,-0.008050204708628078,0.01649678711679861,0.006175338382395867,-0.017820838203092465,-0.013781299041333267
253,-0.8203661165027993,0.14649869553554673,-1.4889557263739475,4.0896553588964935e-05,-0.4065617704697076,-0.3321508884358129,-0.012782686119438835,0.0896650244470969,0.07157462220196634,0.00459839391892998,0.053813193798188885,-0.0016187426995268317,0.015568820295469105,-0.005493989043413229,0.003992342597431364,-0.003740442660106702,0.015809113231454647,0.0068269431134421465,-0.018238543259024437,-0.016153009681835806
254,-1.1830983106903972,0.04258938503154042,-0.874757683502243,-0.18743587556939856,-0.40124294056942245,-0.28629564505371746,-0.12485333656730063,0.08699223960642977,0.024667062428412212,-0.023015265329866696,0.08245276606265722,0.006684634942786094,0.03879288629508382,0.0016449479403648215,0.029219459332635145,0.002987183000184912,0.008289045898895148,0.026947966781534244,-0.057912826814849244,-0.006383564230947519
255,-1.333930969058768,0.735878574680985,-0.4384094418124036,0.025005024535531106,0.13943160858830714,0.3301796647543771,0.1480154846479248,-0.0022299166852499663,-0.02638081861970179,0.009024007451777283,0.02486764575307715,-0.005157370921387294,0.010160686521982099,0.0007988825929415161,0.009167053255168423,-0.017342484081764697,0.010223720804448416,0.009229955913796606,-0.009924835657650427,-0.0005484729759644841
256,-0.9023882984708163,-2.1708626949189984,0.3139269619306182,-0.027244182827767194,0.0012668735656579388,0.19761855789369032,0.013658955333753442,0.10497248294192113,0.021286483383166493,-0.0338705864595181,0.12911180332938066,-0.000515755047439892,0.08768688648048639,0.02370197923714057,0.051920107868077436,-0.036300366027203906,0.03587395402447979,0.0872763845885704,-0.0873775625680491,-0.0025649606722917967
257,-1.5865379013944905,0.7828330289319148,0.16780655269232803,-0.051920902872154784,0.25772639587450663,0.4561614800717677,0.13252798587539483,-0.02406151325376732,-0.04328246209349443,-0.002327859377597774,0.02630244216222305,-0.004706049286401726,0.009177381282883562,0.009057035138953042,0.01239363726463416,-0.01343643138573239,0.010289801598387438,0.021582645680652962,-0.024026265479834025,0.0014291157811164301
258,-0.43208140215224855,-3.0181152160295843,0.38678088677027134,0.0970416351511254,0.108046865240404,0.19624229044333363,-0.01950002356750169,0.13670669329183333,0.04688557782849215,-0.060179823665827525,0.1221911814662372,-0.01981430999810846,0.09790364976466404,0.027662100883839663,0.03812806453617246,0.005577059320584304,0.03273779181432654,0.08701509321068474,-0.08898091404494182,0.0036704599703488994
259,-0.4279477570076873,-3.0058339131362732,0.3947077417977969,0.08947155306153665,0.11118705773748633,0.19893337886033635,-0.0196794895500495,0.1383750661753751,0.05320391014271489,-0.06432003198228725,0.12342932922247957,-0.019082589885327905,0.09885374435485034,0.023490722552849973,0.038169066979423655,0.003662673917791459,0.034149120325149634,0.08985288776640488,-0.08582329298967337,-0.003487907812320945
260,-1.466963648058817,0.7604085780133403,-0.3161710648929823,-0.016051409370727132,0.11733443765172535,0.358729462780049,0.11066935312884862,-0.01643624514696823,-0.038793449034502686,0.004723063852388257,0.024711658466840092,0.007152019111890673,0.009850160802810703,0.0035550210834320584,0.015228486572109068,-0.016136091442333023,0.004056212698352907,0.006646504654745311,-0.02380007184076144,-0.0010230897088332747
261,-1.5083316696577231,0.8336539480875746,-0.14987946368717875,-0.01420077300149547,0.17845728312688075,0.4011474255618863,0.10034521916407113,-0.035265562617266544,-0.03771995284872717,0.001586407829528902,0.015002932153874604,0.015708717139367445,0.00489062698246065,0.004826047286331243,0.01498964424619087,-0.022130446033187978,0.010823529510587876,0.00948649011386557,-0.022545099413477265,-0.008658338401953625
262,-1.6131119869738777,0.8498187510142774,-0.05029119896626444,-0.04991552936765631,0.16208270183368997,0.39708680507058336,0.08771385162885192,-0.03399540621816616,-0.036976085629804506,-0.002593192589919968,0.026910762424571077,0.014248216625123766,0.009657990844559733,0.008156019793208541,0.015417570920320284,-0.02124466600243305,0.010245537389080656,0.019296838149388346,-0.027385961244307533,-0.004752359343096077
263,-1.403056992710944,0.7738773577607532,-0.2904836106868922,-0.021510036469957416,0.12937859364725307,0.31874292203611154,0.1378820949916415,-0.0008941016473867358,-0.0211075241286304,0.008160741024808904,0.027640088948933994,-0.013443931607412307,0.010640458420693583,0.0012968307025736092,0.003015861236346118,-0.015127495686571873,0.0043464480662846194,0.01227645802834762,-0.014607773440155875,0.003379907278821981
264,-0.6381558641855838,-2.6574463869294638,0.3700480773917958,0.0577559384751658,0.07797667878586886,0.21182976984346813,0.006017494984961902,0.1258424443223286,0.03735123903378995,-0.051459026320609794,0.12227463199784527,-0.01669038652888566,0.08942612952842782,0.020359951397472743,0.04376343057373913,0.0022524601386348375,0.03450936990811615,0.07915082595901962,-0.08307113292335075,0.002262884039611307
265,-1.0676294924164802,-1.5110302374795364,0.26415982407925753,-0.05531894426587902,0.016516964881209698,0.21759532701503925,0.017162505041672493,0.07467318956306201,0.021585380755305694,-0.022038722264804328,0.13113901239796077,0.01732386446430223,0.08278882995410708,0.019074546219229063,0.05351996896860939,-0.045082752920761554,0.043373665801145406,0.07460941996300433,-0.08107285229772362,0.0004919300723402326
266,-1.9214825481312037,-0.31659150245489087,0.33502419439540265,-0.7070652775010307,-0.7624585012317753,-0.18362057818844962,0.1502150469928259,0.020565235517024383,0.15949678738541923,-0.015970093893207332,0.08799758222022569,0.02176715048300687,0.07020464037086371,-0.03192992546010372,-0.029564881633322743,0.04055102875470101,0.011429882760478377,5.079777954963838e-05,0.019663243004274522,0.03311923663273866
267,-1.8591505851001742,-0.41285095305249087,0.33442698066802556,-0.7005318577545618,-0.7611589006102054,-0.23240084163038444,0.11882891455018152,0.012269225382817939,0.18085634083456636,-0.016217933185702457,0.04950966639247534,0.0008757575095897363,0.029818482951360997,-0.027329932968006815,-0.042931630748403976,0.03652704298889095,0.023542289203668215,0.004717439218844294,0.0055604416455158345,0.02161086623343339
268,1.1797089135048417,1.361961211560974,-1.3701868715688925,0.7194332864351669,0.2165401959414417,-0.22123051944779915,-0.17542566598512588,0.12896827524436416,-0.24913625121830082,0.01656745969139245,-0.02658924317205652,-0.03458806260978442,-0.013996857143668745,-0.05208307858189421,-0.04058919170745756,0.036197503459165364,-0.03217869845823906,-0.05251786042740858,0.08493093237480065,-0.026206107017032854
269,-0.7723311426284027,0.4257254826336947,-0.6713260685254978,0.051639732192768406,-0.05767970264524978,-0.02352806075619074,-0.16736222162984393,0.06314203261869827,-0.18699140741006595,-0.06255528278582406,-0.02936209294147768,0.033673973257523804,-0.0015714690824450983,0.014496466583431004,0.05533633612967201,0.02829004865536147,-0.041171486133804225,-0.049384477676030464,0.009623606110956168,-0.02698743643282972
270,3.742295931632855,1.4613089393253738,-1.4793102872610135,1.373729868560318,0.14069460878157236,-0.43660750932446724,-0.14836270113118522,0.2300795110455881,-0.3156993056687277,0.10877030707237106,-0.03112659382466676,-0.11317534794213241,0.043824763585747994,-0.008705356480012333,-0.052731272832030524,0.06873149208832077,0.009598303007468001,-0.03651371602409062,0.0571908156030736,-0.02588683413715598
271,0.281711584306942,0.9257233024984544,-1.019917890793157,0.45481940762736883,0.16991262841245325,-0.05787397441553266,-0.1182572321506799,0.08320883272152862,-0.21532602275576,-0.06054402543819368,0.02589057998049188,0.024272313364631648,0.023693253031224187,-0.007867196687316374,0.02860579047032452,-0.006532562998784963,-0.07539228832830701,-0.0465923398288223,0.0010062153092961212,-0.031295888572267574
272,-1.8965381029497843,-0.3118539207531317,0.3084933011926507,-0.7130611583479842,-0.7869852300199343,-0.1931722738268271,0.1594839674981648,0.017312669488006915,0.17805602879653,-0.030316340398622035,0.07245782789422,0.0007904194261546538,0.05806368820754809,-0.016280657666455586,-0.024401132314104984,0.04259548796576698,0.03310982979852148,0.002593652594887308,0.022216524576671448,0.02067849230070487
273,-1.3750853588357108,0.1335342333109235,0.43956108911979097,-0.43406318177089664,-0.536047279382939,0.03259915489076526,0.06282998996425637,0.024390381104162473,-0.0369093857102539,0.011080461208074238,0.07088178220936481,0.005353658073697198,0.018174468929901627,-0.014877679592053536,0.031158607148509432,0.026422479706450203,0.02230552381333059,-0.02350997640740987,-0.036107429744449526,0.03205500357116933
274,-1.6327934629391692,-0.23295830032130738,0.31782791424405055,-0.5325762982029265,-0.3795411048471088,0.018434903814450676,0.027178891879126033,0.022622679165624493,-0.07298347701211813,0.0242163143672598,0.011291082757290183,-0.040630926191689065,-0.008810786613539706,0.027941078041705876,0.008025359949270422,0.008301378092301331,-0.017137651101257118,-0.0056189379720269494,-0.005559529487588366,0.0006514728685378529
275,-1.7479175260537234,-0.1154220468719398,0.049548897137229986,-0.5556725868694303,-0.5271510820707448,0.03523532396215201,0.08140846386331518,0.07283671508516382,-0.07101607657254452,-0.010110261969267592,0.11328514937389289,-0.031243163714359312,0.018102090749230748,-0.02889280410560323,0.031902019314353214,-0.008205388194582997,-0.04166113816424821,-0.004745993430884721,-0.005856736650649758,0.04941460658838298
276,-1.7485289164298283,-0.5239227440545431,0.4661261548889115,-0.5275072567519605,-0.5290142601255587,-0.015157146426198809,0.018030650436865137,0.020917647014112306,-0.05385273459072423,0.04531654857282991,0.037884024028458196,0.007389028277821674,0.03982205084195284,0.017516473112415033,0.029131660914577695,-0.022317828338650064,-0.015259213478144282,-0.012877048369041633,-0.04865597363306448,0.02904534732339112
277,-1.7227823497859625,-0.8237213827306533,0.32013883154085576,-0.5596006750195133,-0.6015290220686196,-0.06290243984616672,0.009525881338100617,0.01237042536519617,-0.00620242602502305,0.01740145059616742,-0.016302494913134347,-0.03670031122555678,-0.03526829346051913,0.0028451293957549306,-0.009181005252790628,0.03733358834674752,-0.011043341028897882,0.0005867074732570643,-0.017657504211182284,-0.016564432953293212
278,-1.641443103557207,-0.38614593033186395,0.36606840435191934,-0.4215432675092554,-0.3598613995470276,0.05201388437049248,0.023953623270782542,0.018811018786113576,-0.05878103275332833,0.02244351324034883,0.022119185872981895,-0.0002691731276849296,0.014516917198460988,0.010528938076099115,0.00892361178731585,-0.006411782906121211,-0.013373652009208495,-0.008424314430299368,-0.023893304698282047,0.0169630093090134
279,-1.8265740129731771,-0.8089003132646599,0.4235592985718686,-0.6448224717520139,-0.6862026016174666,-0.137287477988718,0.013501870173615815,0.024304662801601262,0.02015392663977944,0.017644384816148634,0.030687184618945984,-0.01887572956944611,0.028085644431588647,-0.0034555552295838926,0.00783733777922857,0.01064633372379764,-0.006107784378859282,-0.011209630871026777,-0.045581207003343865,0.022449702884603073
280,-1.795090140316793,-0.25525325219333794,0.2765957764216189,-0.47684276456127783,-0.45026052131187166,0.09171101145645966,0.08020445687499389,0.02234474283182558,-0.07812429638334425,0.02820707175366548,0.05553486307232153,-0.02688790571047911,0.016719906417067942,-0.0034674874695975848,0.012483981791788307,-0.014967066325515477,-0.009724105136277639,-0.02959920827754073,-0.034438527287959514,0.0215561580893969
281,-1.8217568964707844,-0.5712663350633207,0.3347283794935123,-0.6056893661160854,-0.6389486631668596,-0.0823375895867271,0.037603507026434946,0.007786345617235013,-0.0010024993929600157,0.006952987920084218,0.030269154826214895,-0.03211666666658186,0.0040702915763981,-0.0013465490250054515,-0.004392698862527827,0.027918783946210862,-0.021484368544305063,-0.017410483423526024,-0.02060113294026783,0.02090619065450844
282,-1.2292460261104168,-0.6275716986891808,0.14286330103633738,-0.29889831170131487,-0.23137419980432455,0.05168579347679536,0.023881169000520064,0.019156286208561857,-0.06268730068629783,0.012327062282408194,0.05217772638904905,-0.025456854280538288,-0.02768109856014342,0.021498406113188387,-0.03226008096354199,-0.028649083769834605,-0.014595013437510504,0.01066999075764205,-0.014351368445466667,-0.0447140405707675
283,-1.9061668731356933,-0.26975559103208546,0.3044313250104853,-0.5964143550625747,-0.5945227643694371,-0.03628452214945099,0.06301623527938177,0.002634091483356582,-0.008845056216115282,0.014692586368554326,0.04149188219017086,-0.02106524732563264,0.029263062674312168,-0.007822255906967238,0.005093907145218679,-0.01920435783401686,-0.007629949872884623,-0.016439433868985692,-0.026194771753133506,0.03910766484249001
284,-1.8295611712805986,-0.25792596406748025,0.31676730856779045,-0.5637324381434348,-0.5210121770826879,-0.00949583785922914,0.049283719157477646,0.02126939366226116,-0.033488682156665645,0.019338826381735015,0.0392729812485173,-0.0207991844084624,-0.010288627112437387,0.008655436173353091,0.003179645416804322,-0.0232636994847564,-0.0098438666824755,-0.008627123851265961,-0.024658620615772064,0.013486710487600584
285,-1.958655155557735,-0.3927282162675354,0.29278942494070037,-0.6952778249151619,-0.7139574711976221,-0.11838205120637135,0.06063165849964414,0.011000075187745206,0.0032752885066880955,0.022754710635004224,0.06253148785587803,-0.03002426140178216,0.028014214008266924,0.003311827235311711,0.002680981765221968,-0.014077988503632372,-0.02734188740465726,-0.019775435217494836,-0.01642171284019145,0.050658968589764736
286,-1.916229941984148,-0.5389029668662655,0.3755940175239916,-0.6853520365404568,-0.7305745996841575,-0.13228023748488082,0.037690642371967176,0.032166613713296266,0.03217781959051502,0.004386909493235766,0.05799134179614279,-0.023709088144329316,0.037831094834673284,-0.002902048707345256,0.015117208304331303,-0.005294255863211167,0.008063175935614592,-0.02038660921135274,-0.026077777307573824,0.03104463744243799
287,-1.6424433321631104,-0.05828148356851948,0.2022284045182463,-0.4538320146676553,-0.34919511692723365,0.0803055085553217,0.04454840146937966,-0.012130567999370678,-0.07953542890636736,0.00808824365324131,0.03294538871625291,-0.046141997282948655,-0.011309457850057797,-0.012203751306164093,-0.029780837208448208,0.030719072618217352,0.007108213356355669,-0.03186013798492074,-0.04016962590435397,0.012662668523667986
288,-1.7789282623055334,-0.2041046492816747,0.28037723388789626,-0.5057182532005777,-0.4440101630986303,0.03493878739375145,0.05697135159561373,-0.011474916893936649,-0.04310884316158367,0.018519606210926243,-0.02160134502702571,-0.050253358243475876,0.005492239380611552,-0.004626077646445806,-0.024858978637547796,-0.010416254479093945,-0.014264674882919229,-0.018772026155832067,-0.013646612933278207,0.018451520862451803
289,-1.696571856629295,-0.1682995051301539,0.039300294158944205,-0.5452395915153434,-0.6494539044626085,0.06390961110174254,0.12363951487461647,-0.08764362717895335,-0.019681281373310627,0.028592133330403027,-0.09628770862312985,-0.03665283190403129,-0.040868502176110516,-0.0017924043088583287,-0.060120116111325145,0.019460827977575368,-0.02206427883431797,-0.06615850451263998,-0.007758468055612894,-0.006609093693181828
290,-1.248808536153044,-0.16509821731592922,0.19648231258630489,-0.4102814601572846,-0.15617629930484744,-0.1949016947826484,-0.11127145496045598,-0.0647568163026474,-0.038904964436178996,0.011937777660088397,-0.016892100864764614,-0.012190455348478957,-0.0512212478686542,0.018610752029720172,-0.04329430458246104,0.03647550754085113,-9.165824173471004e-05,0.016172494142261185,-0.03581114595810078,0.014222324579539869
291,-0.8716862329834036,-1.2109253827368693,0.5506301192413341,-0.15712588419641893,0.008967876540558375,-0.10854345369424978,-0.03186865936799921,-0.03670459144174576,0.03412130387243206,-0.015368240531599436,0.003216296107941219,-0.02269688984919438,-0.011307906685323638,0.019451440297062236,-0.04254785812887024,-0.010851792639941293,0.002437487912727604,0.02790330917951661,-0.057034544258130704,-0.0013058675092718075
292,-1.0078077929281513,-0.31158105792088975,0.6542834450357402,-0.2776685456331567,0.060743534391710874,-0.13533411458602096,-0.05298236382772603,-0.03351004707298588,0.035717298369116635,-0.018212257395761475,-0.03645346393183374,-0.014007435807985136,-0.014807124563140567,0.03492189412222296,-0.024549002474290343,0.019019071414966365,0.013692327206824534,0.04271312029963262,0.023289419885950347,-0.015163610855921439
293,-0.9113424861095423,-0.8546337647835784,0.19983572294302832,-0.2095657691931061,-0.10038888609795918,-0.2505388739398384,-0.1534404981198465,-0.07089039033754962,-0.005698242050678676,-0.04217748833066691,-0.044175876889445354,-0.08433574809435174,0.0595660148659482,0.045378109703430564,-0.01943844036097689,0.033424159712150986,0.05391764570937402,-0.016734448585034423,0.04411263302878371,0.030041474129814866
294,-1.050786336772516,0.08948839364734162,-0.04116161228646842,-0.35770394119447246,-0.12586148944738212,-0.22332238516736225,-0.08321220881051894,-0.012538403164751577,-0.03421821435963465,0.014900896217594536,0.005058846491811653,-0.015336514096320086,0.03125925638983673,0.01829057236511037,0.0048153837435316316,0.03311632722587246,0.035665145982001795,0.03510773073931131,-0.0022701282856901484,0.0071445075497291455
295,-1.1992166208359896,-0.4040666242243862,0.38957219572460566,-0.5115927985208688,-0.12776207800698813,-0.21358561237061613,-0.18301911465629417,-0.11667635183542102,-0.03264379625473915,0.005398832757801841,-0.008621844203978657,-0.0042098591991359124,0.01530395252073205,0.0039764822725427695,-0.017893222631792632,0.008955924575385382,0.03383567900111528,0.009677677844035976,-0.005911176281375191,0.04222440257777227
296,-0.6432767426947699,-0.4160093427447311,0.7593264163919473,-0.31499961389523223,0.01943305534977076,-0.2820373674089373,-0.003713470004488739,-0.037618476139870904,0.12613110930936783,0.02398907787295121,-0.021149495056794698,-0.011199968648911873,-0.009610450985727659,-0.004075166932293893,-0.008834976385624208,-0.008919846272242293,-0.011418866722564924,0.01595895117925658,-0.0017538180408450676,0.021964131869910475
297,-0.9834899528204426,-0.25436424343932096,0.4923657714480463,-0.5640485483213533,-0.19452766059428397,-0.30882700354874604,0.03783776645827619,-0.036524398625539245,0.09350278985173552,-0.004276407777532312,-0.029102846761497658,-0.0445615066153367,0.00681772952920609,-0.015387596451577432,-0.03538112528911484,0.009727525931127884,0.058211667618305846,0.04186861798391289,0.052804679706542124,0.029892281697741746
298,-0.8883992821071836,-0.5676252221991014,0.6852119838611808,-0.4182491182638568,-0.07872403026976187,-0.2958636673893008,-0.02545842005860688,-0.013953475457036513,0.10265425520909252,0.019720916592126284,-0.055781034402484886,0.009593513150487176,-0.00021052310906971572,-0.010451142267255843,-0.04450326516211668,-0.03855854137090711,0.008792741865665171,0.06014545284137371,-0.01356776408791674,-0.0062531058881500345
299,-0.8170104889385783,-0.44056020143946206,0.5012156540891546,-0.548614625976076,-0.13542732020111628,-0.31765136745456124,0.0160149860062469,-0.002665646858025672,0.10083028594541679,0.018825293121941283,-0.033055399061645896,0.014512781673915398,-0.05982237624409395,0.04288198661276163,-0.037753310177526506,0.004275734237961626,0.026847775614223357,-0.004917424230339668,0.02208569046274536,0.02224279483483932
300,-1.3373433866503035,-0.7303631524495362,0.24538342986384265,-0.6495589739479133,-0.6313647757195462,-0.2721571661675742,-0.044031497858122715,0.032634178886544685,0.11400816040231625,-0.04592889516907818,0.053712492193946915,-0.008276353811772885,0.018201338621361224,-0.016761062829686507,-0.010901648341926709,0.05010384120398878,-0.02709727666995221,0.045436469525312606,0.12049313375657061,-0.04671871745569678
301,-1.2867735963733145,-0.2846396434591245,0.13320183996933732,-0.5802235591749518,-0.5411044870089781,-0.2401885887967068,-0.0754611594960678,0.02855715845733936,0.032978368700185806,0.03203585688040761,-0.02219497148398064,0.004438213042846861,0.07004028354114644,-0.008130994027633051,0.03150592893025095,0.05987899249366224,0.02864935893706308,0.013981517140104927,0.09330814005618926,-0.018518667965270325
302,-0.2342267804293403,-1.940390157473999,0.4551481808034241,-0.1447161072886356,0.04979693523104367,-0.1899160945744538,0.021983026279642104,-0.042142837350434004,0.08798883498958693,0.015153891441881034,-0.009119253847010511,-0.03965447809992728,0.06892055003792186,0.09686103408621866,-0.00246033958304874,0.07837763389807369,0.03381342767394882,0.022401215057328894,-0.054014415864048565,0.05241760377664423
303,-1.2637492660191043,-0.19291436329282696,0.21503902214535575,-0.5702665999902781,-0.4725921520385706,-0.20790984588942002,-0.03277457484124596,0.03218017600590001,0.06290295933386467,0.016520508652845413,0.01535348191214475,0.007762380993992124,0.06123789274743563,0.045139495886636904,0.0843694886460824,-0.058433766116304964,0.03965542197333716,0.008149705408440622,0.10233814328029685,0.04057143174873962
304,-0.49038721946430996,-1.355868018846122,0.6794346121611845,-0.3419737294862619,0.03797443229395209,-0.19762154712428714,-0.02497717574829239,-0.03491300768229533,0.07665755810208852,-0.020879613247267073,0.033619917027721435,-0.041851638451037676,-0.03681621563850229,0.03755225848331306,-0.003710087786535754,0.08683373271280063,0.020869786907747157,0.052915707277484486,0.015327352538360706,0.03642883722876383
305,-1.6119394558790914,-0.8606202004152905,0.434005766277731,-0.2976944838378377,-0.22768196457391246,0.06281647852519434,-0.057869464432798,0.01683804046065751,-0.04875869833597932,-0.002464939334019714,0.003608173252533542,-0.015452213504421275,0.0016927306569889944,0.009618077836493807,0.013427567029406201,0.005560212241704915,-0.02428287607375737,0.0012128056811371302,-0.027555738558487725,-0.006733972503518773
306,-1.7048330337568718,-0.5744597136781113,0.4615862344318593,-0.3528242163939783,-0.25093214622981463,0.048974082017939846,-0.04794666711585838,0.009381012126388644,-0.04764169707186186,0.011355844295769149,-0.002228165066201937,-0.01209707791334702,0.005081939806935165,0.001557330670413179,0.014193357644255278,0.004780030963517812,-0.013683251091454574,0.0008182148419329793,-0.025141740679217567,-0.0006561090527227448
307,-1.6472178019795223,-0.3675567989445998,0.45696100979878995,-0.26949021704096277,-0.1284719448563359,0.14660432737606222,-0.03505220129181874,-0.003763971916023734,-0.0621304624765496,0.0035886646939664937,-0.0008790803774997302,-0.009848765789501446,0.002303533293710275,-0.0009115474698698466,0.019384370046216237,0.0004455891663143752,-0.01672197308373463,0.0013441382382819722,-0.025619442945616105,-0.006051762581456344
308,-1.6064015626879673,-0.7331484783610627,0.47580131583726804,-0.30887476355358023,-0.19466934500133515,0.07260759934400152,-0.049274529062753314,0.02014997256422818,-0.053129079382341377,0.007208694205430091,0.018205956869474127,-0.02444736263280095,-0.008071269195024683,0.006909162134938127,0.01793554542280093,0.013378092474015335,-0.016870689510045014,0.007788173556237815,-0.02759286269612593,-0.013319740482482648
309,-1.649092690884694,-0.6093504417009914,0.5052868089440716,-0.2850152912084418,-0.17079871525115403,0.09744625525967066,-0.06819536445457564,0.0024927246385276214,-0.05906741610638214,0.005844955942435441,0.0024264756375847463,0.0038611586200561487,0.007624942671431323,0.003504548664620584,0.018307739514677457,-0.0066657844185207815,-0.015046819947129406,0.002581720661377268,-0.030675511611392814,0.00034456864645089624
310,-1.724172893004857,-0.6216477108610086,0.46292899172368074,-0.3717806994485513,-0.25616311922350193,0.028674383049392294,-0.052936008143798285,0.008760932791094078,-0.05000714058708336,0.006293493026544354,0.006638314812579038,-0.014065896220696095,0.006971141460732327,0.000878553719881249,0.011701760418802942,0.0010024261233595178,-0.021618548523079914,0.011463721699941837,-0.024491034659587962,0.004374977673021668
311,0.05769509800519845,0.6988914112336744,0.5096847760167904,0.02068616991110206,-0.2666047180003156,0.3622399766739788,0.008688692027868705,-0.06039721915276497,-0.004697872713710083,0.033659436635220086,0.15905094699870626,-0.11668637749627808,0.02954935077150611,-0.11380827076720208,0.022052611679120232,-0.142818569006195,0.010036285490765101,0.08256704089080646,0.10987628588953519,-0.08112172681122996
312,-0.8045654637716204,0.40760091714007274,0.08916779140781461,-0.04756796579423117,-0.10151766354667051,0.3374263765630484,0.007036367229792173,-0.1281695845217743,0.14720684029357928,0.22044601789117135,0.08814224584505703,-0.06084471826237914,-0.018737955248323,-0.025598016783095506,0.1487663448794821,-0.022792813783953897,0.03029526759448778,-0.021824130227939414,0.09909926006461328,-0.06602199244341068
313,-0.5411947802613923,-0.0400982751174741,-0.12928927147702662,0.07205786351572963,-0.11068370336990253,0.300594786548556,0.021247468825304205,-0.07071420415350571,0.13186471153309615,0.19685144793281675,0.08211224738779421,-0.05457113003791125,-0.04019124146325265,0.009050183743442679,0.09761966990965282,-0.06302415816500662,-0.037923819041838294,0.017106890964861066,0.1333493441373491,-0.12455768800170167
314,0.19663486076473458,0.07664967397993294,0.37704205088394627,0.08207338670846465,-0.18061234945687474,0.3906896436955476,0.06119623102878152,-0.05867626038633489,0.05979271483951465,0.1270499787204922,0.21578198267721993,-0.05163423242041476,0.14480109317113848,-0.0376116129405864,0.11288759389173716,-0.03545788249109147,0.11792383950736882,0.001915030437776577,0.16802567602673957,-0.0783548741602686
315,-0.8797072986201524,-0.5635224099407381,-0.15513117213142902,-0.13213956408868954,-0.18465817954938335,0.3180172831697017,0.13321883268676046,-0.050606282477730136,0.02655418376577426,0.1743943416729613,0.04925881686817973,-0.07298338954161199,0.18871659537031776,-0.06477522202882735,0.10959125410261039,0.09618700066933589,-0.009464427461951197,0.019450836820215534,0.10769491525719273,0.029094136902321238
316,-1.0969693954362958,-0.3297287443424306,0.01077149467216465,-0.23242413664170192,-0.24920366319677492,0.30511928007499534,0.09332573583015613,-0.09071933008530075,0.05904539078193102,0.168962957914908,0.09054540919070425,-0.1255304932896134,0.07943401775460629,-0.052555063915151704,0.10144375172576364,-0.13299541130111864,0.03852245315285541,-0.06837082935981657,0.09168154970122397,-0.014088627878390228
317,-0.789680101171494,-0.49101070593901497,-0.2574173035606906,-0.15366071856844377,-0.2632202259134619,0.22838861584795012,0.09576412547212637,-0.12079044470340672,0.039231023168521256,0.23875930851768096,0.04826664381638046,-0.0486242701313363,0.05492059444942071,-0.0012380734946449215,0.12216783874512871,0.013020964526127665,-0.026407564249676094,0.014468557935427284,0.07173249620289054,-0.12885624133077148
318,-1.4022177201553427,-0.034200249204420885,0.10557975377055229,-0.5317135954420178,-0.5443511711482573,0.000668173936072658,0.036022661975560144,-0.06684812154043929,0.06918855296010823,0.1440113219813395,0.030170146526342534,-0.10833537033671242,0.0073238238775141795,-0.055773337047969745,0.012137316780717444,0.03983850940002254,-0.08032258601462282,0.03883549063900421,-0.020251970348922288,-0.05859522038424242
319,-1.4965233858784002,0.002556780756684418,0.1333302028335579,-0.5350349588457575,-0.5632573521770805,0.019307725823859867,0.06402618609761412,-0.09679510415201742,0.024758998257198517,0.09119808431950364,-0.008967400249289215,-0.1786232319100669,-0.04406418635152484,-0.05519618315635736,-0.029230133981490575,0.04173222069771801,-0.05024332489607489,-0.03566160990535633,-0.02837465845515247,-0.01725022325383331
320,-1.3893680219210403,-0.2179011451984536,0.2304650004140365,-0.39411344956077654,-0.444693682710006,0.09777397468161175,0.027106862210084737,-0.09100519378466998,0.05764153720351675,0.13884212156184286,-0.07214512288628494,-0.13415709924016966,0.036021450445998804,-0.03730800320729988,-0.014391942227588092,0.06633819802075264,-0.05455224835666206,-0.04583310524311057,-0.028215952772192465,-0.050376911314561734
321,-0.7727302178393991,-0.790042472599584,-0.0800064721939755,-0.19264082870010224,-0.2068792021518266,0.28481306182117194,0.11617051773516976,-0.015879966929787992,0.026490219369314977,0.15619971705967078,0.19599295228967695,-0.06378656099228125,0.004717118539221715,-0.0815152882491708,0.13758225801289609,-0.023398320536172496,0.062092832945790405,0.010090326862623206,0.04133925776075795,-0.16087165532650366
322,0.6622391632072642,-6.883748932563666,0.8905668102448168,0.6773542828735608,0.3955603526290814,0.35908088442857755,0.10930876204045914,0.1768758340767146,-0.01019840481917167,-0.003537125873400923,-0.1775809571454768,-0.19817190396768747,-0.0724027299056301,0.044850671438165735,-0.05097056990795866,0.10234813195274454,-0.06592714249752693,-0.004013664917290827,0.033205885370619276,-0.03216746761716251
323,0.33005602769461007,-6.015410346944772,0.8327248015728337,0.5720873913109277,0.33811757785180485,0.35740561187100095,0.09140591453240299,0.14787729229554714,-0.011610840299425135,0.009337558257519155,-0.1516700788869242,-0.18104588176730563,-0.06063891702232632,0.0369760655316031,-0.03593532182922246,0.07569713646066262,-0.06155734967576114,-0.001245155365732331,0.017801980122614247,-0.02473226215478959
324,0.6082982973438984,-6.605669660654431,0.8423052290300239,0.6726033891123897,0.38820977639587007,0.3754789334351132,0.11174486749215673,0.17751807652220913,-0.0005677138967015716,0.0026119192713350836,-0.15980254163788657,-0.18911641913192243,-0.0617514955009181,0.04207722090657215,-0.040382089584681216,0.09049658342569811,-0.060931795746875975,-0.0021766019408935577,0.028480637399473152,-0.02618240071597397
325,2.166613687940894,-1.9483070408517502,1.1085512220046256,0.350260541678153,-0.35104706380742245,0.2596269605792464,-0.012375389898335476,0.04975689737018907,-0.055244747388222964,0.013397067453238376,0.01583349633670933,-0.07448992350429628,0.19736635480567488,-0.004727770191189418,0.07495179618784945,0.06751258064427648,0.17721541762803697,0.08622317086287212,0.17339239413611857,-0.10353115878608646
326,1.6537700877578572,-4.304266625915697,0.023580243020774994,0.1596191965068927,-0.02869234274057378,0.29803071677146975,-0.015398711701843482,0.08897073955180657,0.06512608504538372,0.11448154403694301,-0.05748925649369463,0.013520482075927986,0.23830265955675112,-0.04352046328237909,0.1319408641876949,0.055048974660610234,0.005729557852316297,0.04486876754597585,0.2766853053271022,-0.09038946476420856
327,0.5943777344999033,-1.976145397015582,0.8842779033208341,0.08611220396452568,-0.23852430091894058,0.17797784683145357,-0.1533673350424083,0.004647467522407023,0.049742168561043076,0.16559161263547417,-0.12058610754248991,-0.0830632548455442,0.007235328252628875,-0.12021604761226404,-0.0421363980252826,-0.02783653027273225,-0.13050600419282263,0.02384049051439413,0.21103305589002178,-0.10584541263008415
328,0.34664580887856467,-6.033533115412747,0.8349445797259918,0.5639155234200057,0.3405400848541756,0.35414665643802756,0.08468758656075498,0.14803989616574548,-0.011037618752036432,0.005337496451023195,-0.1490661528803749,-0.1841946126447027,-0.05870951444888675,0.043338042030297966,-0.03357061322103022,0.08045516551391814,-0.06094513865776169,-0.004353180864665379,0.02209874056715508,-0.02559570644225595
329,0.4446117035739343,-6.248441553582934,0.8250946168795235,0.5835737303589217,0.38122788679462877,0.3865761213675656,0.11512906557755284,0.15509764491523031,-0.0005177419918581394,0.010280243810105727,-0.15384130789948658,-0.18834251971638138,-0.06200291139803546,0.03970864370264107,-0.042215325845797125,0.09151229610789749,-0.06381771758595273,-5.91378672632481e-05,0.02797879150313709,-0.027340580733796443
330,0.6397253185636114,0.21826380712854032,0.823437219312936,-0.18629243512760896,-0.2536018679895905,0.09306859612532592,0.16113042901905528,0.09855820612518618,-0.11063983942101377,-0.2750061872399549,-0.03346905282629081,0.11235555683204068,-0.013802643593937347,-0.022475742258667705,0.075504082332505,-0.036176651724293074,-0.03423370353843094,0.09117486713329687,0.049586454653801154,-0.044590043468100124
331,-0.20073029257166475,-0.19090774372589436,0.3416901281895415,-0.3430894050990281,-0.13125999284547296,0.09320913486734639,0.2690910527022809,0.14386812555170636,-0.09124501903499885,-0.2972888879726656,-0.10933196637995687,0.13006449315177676,0.014303013450750801,0.00926325586811401,0.07979996380274551,-0.03916155715522121,-0.04288550817825525,0.050731974610030706,0.0221396179381996,0.004009429799969266
332,-0.6826152052325387,0.15237470504566986,0.4796328845270992,-0.4868553390876329,-0.2422309931315904,0.05136104478796566,0.25951314453464064,0.09295113816460121,-0.1034701325140456,-0.2702725077912958,-0.12941104568756726,0.12755545560551035,0.007515500109896045,-0.04348247130520228,0.03855806052639604,0.03929624533091816,-0.06331899396452063,0.06581834498539935,-0.026811310365669583,-0.045160232515201376
333,0.07035564094555014,-0.4649504485705318,-1.8643346228199444,-0.2425180351200109,-0.9901288879158491,-0.7347910973981358,0.3676210987309808,0.17069963466335525,0.3760200607915705,-0.24201957666936735,-0.02629043458475422,0.14642648900350608,0.04274382931247456,-0.007473234085341479,-0.021765956301593115,-0.00365209619988599,0.05541960428035542,-0.000797754088782493,0.061233832926098145,-0.03297672648839178
334,-0.017618534694205046,-0.5736418348197656,-1.9986721255325404,-0.3185299194364162,-0.9618832197132913,-0.7837824825399297,0.4394063456344419,0.20449515894504605,0.3708144418033483,-0.2673884542035169,-0.05059041809454856,0.13944790904935822,0.04067931231813304,-0.004198301426945286,-0.027744628052699963,0.0028673933752693392,0.05226151531184617,0.0019094068797307628,0.06710260928044429,-0.022690521396505015
335,0.0017491074280915342,-0.5115447095806793,-2.0040210397722937,-0.34087454965543174,-0.8825592145383481,-0.7724399663003483,0.48619288304561314,0.21241476391633363,0.3442076601120326,-0.2797943984431857,-0.07523704237959372,0.15372163725861288,0.03692837657578352,-0.002047751205205537,-0.01394888188853173,-0.013874224486449982,0.042277069508087545,-0.003243461562497635,0.07797541572711897,-0.0214387610007592
336,-0.027265136492322206,-0.6346090306835368,-2.1061261697482196,-0.3535435259151396,-0.9429694717285672,-0.797083789196685,0.5043563278187515,0.22069786538097724,0.3673131606254192,-0.27685509486554105,-0.06464041123513503,0.14982144821357501,0.04328235852599027,-0.004054013390416961,-0.023550368360923404,-0.0057540350283602215,0.05183330633796995,-0.0010507731241451435,0.08406025511986323,-0.016301499478788117
337,-0.13044328296597563,-0.7399149025959701,-2.095705145752843,-0.3567896347913644,-1.0327118240559245,-0.8046490638439963,0.4710540867963518,0.20225306878226035,0.39538122020970357,-0.24910208455756278,-0.03462437320092604,0.1354297305154803,0.04324863894028913,-0.011169747291249383,-0.03174778134525316,0.006322005903320382,0.06484632685119404,-0.0013419786762236263,0.08398305183699842,-0.02147839081673758
338,1.714980226848306,-6.4368067274266725,-0.08765212433321423,0.9168343931005183,0.17996753035267368,0.09256542337674989,0.16013103341667856,-0.06274998705064638,0.11712351939051285,0.09110052723153937,0.019051748943965052,0.008141158959439176,0.006174483548683302,0.029383613575885405,-0.023940143071196004,-0.09646803437806545,0.05129714305026209,0.08129899007448038,-0.07533843685015154,-0.024687696281524965
339,2.328089620923199,-6.8811959903868765,-0.6180382825004376,1.0007352849405848,0.2574567422627516,-0.01280207806365219,0.2761126185298692,-0.12486487595492957,0.11472002124186284,0.06140987328178854,-0.1397023838402372,-0.03614359153525809,0.16978343814300623,-0.18309642759068517,-0.002385703986549123,-0.03463686667981347,-0.04838812432751287,0.209961165574986,-0.06856473355123449,0.09377932629880348
340,1.6634854902473353,-6.848192814210403,0.1881552856074009,0.9437357459605875,0.263860754497765,0.31917334022695,0.25770233739037457,-0.03793481213470773,0.11745100415264667,0.060757454944600664,0.012124471087539113,-0.02112737474951515,0.14517975094615287,0.023618259444320742,0.10785412223421065,0.021029317459049096,0.09623567888839016,0.07864662746565798,0.05811298391560012,0.10909938731436045
341,1.4886675575360506,-5.870835826284583,0.13265076843416157,0.6759602772640116,0.12972238825246013,0.03867676690433308,0.011416862479527001,-0.14885186947778195,0.1396729579351437,0.13483694645568461,0.04931295200245367,0.11216667368575428,-0.04058563063563922,0.11358327756872397,-0.008559516137967016,0.015778834615078813,0.018035283967898524,0.05717872814803507,0.05745066687683553,-0.0001360671034098676
342,1.2065961583449534,-5.26012047502238,0.39734469400848393,0.681654453320109,0.00699462404155643,0.0069504705852792,-0.06795337695673043,-0.1378308038984919,0.11751772454467634,0.042257151548648286,0.09091134346258728,0.04363818830309013,-0.03263385081278003,0.01648637899128426,0.010741471095803784,-0.15439240471872212,0.02658225154851912,0.08998796039424917,-0.08136306081553388,-0.042352306653222566
343,1.4518809172777876,-5.831419510182952,0.09716527365521088,0.8525685904151028,0.08300004371580899,0.10631001856010402,0.06831684175060265,-0.12512698989079107,0.10068211552161763,0.04920736920246138,0.05152014034558072,0.03587559289809217,0.06067104762797754,0.04824574213302969,0.07397094337877694,-0.05135290236785142,0.05663367540391917,0.06076942788676165,-0.049997511686460605,-0.03809207409601155
344,1.4965260752315204,-6.211952713949422,0.05699943879953118,0.7889326164958443,0.10499495767884828,0.0915516979112897,0.09808762723853803,-0.1767611379572479,0.14320034266070256,0.07055498303760192,0.03143101098405343,0.02104184941176207,0.023110867508122468,-0.04853901760944423,0.015825774399874676,-0.08940457609649882,0.11383766391628075,0.050814566804125605,-0.10440992563822024,0.018478419377288974
345,2.371854199037407,2.290818058342282,2.2992182504469554,0.11689625287266159,0.34382439153272065,-0.18281334732531207,0.19328656181171233,0.17413518317631826,0.06815857460572564,-0.14623097873454355,-0.09797016357323246,0.04676071497124501,0.029316452123866188,0.0001883220689274101,0.10046970214603837,-0.03738930887046854,-0.08304586090584291,-0.015305801646190553,0.007473649984337666,-0.013343292269953427
346,2.041405973363186,2.0582856130931315,2.233274970943558,0.12002553531747706,0.35372762329947255,-0.15223798292217205,0.15059899903294627,0.15212998068819006,0.09379895646933276,-0.1356583182114623,-0.08804241824993969,0.07136686062850722,0.02471374119075881,-0.0021490586374175308,0.10736236360702042,-0.05136502729712447,-0.06256873394775761,-0.008552373385622647,0.0029920716545650816,-0.018185960683100993
347,2.1104180139548276,2.082290249722721,2.2570909478581918,0.15019801247998066,0.3481587262035635,-0.1143358864245172,0.13458501863540662,0.1358104479898969,0.09228601598074745,-0.15979740750646326,-0.07902906610872562,0.07824963546315039,0.03017891022911287,-0.00475585039430531,0.12339557499644727,-0.05567242560047239,-0.07540813046790522,-0.015607681691174713,-0.007977705151924114,-0.02622599241076254
348,2.7118416060259323,2.516527235713113,2.598385501690691,0.2892879945690847,0.06477931364254008,-0.12272986799936991,0.08877326805509189,0.11758041844119638,0.0234177400521344,-0.10867643553865025,-0.06447133169303965,0.09207008074351858,0.02343646626863305,-0.007102605461451389,0.10248404184326868,-0.07069282344759281,-0.038780861563881774,-0.003125113902998883,-0.006248898485926052,-0.052619931389727495
349,2.7272650389182775,2.43292742238536,2.5525089885556875,0.29837756184768693,0.09130361035837886,-0.12749491826597914,0.10686025077879702,0.12343340550507609,0.014043517369270592,-0.1079153338136633,-0.05196715047916439,0.08193156704858101,0.03428842612558447,-0.00024405857041116114,0.10761211166306889,-0.07691455632698957,-0.0357744410642602,-0.006001458643926871,-0.0004662361095536527,-0.04918991525598691
350,1.4148016934383825,-5.569774923441923,0.502230418696926,0.6214223416774631,-0.14227987954945476,-0.057920818090616555,-0.3619924033844977,0.07208428299095987,0.0494955182981511,-0.11248895767896899,-0.22368280927187628,-0.03943667369234172,-0.07309307849366672,0.030806719979172517,-0.07457500391470293,0.011437807597925759,-0.05000813801533194,-0.08301945223640111,-0.042332125569780804,-0.05887072624766637
351,1.2720500392623153,-4.628543729283393,1.1878951554242692,0.44918607925086507,-0.17181473564017896,0.1872578955217863,-0.3282491765885974,0.0326521894093697,-0.0055757984148158135,-0.11833328959530931,-0.005342813151047898,0.13737813868739662,0.05886934189672577,0.07513479905196843,-0.0026419523609705897,0.049265007586623916,-0.003207269280797384,-0.1736326287505659,0.026816942597498283,-0.05608253794808184
352,1.4150472546051045,-5.121935398036755,0.6162363551192644,0.7876715452265519,-0.20168094604625464,0.19144114031946846,-0.23740885292066427,0.030214922863727067,0.030913875261757956,-0.10678086736573136,-0.113244461151531,0.05345960614622092,0.11804861919192106,-0.06733744697548764,-0.05956618301236309,-0.05861330709179957,0.10362064756856204,-0.12642816584515323,-0.0938704956042081,0.02612082856897946
353,1.1507414486135055,-4.877022959888275,1.0337039714961778,0.6441465321755657,-0.23014305071292046,0.17269603213992135,-0.31299626850274254,0.047553612987806304,-0.0020325210190194343,-0.13552209264457118,0.04258100441771856,0.03711848037472276,-0.13251809783179613,-0.07446669571742158,-0.06700269362202195,0.03564038540826625,0.011044418494709357,-0.10217332231480827,-0.07255857420365461,0.011602259647886415
354,1.0887174640458093,-4.842267151833124,1.0264620270075824,0.49192702863562676,-0.22998716749100448,-0.032197359307018725,-0.4486293042235252,0.057800255799591416,-0.021666948072568,-0.15841032770126592,-0.1299005519154715,-0.0704345733897544,-0.07781264535710197,-0.10668496144452258,-0.1048841304001685,0.07979259496879354,-0.025824219341577886,-0.0391605170105776,-0.0688749482892112,-0.0018373965766504963
355,1.171557862901019,-4.631414538978092,1.0940026207427564,0.4396980385802962,-0.2763445953835947,-0.06771407452769374,-0.45146041010011684,0.06996073629005195,-0.024710005041161304,-0.1520932617123476,-0.0885935504290874,0.01914171422101929,-0.03008804583935229,-0.08119312995597905,-0.1365065955864769,0.0564910678711969,-0.09416987959907355,-0.07185000248610526,0.01865513806976621,-0.08455305251265555
356,3.985685510370393,-0.2889914231727033,2.738498543302179,0.1041795113046553,-0.2869227665844103,0.06622810236204257,0.08888735836897643,0.18179069672315146,-0.26947677383658497,-0.19814632600473292,-0.1531996666032348,0.14968670887446234,-0.013690087752522201,0.07318885314158133,0.11902483341135353,-0.0960347312184312,0.02591615183573387,0.06417803048897017,-0.006447057126250516,-0.015015393661703486
357,3.99251128701545,-0.23304006424826085,2.7847525561358655,0.08573781463644581,-0.2833958727974082,0.035005704541432925,0.08109264190886512,0.18751677585973975,-0.2998555987596049,-0.23020696681578073,-0.1665681315258521,0.1262967274790202,0.004130584746912441,0.04503383121731788,0.10968863526636125,-0.09387253436552684,0.01149009737774137,0.062438903101376675,-0.006832352547618686,-0.047751676948779465
358,3.9658182967514817,-0.1882089002832643,2.7382454262586275,0.13418241921147,-0.3105408768799376,0.024701249721191143,0.0629372608664116,0.16645396993377565,-0.28527776480813294,-0.2241152302788199,-0.19822068764746079,0.1270014005448144,0.0050538729792840575,0.03854380165826354,0.09091270530529019,-0.11361868918553397,0.008768261900982122,0.07480245873889768,-0.01643100721677551,-0.029014779215523423
359,2.6920982169697143,-2.6863548284960235,1.031262401909089,0.6444770362157912,-0.47378816962340164,0.17230364766416073,-0.4059179929369544,0.35233297133999597,-0.11282840735868546,-0.1141753379905121,0.28704280814648797,0.19952309534395207,0.05283009234077257,-0.028775659002131547,-0.04548533389524349,0.14223447282718207,0.1228027140941911,-0.07648480727469521,0.2785602804510899,0.041898091682530725
360,3.2298113490701144,-2.7541448904523307,0.7820906822160936,0.7325527294886629,-0.32372594961896806,0.2018528070162574,-0.3373760581651183,0.1719281861888311,-0.14663423807171763,-0.16955398862678783,0.4857788447747521,0.12067620631386428,-0.14080991082573285,-0.0636796856334464,-0.09246514579323442,-0.2332894959440543,-0.20326807641442407,-0.21037793722925302,0.16387249064693685,0.3638917646684229
361,3.5997940606481347,-4.6674155370718795,-0.5754248735413947,1.2723926162900001,-0.3176481635159324,0.06021172639730532,0.01833600523703688,0.25784689398308647,-0.001853665943055166,0.10099349198059243,0.3647128485137048,0.3374286056542616,-0.08958786204146482,-0.16632787724799028,-0.06407224885953738,-0.011420879190736366,-0.24242374151004492,-0.20870519751820102,-0.019290502596840675,0.28764181492583596
362,9.245887831010998,2.800384082150334,-2.1834163496115306,2.489179684520706,-1.9201704625348581,0.19029113760367533,0.02673170275439596,0.07972926756860327,0.18627400867586638,-0.005806233232775071,-0.08615230224788989,-0.07872035986673054,-0.011445849945771913,0.0931525318422112,-0.04646029122311439,0.021308028304955012,-0.08805886869619599,0.015844073687823285,-0.08867258192844998,-0.04857954519208496
363,10.604653831017579,3.075565649067329,-1.8810596427693445,1.0700898737268758,-1.3070550137262185,0.3251209904835526,-0.05416482910545417,0.05516645522444036,0.19581892253164276,-0.041497444280896634,-0.08872739749015207,-0.055618426270525045,0.015479622414151878,0.07858061095576482,0.0008075226321325457,-0.00033353191671903204,-0.056224351098731806,0.06185439059249573,-0.07799984877336832,0.016229919684186578
364,11.809807562862918,2.4947099366206853,-1.7904877987089867,-0.561332469253609,-0.5356713252479879,0.6397299278527193,-0.21635660614143004,-0.04209999876504411,0.2196671869827452,-0.08824468295168364,-0.12079329932400265,-0.05397765504432994,0.03925327432634179,0.07000792121918087,0.009938058940805322,-0.026110687991490633,-0.027853778203442453,0.0816861982032091,-0.03313260280816552,0.07918718446692599
365,12.180084427301042,2.0981163963286527,-1.8021971352173263,-0.7644342697164013,-0.44946729745059244,0.6340972744824391,-0.21170326139424644,-0.018020411602080233,0.18632358484814157,-0.14847014924786206,-0.1348247711765763,-0.015527333945778987,0.0505752402575107,0.056096171754097646,0.058332763774626345,-0.05725495060593455,-0.03240365685354757,0.10290958629014418,-0.02444018748399318,0.08680254320586528
366,12.991310718066694,0.6292202318476434,-1.6692610454910106,-1.2422185764798042,-0.10077389064581954,0.776834241790251,-0.3338105131553287,-0.0765304862973688,0.1683704936211022,0.03831772828639046,-0.13078358439349258,-0.1679441298736173,-0.008167195501453589,0.024282706174757696,-0.01770537605988258,0.025036151643022864,-0.012298172125850201,0.06813486621124312,0.03050639427511298,0.1087248301320323
367,12.559971288598687,1.7418464630336068,-1.6752128240840998,-1.1962667424841964,-0.36722620887728485,0.7588151519890189,-0.4562937818479016,-0.13266560830508167,0.1839391776978818,-0.06231945527229088,-0.11584847215299043,-0.05357736099700361,0.0033944143495346912,0.05553344092950896,-0.002683326067641739,-0.024371498405794334,-0.002191897128914294,0.08386335358079394,-0.03168286752519198,0.0858209242868723
368,12.959185356534991,1.1705600563020493,-1.7579000330176697,-1.2841207845591747,-0.03755734241832143,0.860715477000483,-0.36321645358814036,-0.13292383257412999,0.2070797246018756,0.006713626160172126,-0.12938554019322507,-0.14444692873962806,-0.02285458321155448,0.008138764049174352,0.04957725983444011,-0.03134458207595281,-0.027273625805874502,0.04384536596014288,0.029508796361533696,0.07170352616135006
369,12.280499660321514,1.366031667795852,-1.6604513891324557,-0.32281871766050685,-0.6759341097112287,0.7230463530229765,-0.3650318385235344,-0.0939045993829668,0.17864259372081845,0.10847737538517588,-0.08416609322006996,-0.19154493551973006,-0.024430562343084744,0.03173568159148016,-0.056988982233792354,0.023630180932847827,-0.0019348968081387141,0.06401345622174762,0.003025288922619246,0.07342469335656251
370,4.29352356759555,1.0065343323687639,2.2865114802309447,0.9173232908360829,-0.9401434587920647,0.3489750860985745,-0.1212060260899791,0.02127828967575418,-0.19019598566745785,0.008667466319227657,0.11233052151817785,0.17640140880780564,-0.06705781300241759,0.000442070848233847,-0.11035397003980876,-0.03708387439384586,0.21008579485102416,-0.013738962615442496,0.04216474707610518,0.043652206152700795
371,8.27517688766396,-1.043376210353177,-0.009260937558926763,-1.0537998355349325,0.7121256335829038,-0.9395304769403972,0.48216012294415284,-1.1379592024375398,-0.5736096668742472,-0.8872986799070491,0.2865297567947389,-0.7788358489292566,0.09548978766731248,-0.20877161902359417,-0.0018155463465256982,-0.16671223430016913,0.16041716158763095,-0.2746806594430473,-0.01241529103074146,-0.08085635853250947
372,3.535331164024358,1.3196763570285075,2.614527003707373,0.3370070859769694,-0.03152597570352944,-0.10299745482979838,0.13856779966847288,0.1668573748653293,-0.09056229441705235,-0.06406057509441432,-0.08172052076812197,-0.021478949990405394,0.025548656038751755,0.010332470724071688,0.05313561902444236,-0.0848741823817668,-0.001179834966807014,0.017003560313297472,0.0700249921289539,0.015484250202964206
373,3.261735243452488,0.5407195835098175,2.3083134787583726,0.4555317774718719,-0.03287123219473187,-0.10059461385988833,0.08643810134409868,0.21045257528237782,-0.05279728173632661,-0.1339944503626282,-0.11564189590880522,-0.13103246336178853,0.05794614363153833,0.058907443651327177,0.09905985625799074,0.031071513886731045,-0.003314505959550823,0.03407795762416124,0.024800102975809174,0.006984396424892264
374,6.130823430491502,-1.5727754467183939,-0.33583201463872747,0.5380316229567159,-0.09444066996951395,-0.7879467465575032,0.5586409303744583,-0.5683251935624551,-0.17281476305082658,-0.14671741717966197,0.5330193428588529,0.06444554766040811,-1.0057315562044127,0.33546290111007215,0.3337330064107496,0.3192262909993578,-0.07989808684587604,0.1635724127143352,0.013097470423560298,-0.02762542928423374
375,12.795130541097095,-3.2669010829717404,-0.5466138183027418,-4.338238326483572,1.5538762925438978,0.3592771982607126,-0.1095350763889924,0.24882674536697358,-0.08337809255017017,0.11737195443177512,0.38467377332405084,0.2794306592636644,-0.06741581231918636,0.024473117503028018,-0.07497303342349171,-0.10596336547437002,-0.15427114218248628,-0.1107513740620657,0.1551299916459396,-0.26135458696940456
376,4.683513884988335,2.8017645787072833,2.8627436733618943,0.7985566482155491,-1.2549574515529547,0.15769744536116737,-0.15907533514604633,0.0468745672848786,-0.25674551818352476,0.00030825277400392537,0.010266365597187188,0.09407058119809475,-0.09587507256573881,0.06707166675524388,-0.07866547939494895,0.0855898347815336,0.20706912566407157,-0.046911117201198754,0.08247223991361609,0.05398042162919592
377,4.713327256210923,2.7232463689751043,2.8083606021938596,0.7999753817826829,-1.157363033960547,0.16939691968012915,-0.0732007630720447,-0.10570807382346714,-0.2967383708029816,0.055727200829005175,0.1984609297228257,0.22770602572478638,0.03604789591826302,0.07302887801875668,-0.17603426937023123,0.03995980652839251,0.20903119559591468,0.005918386765757316,-0.031625384735762846,0.024121118795246088
378,6.873589548780533,3.7622498556669974,1.4956814986614795,1.5271364712482858,-1.3942231914920225,-0.1284141522374067,0.03352971961914375,-0.02445058458338545,-0.19758713613285164,0.2858258472396187,-0.051010561506557694,-0.14503123056270806,0.0075053010902154105,0.002420169886525561,-0.1330151186690393,0.08058068682902006,0.035594119945288105,-0.06946471661242534,0.055228858530716546,-0.1020073428744443
379,4.866035367641058,3.7067638832448484,2.763079165483667,0.8858208425629552,-1.023491699435747,0.0869819745018644,-0.2001697225142126,-0.07799219899119869,-0.15006726193638123,0.14585948204623211,-0.009038262463858415,0.011172023893566418,-0.036245682267205676,0.005231643953713366,0.021003648385531037,-0.01408074382324695,-0.005366021772051477,-0.04786134603270342,-0.022452800159324243,-0.06671653432565022
380,5.067308870420409,3.691191958031787,2.8343385714921236,0.7009782850290374,-0.8867389293471059,-0.0994656730961948,-0.07084695241248784,0.041725137232589415,-0.1971581279481828,0.07875723261944945,-0.03175289794790115,-0.031389967312530964,-0.012953951888075854,-0.01815033494615413,0.00045671559207649537,-0.0022959543046059683,-0.017925593820375216,0.02621336209949937,-0.02305537775637126,-0.0691586888333261
381,11.235171473360078,-1.6057787394996428,0.189633760948265,-0.2501813907362065,0.8885848691330556,-1.2878462932670196,1.5671362903839492,1.3191915024401482,-0.10627364577529944,0.4052066261139757,-0.12091177405929893,-0.1470512324938471,-0.177599136496284,0.013163800755552763,-0.00034138294225230514,-0.25695219077201964,-0.05433781965700531,-0.12099530443934955,-0.21947259085158058,-0.02807795310095207
382,6.397360840090775,2.440170233585617,1.8194836574159083,1.3436232516793525,-0.8345170796889959,0.021533260569242985,0.41108253474893586,0.30691351058880456,-0.08037784403136197,0.38888414467000154,0.5793934013952529,-0.14595813570243865,0.0800461518325506,-0.13337190971737978,-0.32326470308942107,0.06438551358205136,0.20368839920796286,-0.0052978236434846615,-0.1555427478220958,-0.1648257818952637
383,5.180263202105744,-1.2106845073152197,0.2619902444737692,0.32740781268491226,0.12035113393275204,-0.8690047282989708,0.5798214658015601,-0.6377537912656366,-0.2691818984877882,0.3112993683599689,-0.4314368669234213,0.26108013455068557,0.3741910163046288,0.23484357806693026,0.3228045851848172,0.20795969227940186,0.15423541900420948,-0.458124756273163,-0.026213550474906866,0.15800363796861633
384,6.069483313587219,-0.160755697795814,0.6662387209518474,0.514902710954789,-0.24438674910184077,-0.894661905916843,0.5164244709657114,-0.6633795733870345,-0.4511259430958069,0.10823988444365557,-0.23329434454768927,0.35338072532909814,-0.1351126366366029,-0.8424247103823942,0.03158809210569896,0.12498455936007806,-0.13027688529299541,0.25111122148853154,0.03730636644849311,0.037669410635855466
385,6.0164331776256565,-0.11292200578870748,0.7943962237124627,-0.20316370403266637,0.22347149136526662,-0.8370827092396779,0.6564861016127711,-0.8784142191067328,-0.36364224630934394,0.028943794950689772,0.17879637593361175,0.22653133536877368,0.638737274530679,0.35976290297357016,-0.33729641653347675,0.1317479590605506,-0.5276623558011998,0.1399624250240767,-0.004013598899832327,-0.12705719991145742
386,3.3856306849506153,0.9496434263277962,2.567648564327718,0.34632927213368303,-0.08896819612799878,-0.13135788493416933,0.053186837108551765,0.17626494820204003,-0.12158128552666483,-0.10857288764533668,-0.11368525010585084,-0.034139204899940434,-0.01772992919226954,0.01924083132880662,0.10238472040670885,-0.05498114256938358,0.03501035097629346,0.025497939656656587,0.045943735501590935,-0.019214497141649522
387,12.88157173866782,-3.528988311913463,-0.9567326419789275,-4.295877366156214,1.5128559043451926,0.16986393822213341,-0.18776286969546108,0.26064410121759907,-0.030823237725587954,0.193069696698871,0.009401230520837911,0.29602231297471615,0.00410600738567643,-0.1882894822936773,0.006497428801456234,0.2385543008605631,0.24169804911406753,-0.11016754716917826,-0.14555013336452635,-0.01494257617613709
