Wavelength,Coastal Aerosol,Blue,Green,Red,NIR,Pan,Cirrus,SWIR1,SWIR2
350,4.49465E-09,8.51706E-09,1.87397E-08,2.85983E-08,1.87083E-09,1.52556E-08,0.000E+00,0.000E+00,0.000E+00
351,-1.23685E-09,1.11606E-08,2.78712E-09,3.28886E-08,8.76671E-09,1.49011E-08,0.000E+00,0.000E+00,0.000E+00
352,2.32981E-09,1.2104E-08,3.72103E-08,1.16481E-08,4.05762E-10,9.6738E-09,0.000E+00,0.000E+00,0.000E+00
353,5.42447E-09,9.25068E-09,4.28845E-08,1.00561E-08,3.4279E-09,5.55942E-09,0.000E+00,0.000E+00,0.000E+00
354,3.82009E-09,6.86046E-09,1.14855E-08,-2.54156E-09,-6.65871E-10,5.31393E-09,0.000E+00,0.000E+00,0.000E+00
355,-7.60486E-11,3.4052E-09,4.86218E-09,2.43746E-09,1.3729E-09,4.67012E-09,0.000E+00,0.000E+00,0.000E+00
356,6.19045E-09,1.77658E-09,6.59124E-09,3.58002E-09,2.49237E-09,4.05596E-09,0.000E+00,0.000E+00,0.000E+00
357,2.46184E-09,5.03305E-09,9.51463E-09,2.34257E-10,-2.46298E-09,3.82956E-09,0.000E+00,0.000E+00,0.000E+00
358,-1.40101E-10,1.93776E-09,3.1618E-09,5.01348E-10,-1.66664E-09,4.1643E-09,0.000E+00,0.000E+00,0.000E+00
359,1.37399E-09,2.88416E-09,-7.15723E-11,-5.62529E-10,1.93764E-10,4.65063E-09,0.000E+00,0.000E+00,0.000E+00
360,-1.9495E-09,7.72759E-09,1.43689E-09,5.22462E-10,-2.81713E-09,1.09764E-08,0.000E+00,0.000E+00,0.000E+00
361,6.74535E-09,6.98971E-09,4.69169E-09,4.22761E-10,-2.60808E-10,3.52881E-08,0.000E+00,0.000E+00,0.000E+00
362,-4.61928E-09,1.12089E-08,3.62074E-09,1.48043E-09,3.89983E-11,3.07644E-08,0.000E+00,0.000E+00,0.000E+00
363,4.48432E-09,1.42136E-08,5.95681E-09,9.24735E-09,5.17613E-09,1.79982E-08,0.000E+00,0.000E+00,0.000E+00
364,7.58879E-09,6.72684E-09,5.01778E-09,4.63628E-10,4.36928E-09,1.58932E-08,0.000E+00,0.000E+00,0.000E+00
365,8.88586E-09,1.24093E-08,1.77627E-09,1.76874E-09,-1.03302E-09,1.69151E-08,0.000E+00,0.000E+00,0.000E+00
366,6.1677E-09,8.4487E-09,1.16206E-08,8.17463E-09,6.58078E-09,1.08149E-08,0.000E+00,0.000E+00,0.000E+00
367,3.9196E-09,6.58275E-09,9.03512E-09,6.57549E-09,-4.16904E-09,5.42812E-09,0.000E+00,0.000E+00,0.000E+00
368,-7.60201E-10,3.30804E-09,4.01702E-09,1.70079E-09,1.75081E-08,3.35196E-09,0.000E+00,0.000E+00,0.000E+00
369,1.34351E-09,9.87392E-10,1.80905E-09,6.20991E-10,4.3939E-08,8.70089E-10,0.000E+00,0.000E+00,0.000E+00
370,8.91247E-10,4.7333E-10,1.9133E-09,1.41243E-10,3.21296E-08,8.93945E-11,0.000E+00,0.000E+00,0.000E+00
371,1.74392E-10,3.92038E-10,2.16901E-09,1.59145E-10,2.46229E-08,6.62867E-11,0.000E+00,0.000E+00,0.000E+00
372,9.48124E-11,2.34889E-10,1.55743E-09,3.1862E-11,2.52081E-08,1.35834E-10,0.000E+00,0.000E+00,0.000E+00
373,1.68642E-10,1.19571E-10,8.93467E-10,-2.533E-11,1.24148E-08,1.46982E-10,0.000E+00,0.000E+00,0.000E+00
374,3.68036E-11,1.2088E-10,3.20361E-10,2.23935E-12,-1.24739E-11,5.81508E-11,0.000E+00,0.000E+00,0.000E+00
375,5.07222E-11,3.91547E-10,1.30738E-10,9.8343E-12,3.66856E-09,5.5031E-11,0.000E+00,0.000E+00,0.000E+00
376,9.37394E-12,8.98828E-10,6.9788E-11,3.52073E-11,3.2068E-09,4.77955E-11,0.000E+00,0.000E+00,0.000E+00
377,1.25465E-11,2.57444E-10,4.17365E-11,2.00644E-11,-9.80296E-11,8.347E-12,0.000E+00,0.000E+00,0.000E+00
378,3.70946E-11,3.89652E-11,4.46866E-11,1.44384E-11,1.25086E-10,1.62549E-11,0.000E+00,0.000E+00,0.000E+00
379,2.38709E-11,3.3085E-11,2.74807E-11,1.41415E-11,1.46008E-10,2.28716E-11,0.000E+00,0.000E+00,0.000E+00
380,1.54452E-11,2.02686E-11,8.21336E-11,-1.74746E-12,1.60724E-09,1.81632E-12,0.000E+00,0.000E+00,0.000E+00
381,1.12737E-11,2.47092E-11,2.33296E-11,6.47046E-12,2.23287E-09,2.54211E-11,0.000E+00,0.000E+00,0.000E+00
382,4.742E-12,3.67974E-11,5.28718E-10,1.6463E-11,4.19715E-10,2.36156E-11,0.000E+00,0.000E+00,0.000E+00
383,9.24222E-12,1.99857E-11,7.28216E-11,-2.86719E-12,6.87623E-11,2.07671E-13,0.000E+00,0.000E+00,0.000E+00
384,-1.77592E-11,3.37444E-11,1.67611E-08,5.37053E-12,1.4729E-11,9.05689E-12,0.000E+00,0.000E+00,0.000E+00
385,2.29098E-11,3.74422E-11,6.51956E-08,8.94039E-12,1.64201E-11,2.1607E-11,0.000E+00,0.000E+00,0.000E+00
386,4.98296E-12,5.46018E-11,5.84106E-08,9.35977E-12,1.47005E-10,1.60626E-11,0.000E+00,0.000E+00,0.000E+00
387,-8.19269E-12,1.19035E-10,6.47331E-09,1.59838E-11,5.74222E-10,1.80324E-11,0.000E+00,0.000E+00,0.000E+00
388,3.18504E-11,1.9772E-10,1.77525E-09,-4.38407E-12,6.69232E-10,3.02759E-11,0.000E+00,0.000E+00,0.000E+00
389,8.33682E-11,1.15076E-09,2.55366E-11,1.15375E-11,2.09951E-10,3.54892E-11,0.000E+00,0.000E+00,0.000E+00
390,4.65617E-11,5.25049E-09,1.79708E-10,1.12757E-11,9.39685E-10,2.57127E-11,0.000E+00,0.000E+00,0.000E+00
391,2.50618E-11,6.52648E-09,1.01185E-10,-1.92326E-11,1.5442E-09,5.97606E-12,0.000E+00,0.000E+00,0.000E+00
392,7.4632E-11,1.1871E-09,1.33477E-10,1.73805E-11,4.00978E-10,3.40876E-12,0.000E+00,0.000E+00,0.000E+00
393,2.43803E-10,1.00667E-09,1.62289E-10,6.68647E-11,1.16317E-10,7.07158E-11,0.000E+00,0.000E+00,0.000E+00
394,1.38637E-10,5.68591E-10,2.52428E-10,4.41336E-11,1.58962E-10,6.46285E-11,0.000E+00,0.000E+00,0.000E+00
395,3.60936E-10,8.68129E-10,3.99934E-10,4.70465E-11,2.42207E-10,7.65136E-11,0.000E+00,0.000E+00,0.000E+00
396,1.00836E-09,1.10374E-09,1.59019E-09,2.29862E-11,1.11613E-09,1.95623E-10,0.000E+00,0.000E+00,0.000E+00
397,1.87943E-09,1.58742E-09,5.79221E-09,1.11693E-10,2.21113E-10,1.04892E-10,0.000E+00,0.000E+00,0.000E+00
398,5.52726E-09,2.46843E-09,9.84863E-09,5.25605E-10,1.33056E-08,3.64149E-10,0.000E+00,0.000E+00,0.000E+00
399,1.20067E-08,3.81551E-09,3.72191E-09,7.30441E-10,5.48748E-08,6.11792E-11,0.000E+00,0.000E+00,0.000E+00
400,1.70896E-08,5.94149E-09,1.37561E-09,2.99039E-10,3.52158E-08,1.20974E-09,0.000E+00,0.000E+00,0.000E+00
401,2.07697E-08,9.75819E-09,1.56798E-09,5.24232E-10,4.19937E-08,6.60467E-09,0.000E+00,0.000E+00,0.000E+00
402,1.8493E-08,1.80724E-08,2.46619E-09,2.30321E-09,2.91102E-08,3.32122E-08,0.000E+00,0.000E+00,0.000E+00
403,1.91456E-08,3.21977E-08,4.46366E-09,6.70354E-09,1.09836E-08,8.00098E-08,0.000E+00,0.000E+00,0.000E+00
404,2.47437E-08,6.38835E-08,4.01062E-09,8.52137E-09,8.48967E-09,5.37955E-08,0.000E+00,0.000E+00,0.000E+00
405,3.71262E-08,1.27258E-07,7.63663E-09,8.7055E-09,2.67611E-08,3.00788E-08,0.000E+00,0.000E+00,0.000E+00
406,4.7505E-08,2.51843E-07,1.5296E-08,1.79349E-08,5.93062E-08,2.66754E-08,0.000E+00,0.000E+00,0.000E+00
407,6.82293E-08,4.8977E-07,4.35208E-08,4.32272E-08,1.24415E-07,4.79316E-08,0.000E+00,0.000E+00,0.000E+00
408,9.47394E-08,9.80707E-07,4.32424E-07,2.65419E-07,2.48883E-07,7.63554E-08,0.000E+00,0.000E+00,0.000E+00
409,1.2907E-07,1.9397E-06,1.14418E-06,1.37216E-06,5.35367E-07,1.50222E-07,0.000E+00,0.000E+00,0.000E+00
410,1.71679E-07,3.67284E-06,6.66401E-07,3.01753E-06,1.11285E-06,3.67675E-07,0.000E+00,0.000E+00,0.000E+00
411,2.33542E-07,6.40458E-06,8.51046E-08,3.67635E-06,1.64061E-06,8.24669E-07,0.000E+00,0.000E+00,0.000E+00
412,3.39634E-07,1.00074E-05,3.61381E-08,4.15316E-06,1.31243E-06,1.24694E-06,0.000E+00,0.000E+00,0.000E+00
413,4.91017E-07,1.37429E-05,1.10108E-08,3.84E-06,4.41597E-07,1.23448E-06,0.000E+00,0.000E+00,0.000E+00
414,7.46818E-07,1.67987E-05,2.84886E-08,1.80473E-06,2.73706E-07,9.72606E-07,0.000E+00,0.000E+00,0.000E+00
415,1.09411E-06,1.84438E-05,2.82035E-08,4.25552E-07,2.6748E-07,7.93732E-07,0.000E+00,0.000E+00,0.000E+00
416,1.60196E-06,1.82366E-05,3.45831E-08,2.15335E-07,1.52967E-07,7.58231E-07,0.000E+00,0.000E+00,0.000E+00
417,2.36077E-06,1.69006E-05,1.51578E-08,2.59029E-07,6.81766E-08,7.72879E-07,0.000E+00,0.000E+00,0.000E+00
418,3.41952E-06,1.52255E-05,3.39002E-08,2.06244E-07,7.31399E-08,8.83824E-07,0.000E+00,0.000E+00,0.000E+00
419,4.95711E-06,1.37231E-05,6.62905E-08,9.26114E-08,2.59002E-07,1.08836E-06,0.000E+00,0.000E+00,0.000E+00
420,7.20905E-06,1.21723E-05,3.29706E-08,3.37998E-08,6.58842E-07,1.31683E-06,0.000E+00,0.000E+00,0.000E+00
421,1.11268E-05,1.10319E-05,6.22959E-08,2.06773E-08,1.30585E-06,1.46842E-06,0.000E+00,0.000E+00,0.000E+00
422,1.79084E-05,1.01639E-05,1.34668E-07,1.70817E-08,3.34954E-06,1.44927E-06,0.000E+00,0.000E+00,0.000E+00
423,3.08732E-05,9.79278E-06,6.86902E-07,3.39764E-08,6.41327E-06,1.30836E-06,0.000E+00,0.000E+00,0.000E+00
424,5.4702E-05,9.6534E-06,2.11072E-06,4.24837E-08,7.39638E-06,1.25494E-06,0.000E+00,0.000E+00,0.000E+00
425,0.000101538,9.89056E-06,2.41559E-06,3.29723E-08,6.79164E-06,1.28749E-06,0.000E+00,0.000E+00,0.000E+00
426,0.000189677,1.02206E-05,1.36282E-06,3.15291E-08,1.95228E-06,1.38714E-06,0.000E+00,0.000E+00,0.000E+00
427,0.000367981,1.11274E-05,2.50171E-06,5.24192E-08,5.15214E-07,1.63126E-06,0.000E+00,0.000E+00,0.000E+00
428,0.000721893,1.22867E-05,2.61384E-06,3.65671E-08,5.8155E-07,1.88937E-06,0.000E+00,0.000E+00,0.000E+00
429,0.002057971,1.39911E-05,1.25759E-06,3.13165E-08,5.50486E-07,2.19119E-06,0.000E+00,0.000E+00,0.000E+00
430,0.003605952,1.62032E-05,6.14849E-07,5.27722E-08,5.91868E-07,2.29229E-06,0.000E+00,0.000E+00,0.000E+00
431,0.008770479,1.91373E-05,4.93097E-07,9.08989E-08,4.46744E-07,2.1159E-06,0.000E+00,0.000E+00,0.000E+00
432,0.022244601,2.33057E-05,5.82552E-07,1.29659E-07,3.25805E-07,1.79431E-06,0.000E+00,0.000E+00,0.000E+00
433,0.079823367,2.9035E-05,7.82614E-07,1.6559E-07,3.96741E-07,1.44635E-06,0.000E+00,0.000E+00,0.000E+00
434,0.234204218,3.68232E-05,1.18122E-06,1.36572E-07,3.51931E-07,1.12673E-06,0.000E+00,0.000E+00,0.000E+00
435,0.49647373,4.79811E-05,1.97598E-06,1.19905E-07,3.93613E-07,9.35451E-07,0.000E+00,0.000E+00,0.000E+00
436,0.765423536,6.41008E-05,3.15178E-06,1.04816E-07,2.63906E-07,8.56652E-07,0.000E+00,0.000E+00,0.000E+00
437,0.937578499,8.79017E-05,3.96617E-06,9.43143E-08,8.52372E-08,7.88789E-07,0.000E+00,0.000E+00,0.000E+00
438,0.976326704,0.000122882,3.60188E-06,1.75018E-07,5.49885E-08,7.77644E-07,0.000E+00,0.000E+00,0.000E+00
439,0.986418545,0.000177559,2.79732E-06,3.17082E-07,1.02564E-07,8.60893E-07,0.000E+00,0.000E+00,0.000E+00
440,0.994738102,0.000264652,2.3321E-06,5.99512E-07,3.17426E-07,1.00266E-06,0.000E+00,0.000E+00,0.000E+00
441,0.988396645,0.000406089,2.19786E-06,1.33832E-06,1.04555E-06,1.29947E-06,0.000E+00,0.000E+00,0.000E+00
442,0.970891476,0.000647574,2.23468E-06,3.95901E-06,2.03271E-06,1.73797E-06,0.000E+00,0.000E+00,0.000E+00
443,0.967402816,0.001062705,2.55657E-06,1.14793E-05,3.52972E-06,2.50819E-06,0.000E+00,0.000E+00,0.000E+00
444,0.975955009,0.001808338,2.97437E-06,2.70688E-05,7.42863E-06,3.84902E-06,0.000E+00,0.000E+00,0.000E+00
445,0.982739329,0.00423224,3.33592E-06,4.80508E-05,9.49018E-06,5.94861E-06,0.000E+00,0.000E+00,0.000E+00
446,0.98891443,0.007338091,3.47442E-06,6.82614E-05,9.61897E-06,7.87617E-06,0.000E+00,0.000E+00,0.000E+00
447,1,0.013206497,3.28582E-06,7.48413E-05,1.29475E-05,8.72018E-06,0.000E+00,0.000E+00,0.000E+00
448,0.98661834,0.027380865,2.84158E-06,5.80918E-05,1.10107E-05,8.04394E-06,0.000E+00,0.000E+00,0.000E+00
449,0.873904884,0.061400488,2.38474E-06,3.54446E-05,5.49059E-06,6.41278E-06,0.000E+00,0.000E+00,0.000E+00
450,0.640637994,0.128100455,2.03393E-06,2.10615E-05,4.0121E-06,4.98347E-06,0.000E+00,0.000E+00,0.000E+00
451,0.335996777,0.284260541,1.88255E-06,1.37091E-05,4.54584E-06,4.11558E-06,0.000E+00,0.000E+00,0.000E+00
452,0.132112443,0.526226342,1.90458E-06,7.81989E-06,5.19679E-06,3.68896E-06,0.000E+00,0.000E+00,0.000E+00
453,0.049114674,0.754618227,1.97644E-06,2.98663E-06,3.40263E-06,3.48999E-06,0.000E+00,0.000E+00,0.000E+00
454,0.019386014,0.85015893,2.22389E-06,1.14759E-06,1.67946E-06,3.52858E-06,0.000E+00,0.000E+00,0.000E+00
455,0.008478669,0.870507479,2.58671E-06,6.70602E-07,1.28207E-06,3.7964E-06,0.000E+00,0.000E+00,0.000E+00
456,0.003602237,0.873015285,3.15566E-06,5.38451E-07,1.24578E-06,4.27051E-06,0.000E+00,0.000E+00,0.000E+00
457,0.001694543,0.873860121,3.66598E-06,5.10062E-07,1.02044E-06,5.13888E-06,0.000E+00,0.000E+00,0.000E+00
458,0.00077237,0.874113142,3.90567E-06,6.16252E-07,5.06569E-07,6.33826E-06,0.000E+00,0.000E+00,0.000E+00
459,0.00036698,0.875359893,3.76651E-06,1.012E-06,2.25249E-07,8.09179E-06,0.000E+00,0.000E+00,0.000E+00
460,0.000182991,0.879366219,3.2889E-06,2.126E-06,1.34959E-07,1.04606E-05,0.000E+00,0.000E+00,0.000E+00
461,9.52232E-05,0.881821811,2.824E-06,4.35126E-06,1.93883E-07,1.36263E-05,0.000E+00,0.000E+00,0.000E+00
462,5.1784E-05,0.881103754,2.4525E-06,5.39874E-06,4.2382E-07,1.72026E-05,0.000E+00,0.000E+00,0.000E+00
463,2.90191E-05,0.882394493,2.26599E-06,3.67776E-06,1.31373E-06,2.01153E-05,0.000E+00,0.000E+00,0.000E+00
464,1.69234E-05,0.888079941,2.24069E-06,1.72982E-06,4.76461E-06,2.19439E-05,0.000E+00,0.000E+00,0.000E+00
465,1.02269E-05,0.893659711,2.25329E-06,8.12593E-07,1.05358E-05,2.27589E-05,0.000E+00,0.000E+00,0.000E+00
466,6.23645E-06,0.89804703,2.50555E-06,4.25628E-07,1.54238E-05,2.27653E-05,0.000E+00,0.000E+00,0.000E+00
467,3.86289E-06,0.900572658,2.87891E-06,2.61748E-07,1.95854E-05,2.24354E-05,0.000E+00,0.000E+00,0.000E+00
468,2.44373E-06,0.891317844,3.58028E-06,1.91567E-07,1.65853E-05,2.23723E-05,0.000E+00,0.000E+00,0.000E+00
469,1.62437E-06,0.866573513,4.7921E-06,1.4635E-07,9.00815E-06,2.29142E-05,0.000E+00,0.000E+00,0.000E+00
470,1.00314E-06,0.835843503,6.59857E-06,7.39616E-08,4.40165E-06,2.41523E-05,0.000E+00,0.000E+00,0.000E+00
471,6.20921E-07,0.815517545,9.19699E-06,7.91844E-08,2.3511E-06,2.64418E-05,0.000E+00,0.000E+00,0.000E+00
472,4.38923E-07,0.817728102,1.19694E-05,1.41066E-07,1.46266E-06,2.95723E-05,0.000E+00,0.000E+00,0.000E+00
473,3.44069E-07,0.833616316,1.35496E-05,1.85754E-07,1.1206E-06,3.37007E-05,0.000E+00,0.000E+00,0.000E+00
474,2.50025E-07,0.85324347,1.29589E-05,3.40137E-07,1.1003E-06,3.95814E-05,0.000E+00,0.000E+00,0.000E+00
475,1.59179E-07,0.867512643,1.05433E-05,8.02835E-07,1.29814E-06,4.70022E-05,0.000E+00,0.000E+00,0.000E+00
476,1.26263E-07,0.879684687,8.10628E-06,2.6613E-06,1.6699E-06,5.66352E-05,0.000E+00,0.000E+00,0.000E+00
477,1.29482E-07,0.886409104,6.41046E-06,5.73573E-06,2.12712E-06,6.90967E-05,0.000E+00,0.000E+00,0.000E+00
478,1.09821E-07,0.892453074,5.34886E-06,5.22614E-06,2.48788E-06,8.41138E-05,0.000E+00,0.000E+00,0.000E+00
479,6.56035E-08,0.902070165,4.7863E-06,2.67746E-06,2.59607E-06,0.000102393,0.000E+00,0.000E+00,0.000E+00
480,3.97644E-08,0.916846812,4.52016E-06,1.62436E-06,2.48152E-06,0.000123981,0.000E+00,0.000E+00,0.000E+00
481,7.46109E-08,0.930187106,4.4489E-06,1.26125E-06,2.21451E-06,0.000148073,0.000E+00,0.000E+00,0.000E+00
482,5.08815E-08,0.93724215,4.63265E-06,9.75416E-07,1.79763E-06,0.000175787,0.000E+00,0.000E+00,0.000E+00
483,4.0041E-08,0.940089643,5.09078E-06,7.19761E-07,1.24081E-06,0.000208598,0.000E+00,0.000E+00,0.000E+00
484,6.93935E-08,0.942667246,5.81639E-06,5.09899E-07,7.21946E-07,0.000246571,0.000E+00,0.000E+00,0.000E+00
485,3.0608E-08,0.942598581,6.92228E-06,4.17239E-07,3.89209E-07,0.000295946,0.000E+00,0.000E+00,0.000E+00
486,2.46753E-08,0.942124546,8.63935E-06,3.73104E-07,2.1027E-07,0.000360644,0.000E+00,0.000E+00,0.000E+00
487,2.92001E-08,0.943108261,1.12387E-05,3.90399E-07,1.43672E-07,0.000446395,0.000E+00,0.000E+00,0.000E+00
488,2.67116E-08,0.945148647,1.48698E-05,5.64426E-07,1.09868E-07,0.000559811,0.000E+00,0.000E+00,0.000E+00
489,3.71054E-08,0.946992874,2.00043E-05,2.01638E-06,1.01104E-07,0.00071401,0.000E+00,0.000E+00,0.000E+00
490,2.68795E-08,0.947054684,2.68228E-05,1.63719E-05,1.17523E-07,0.000941143,0.000E+00,0.000E+00,0.000E+00
491,2.5398E-08,0.943696737,3.45314E-05,3.82859E-05,1.45201E-07,0.001275481,0.000E+00,0.000E+00,0.000E+00
492,2.48454E-08,0.927983105,4.13245E-05,1.96848E-05,2.1124E-07,0.002889967,0.000E+00,0.000E+00,0.000E+00
493,2.91307E-08,0.908267617,4.48992E-05,2.57857E-06,3.40227E-07,0.003972373,0.000E+00,0.000E+00,0.000E+00
494,4.82572E-08,0.896314085,4.50133E-05,8.98861E-07,5.1471E-07,0.005636623,0.000E+00,0.000E+00,0.000E+00
495,2.74726E-08,0.901171684,4.33192E-05,5.6397E-07,6.26201E-07,0.00819497,0.000E+00,0.000E+00,0.000E+00
496,2.11132E-08,0.927900434,4.12795E-05,3.32518E-07,5.11594E-07,0.012608931,0.000E+00,0.000E+00,0.000E+00
497,4.40377E-08,0.954338789,3.98711E-05,2.12182E-07,2.61294E-07,0.020827344,0.000E+00,0.000E+00,0.000E+00
498,8.36787E-08,0.959147394,3.92909E-05,1.53112E-07,1.26292E-07,0.035128925,0.000E+00,0.000E+00,0.000E+00
499,8.4597E-08,0.948072553,3.95893E-05,1.14809E-07,7.54223E-08,0.061728254,0.000E+00,0.000E+00,0.000E+00
500,4.59435E-08,0.951889992,4.12123E-05,1.01201E-07,5.94168E-08,0.11756327,0.000E+00,0.000E+00,0.000E+00
501,3.4846E-08,0.966185391,4.45584E-05,9.14811E-08,4.27031E-08,0.20695138,0.000E+00,0.000E+00,0.000E+00
502,1.75628E-08,0.989839494,4.96033E-05,8.44066E-08,3.37478E-08,0.35047549,0.000E+00,0.000E+00,0.000E+00
503,1.0876E-08,1,5.64045E-05,4.93674E-08,5.10469E-08,0.518406987,0.000E+00,0.000E+00,0.000E+00
504,2.14375E-08,0.983226776,6.56922E-05,5.86784E-08,7.75635E-08,0.646830738,0.000E+00,0.000E+00,0.000E+00
505,5.60102E-08,0.952988148,7.80872E-05,4.22432E-08,1.07845E-07,0.717210948,0.000E+00,0.000E+00,0.000E+00
506,7.08482E-08,0.923568666,9.47671E-05,1.67763E-08,2.90988E-07,0.738912582,0.000E+00,0.000E+00,0.000E+00
507,4.08215E-08,0.919305563,0.000116855,5.60014E-08,1.65099E-06,0.738040924,0.000E+00,0.000E+00,0.000E+00
508,3.7099E-08,0.943495154,0.000144646,3.46823E-08,1.10976E-05,0.73227495,0.000E+00,0.000E+00,0.000E+00
509,4.26557E-08,0.956872582,0.000178074,1.72081E-08,2.24175E-05,0.732303321,0.000E+00,0.000E+00,0.000E+00
510,4.79269E-08,0.923229635,0.000218428,1.83352E-08,2.96215E-05,0.737952411,0.000E+00,0.000E+00,0.000E+00
511,3.75054E-08,0.799378276,0.000266764,1.97447E-08,3.5654E-05,0.745577991,0.000E+00,0.000E+00,0.000E+00
512,4.34807E-08,0.41356644,0.000328366,3.2872E-08,2.73575E-05,0.749583542,0.000E+00,0.000E+00,0.000E+00
513,5.09263E-08,0.11275553,0.000402857,3.05039E-08,1.99304E-05,0.750999987,0.000E+00,0.000E+00,0.000E+00
514,8.57539E-08,0.032740548,0.000488897,8.84433E-08,1.72235E-05,0.745696485,0.000E+00,0.000E+00,0.000E+00
515,1.42165E-07,0.012926528,0.00058934,1.04401E-07,9.69099E-06,0.739486396,0.000E+00,0.000E+00,0.000E+00
516,2.40786E-07,0.005829759,0.000717414,1.19474E-07,2.51005E-06,0.734338999,0.000E+00,0.000E+00,0.000E+00
517,2.77231E-07,0.003783574,0.000878333,1.0458E-07,6.77651E-07,0.732985914,0.000E+00,0.000E+00,0.000E+00
518,2.97661E-07,0.002630007,0.001090911,7.28613E-08,3.11281E-07,0.737551749,0.000E+00,0.000E+00,0.000E+00
519,3.8734E-07,0.002049361,0.001382021,7.30695E-08,1.98639E-07,0.745832086,0.000E+00,0.000E+00,0.000E+00
520,4.94388E-07,0.001602201,0.001795613,9.50194E-08,1.86035E-07,0.753200352,0.000E+00,0.000E+00,0.000E+00
521,5.6249E-07,0.001136264,0.003173703,8.71992E-08,1.81489E-07,0.757337689,0.000E+00,0.000E+00,0.000E+00
522,4.54208E-07,0.000725384,0.0043149,7.02686E-08,2.05737E-07,0.755636334,0.000E+00,0.000E+00,0.000E+00
523,3.13768E-07,0.000453265,0.006135015,1.15957E-07,3.22076E-07,0.75066328,0.000E+00,0.000E+00,0.000E+00
524,2.76812E-07,0.000303572,0.009184345,3.35703E-07,5.54037E-07,0.747128665,0.000E+00,0.000E+00,0.000E+00
525,1.89931E-07,0.000227867,0.013328115,4.18975E-06,9.2588E-07,0.746142209,0.000E+00,0.000E+00,0.000E+00
526,9.88374E-08,0.000193086,0.020063464,1.19654E-05,1.69533E-06,0.750465453,0.000E+00,0.000E+00,0.000E+00
527,1.1522E-07,0.000185237,0.031207668,7.63976E-06,3.96745E-06,0.75727582,0.000E+00,0.000E+00,0.000E+00
528,1.07238E-07,0.000195981,0.04959156,1.6306E-06,1.22533E-05,0.762557507,0.000E+00,0.000E+00,0.000E+00
529,8.29892E-08,0.000215025,0.083920904,2.63233E-07,2.6603E-05,0.769335806,0.000E+00,0.000E+00,0.000E+00
530,9.19688E-08,0.000229819,0.142274052,1.73061E-07,4.36081E-05,0.764261127,0.000E+00,0.000E+00,0.000E+00
531,7.16281E-08,0.000226302,0.23764506,1.41765E-07,4.75345E-05,0.760898232,0.000E+00,0.000E+00,0.000E+00
532,4.39378E-08,0.000209926,0.382564992,6.20507E-08,2.27494E-05,0.755937815,0.000E+00,0.000E+00,0.000E+00
533,4.49151E-08,0.000197623,0.528055489,1.09824E-07,1.36209E-05,0.745806456,0.000E+00,0.000E+00,0.000E+00
534,3.85171E-08,0.000189793,0.725553274,1.63029E-07,1.59643E-05,0.737094045,0.000E+00,0.000E+00,0.000E+00
535,2.78704E-08,0.000170094,0.86100316,1.72753E-07,2.10429E-05,0.750713289,0.000E+00,0.000E+00,0.000E+00
536,4.19089E-08,0.000126464,0.910040259,2.78936E-07,2.25944E-05,0.747801185,0.000E+00,0.000E+00,0.000E+00
537,3.97771E-08,8.22888E-05,0.951415002,3.75742E-07,1.39223E-05,0.762491286,0.000E+00,0.000E+00,0.000E+00
538,5.33907E-08,5.54775E-05,0.960259259,4.5266E-07,5.78877E-06,0.764140368,0.000E+00,0.000E+00,0.000E+00
539,7.14652E-08,4.23841E-05,0.960947871,4.8422E-07,3.07212E-06,0.759224772,0.000E+00,0.000E+00,0.000E+00
540,5.28026E-08,3.87835E-05,0.957968891,4.2702E-07,2.41137E-06,0.749986768,0.000E+00,0.000E+00,0.000E+00
541,4.74675E-08,3.96306E-05,0.959614038,3.72906E-07,2.42812E-06,0.746305108,0.000E+00,0.000E+00,0.000E+00
542,5.14491E-08,3.93672E-05,0.961039424,2.67766E-07,2.83304E-06,0.746712387,0.000E+00,0.000E+00,0.000E+00
543,4.89157E-08,3.42347E-05,0.967823565,2.64196E-07,3.74815E-06,0.755430818,0.000E+00,0.000E+00,0.000E+00
544,6.10271E-08,2.57325E-05,0.967478096,2.85185E-07,5.3148E-06,0.758871675,0.000E+00,0.000E+00,0.000E+00
545,6.50402E-08,1.9263E-05,0.971039712,2.77511E-07,7.92677E-06,0.760896325,0.000E+00,0.000E+00,0.000E+00
546,7.88375E-08,1.64123E-05,0.975967646,3.84982E-07,1.19409E-05,0.756901443,0.000E+00,0.000E+00,0.000E+00
547,7.52664E-08,1.70569E-05,0.96995008,5.22822E-07,1.67893E-05,0.740051866,0.000E+00,0.000E+00,0.000E+00
548,7.31974E-08,2.11617E-05,0.965836465,7.09533E-07,2.03796E-05,0.726675808,0.000E+00,0.000E+00,0.000E+00
549,5.88307E-08,2.65619E-05,0.962728083,1.21741E-06,1.90891E-05,0.719395041,0.000E+00,0.000E+00,0.000E+00
550,5.71873E-08,2.72922E-05,0.970353484,2.14577E-06,1.27248E-05,0.72856003,0.000E+00,0.000E+00,0.000E+00
551,9.48305E-08,2.13201E-05,0.976575375,3.02127E-06,8.25689E-06,0.743972838,0.000E+00,0.000E+00,0.000E+00
552,8.94358E-08,1.52412E-05,0.984785318,3.13471E-06,7.28439E-06,0.763203681,0.000E+00,0.000E+00,0.000E+00
553,6.23924E-08,1.29068E-05,0.9922418,2.6488E-06,9.63483E-06,0.781909943,0.000E+00,0.000E+00,0.000E+00
554,3.77389E-08,1.4493E-05,0.997885764,2.06671E-06,1.52241E-05,0.794083059,0.000E+00,0.000E+00,0.000E+00
555,3.99412E-08,2.09055E-05,0.997550666,1.66408E-06,2.23666E-05,0.795312822,0.000E+00,0.000E+00,0.000E+00
556,3.68942E-08,3.15451E-05,0.995136619,1.57568E-06,2.45266E-05,0.792470872,0.000E+00,0.000E+00,0.000E+00
557,5.01497E-08,3.6069E-05,0.992904305,1.72535E-06,1.40755E-05,0.789751053,0.000E+00,0.000E+00,0.000E+00
558,5.3395E-08,2.627E-05,0.992210686,2.15947E-06,6.279E-06,0.79136306,0.000E+00,0.000E+00,0.000E+00
559,5.54921E-08,1.68112E-05,0.991475642,3.14948E-06,3.73653E-06,0.796769381,0.000E+00,0.000E+00,0.000E+00
560,5.75891E-08,1.35186E-05,0.990395665,5.32406E-06,2.85752E-06,0.805003881,0.000E+00,0.000E+00,0.000E+00
561,5.72069E-08,1.4627E-05,0.987448871,1.05882E-05,2.44166E-06,0.811972678,0.000E+00,0.000E+00,0.000E+00
562,2.49349E-08,2.01603E-05,0.985132039,2.06384E-05,2.21209E-06,0.818784118,0.000E+00,0.000E+00,0.000E+00
563,3.63708E-08,2.94864E-05,0.984826446,2.73894E-05,2.07925E-06,0.821478486,0.000E+00,0.000E+00,0.000E+00
564,1.70704E-08,3.65028E-05,0.986907184,2.32524E-05,1.96392E-06,0.817935348,0.000E+00,0.000E+00,0.000E+00
565,1.9541E-08,3.50762E-05,0.99114877,1.54642E-05,1.80429E-06,0.809172928,0.000E+00,0.000E+00,0.000E+00
566,9.51473E-08,3.34066E-05,0.994766235,1.09053E-05,1.68683E-06,0.799492955,0.000E+00,0.000E+00,0.000E+00
567,1.22915E-07,4.37395E-05,0.993841887,9.21863E-06,1.72409E-06,0.794392645,0.000E+00,0.000E+00,0.000E+00
568,7.09634E-08,6.67088E-05,0.991017163,9.1215E-06,1.99874E-06,0.792883754,0.000E+00,0.000E+00,0.000E+00
569,8.2693E-08,7.2008E-05,0.987221479,9.88225E-06,2.61949E-06,0.80010438,0.000E+00,0.000E+00,0.000E+00
570,5.91628E-08,4.12653E-05,0.983745098,1.08441E-05,3.39112E-06,0.80942136,0.000E+00,0.000E+00,0.000E+00
571,4.88476E-08,1.98978E-05,0.983483195,1.10209E-05,3.78812E-06,0.818268836,0.000E+00,0.000E+00,0.000E+00
572,4.19854E-08,1.45949E-05,0.986702144,9.7567E-06,3.58086E-06,0.824817359,0.000E+00,0.000E+00,0.000E+00
573,3.80491E-08,1.78053E-05,0.991954029,7.57714E-06,3.03622E-06,0.826455534,0.000E+00,0.000E+00,0.000E+00
574,3.45888E-08,3.35584E-05,0.996305704,5.43133E-06,2.42604E-06,0.822831988,0.000E+00,0.000E+00,0.000E+00
575,3.00697E-08,5.13007E-05,0.999346554,3.88612E-06,2.06849E-06,0.81772387,0.000E+00,0.000E+00,0.000E+00
576,3.77427E-08,3.50215E-05,1,3.01696E-06,2.08772E-06,0.813481867,0.000E+00,0.000E+00,0.000E+00
577,3.67696E-08,1.25289E-05,0.999474287,2.43354E-06,2.37153E-06,0.81432575,0.000E+00,0.000E+00,0.000E+00
578,7.81138E-08,6.20589E-06,0.998127341,2.07811E-06,3.05498E-06,0.819800854,0.000E+00,0.000E+00,0.000E+00
579,9.11908E-08,4.63628E-06,0.995951235,1.93797E-06,3.9164E-06,0.828966558,0.000E+00,0.000E+00,0.000E+00
580,8.584E-08,4.29994E-06,0.989320576,1.91568E-06,4.06136E-06,0.837875068,0.000E+00,0.000E+00,0.000E+00
581,6.71508E-08,3.93309E-06,0.974154234,2.02378E-06,3.04728E-06,0.841185331,0.000E+00,0.000E+00,0.000E+00
582,8.4965E-08,2.94979E-06,0.949241102,2.28232E-06,2.07858E-06,0.836401761,0.000E+00,0.000E+00,0.000E+00
583,4.79097E-07,1.89123E-06,0.935025513,2.77826E-06,1.65685E-06,0.829912126,0.000E+00,0.000E+00,0.000E+00
584,1.356E-06,1.32428E-06,0.928536415,3.5115E-06,1.52018E-06,0.822108865,0.000E+00,0.000E+00,0.000E+00
585,1.52631E-06,1.0548E-06,0.931859076,4.76746E-06,1.74364E-06,0.816714704,0.000E+00,0.000E+00,0.000E+00
586,7.04341E-07,1.13868E-06,0.92724669,7.44575E-06,2.35095E-06,0.817984998,0.000E+00,0.000E+00,0.000E+00
587,2.33388E-07,1.87465E-06,0.864495873,1.34466E-05,3.60735E-06,0.82558924,0.000E+00,0.000E+00,0.000E+00
588,1.22586E-07,3.67859E-06,0.710982621,2.93562E-05,6.09571E-06,0.837005377,0.000E+00,0.000E+00,0.000E+00
589,8.79561E-08,4.98556E-06,0.516266644,6.75584E-05,1.06695E-05,0.847460926,0.000E+00,0.000E+00,0.000E+00
590,8.66608E-08,2.81094E-06,0.345082521,0.000105903,1.72403E-05,0.853664517,0.000E+00,0.000E+00,0.000E+00
591,4.83611E-08,8.49286E-07,0.216169268,9.49346E-05,2.26532E-05,0.85506928,0.000E+00,0.000E+00,0.000E+00
592,5.20033E-08,3.7515E-07,0.120756455,5.71558E-05,2.29553E-05,0.853334427,0.000E+00,0.000E+00,0.000E+00
593,8.44367E-08,2.65135E-07,0.058343928,3.31523E-05,1.85146E-05,0.852586269,0.000E+00,0.000E+00,0.000E+00
594,1.64604E-07,2.35928E-07,0.026946299,2.30239E-05,1.21428E-05,0.854942203,0.000E+00,0.000E+00,0.000E+00
595,3.75488E-07,2.11451E-07,0.012431385,1.88203E-05,7.58663E-06,0.861251235,0.000E+00,0.000E+00,0.000E+00
596,6.31858E-07,2.61683E-07,0.006077019,1.73609E-05,5.25572E-06,0.870520473,0.000E+00,0.000E+00,0.000E+00
597,7.46281E-07,3.06334E-07,0.003768248,1.75296E-05,4.32293E-06,0.878917158,0.000E+00,0.000E+00,0.000E+00
598,6.30866E-07,2.89878E-07,0.002021327,1.93528E-05,4.39175E-06,0.883509338,0.000E+00,0.000E+00,0.000E+00
599,4.11813E-07,2.75319E-07,0.001151439,2.30332E-05,5.86023E-06,0.884223461,0.000E+00,0.000E+00,0.000E+00
600,3.53042E-07,2.18355E-07,0.000693343,2.96107E-05,9.39648E-06,0.880427539,0.000E+00,0.000E+00,0.000E+00
601,4.69469E-07,1.59568E-07,0.000440965,4.07465E-05,1.43646E-05,0.876369298,0.000E+00,0.000E+00,0.000E+00
602,9.91889E-07,1.45849E-07,0.00029608,5.86523E-05,2.16496E-05,0.874549091,0.000E+00,0.000E+00,0.000E+00
603,1.41008E-06,1.87742E-07,0.000211457,8.3463E-05,2.70598E-05,0.874276161,0.000E+00,0.000E+00,0.000E+00
604,9.69029E-07,3.43738E-07,0.0001599,0.000106656,1.72479E-05,0.879421234,0.000E+00,0.000E+00,0.000E+00
605,3.87589E-07,1.42664E-06,0.000127258,0.000112718,7.39414E-06,0.884245157,0.000E+00,0.000E+00,0.000E+00
606,2.93195E-07,5.67037E-06,0.000108233,0.000100235,3.96194E-06,0.88828975,0.000E+00,0.000E+00,0.000E+00
607,2.98722E-07,7.74684E-06,9.78746E-05,7.96508E-05,2.93403E-06,0.891494989,0.000E+00,0.000E+00,0.000E+00
608,6.65456E-07,2.50833E-06,9.53954E-05,6.24667E-05,2.79409E-06,0.889847636,0.000E+00,0.000E+00,0.000E+00
609,2.17384E-06,5.71213E-07,0.00010035,5.09164E-05,3.34475E-06,0.886922657,0.000E+00,0.000E+00,0.000E+00
610,3.40927E-06,3.26271E-07,0.000112616,4.36089E-05,4.99754E-06,0.88409543,0.000E+00,0.000E+00,0.000E+00
611,2.75816E-06,3.26484E-07,0.000132075,3.94887E-05,8.61953E-06,0.884474277,0.000E+00,0.000E+00,0.000E+00
612,9.43788E-07,4.17218E-07,0.000151955,3.76509E-05,1.31568E-05,0.887921989,0.000E+00,0.000E+00,0.000E+00
613,2.525E-07,5.50929E-07,0.000154924,3.74915E-05,1.50523E-05,0.895096958,0.000E+00,0.000E+00,0.000E+00
614,1.69219E-07,5.52652E-07,0.000133098,3.88623E-05,1.33953E-05,0.903934717,0.000E+00,0.000E+00,0.000E+00
615,1.48385E-07,3.96017E-07,9.88809E-05,4.19525E-05,9.62452E-06,0.912564397,0.000E+00,0.000E+00,0.000E+00
616,1.38788E-07,2.42947E-07,6.92698E-05,4.67852E-05,6.71543E-06,0.919335067,0.000E+00,0.000E+00,0.000E+00
617,9.0303E-08,2.24548E-07,4.93362E-05,5.39336E-05,5.10769E-06,0.923183858,0.000E+00,0.000E+00,0.000E+00
618,9.31695E-08,2.87609E-07,3.66385E-05,6.38355E-05,4.13764E-06,0.923348963,0.000E+00,0.000E+00,0.000E+00
619,6.53126E-08,5.27739E-07,2.9271E-05,7.85616E-05,3.5301E-06,0.923223555,0.000E+00,0.000E+00,0.000E+00
620,4.44808E-08,8.96361E-07,2.50927E-05,0.000100211,3.09622E-06,0.922717214,0.000E+00,0.000E+00,0.000E+00
621,3.58147E-08,8.38248E-07,2.27815E-05,0.000131211,2.72708E-06,0.922071636,0.000E+00,0.000E+00,0.000E+00
622,3.0641E-08,3.78924E-07,2.20677E-05,0.000178066,2.28047E-06,0.923616946,0.000E+00,0.000E+00,0.000E+00
623,2.64159E-08,1.77173E-07,2.24017E-05,0.00024669,1.85232E-06,0.925255597,0.000E+00,0.000E+00,0.000E+00
624,1.72784E-08,1.30644E-07,2.35019E-05,0.000352617,1.55428E-06,0.928764582,0.000E+00,0.000E+00,0.000E+00
625,3.99155E-08,9.17461E-08,2.55524E-05,0.000522169,1.39176E-06,0.932462573,0.000E+00,0.000E+00,0.000E+00
626,2.80098E-08,7.41885E-08,2.84477E-05,0.000802545,1.36796E-06,0.935365915,0.000E+00,0.000E+00,0.000E+00
627,7.23185E-08,5.50577E-08,3.13619E-05,0.001275692,1.50702E-06,0.936936796,0.000E+00,0.000E+00,0.000E+00
628,8.25911E-08,1.00508E-07,3.3754E-05,0.002110285,1.8195E-06,0.937701941,0.000E+00,0.000E+00,0.000E+00
629,8.18385E-08,1.69219E-07,3.60917E-05,0.003702586,2.71333E-06,0.936608374,0.000E+00,0.000E+00,0.000E+00
630,7.67743E-08,1.48286E-07,3.78464E-05,0.008136555,4.70143E-06,0.934820533,0.000E+00,0.000E+00,0.000E+00
631,8.06153E-08,1.15459E-07,4.02058E-05,0.014483216,1.03342E-05,0.933407843,0.000E+00,0.000E+00,0.000E+00
632,1.04703E-07,4.20752E-08,4.49101E-05,0.027304705,2.92607E-05,0.935379505,0.000E+00,0.000E+00,0.000E+00
633,8.18551E-08,3.53149E-08,5.38165E-05,0.061503619,7.20487E-05,0.936977863,0.000E+00,0.000E+00,0.000E+00
634,5.29427E-08,2.95019E-08,6.76077E-05,0.129604563,0.000103511,0.941049218,0.000E+00,0.000E+00,0.000E+00
635,3.13199E-08,6.04372E-08,8.68652E-05,0.275992155,0.000100318,0.946146548,0.000E+00,0.000E+00,0.000E+00
636,2.81846E-08,3.5061E-08,0.000104695,0.508335054,5.07784E-05,0.951854765,0.000E+00,0.000E+00,0.000E+00
637,3.81776E-08,3.22916E-08,0.000108885,0.778233767,1.81447E-05,0.956272542,0.000E+00,0.000E+00,0.000E+00
638,4.34004E-08,3.93827E-08,9.45412E-05,0.932296991,6.99208E-06,0.958430588,0.000E+00,0.000E+00,0.000E+00
639,4.83721E-08,4.4728E-08,7.3824E-05,0.966309488,3.34915E-06,0.957366765,0.000E+00,0.000E+00,0.000E+00
640,7.95307E-08,6.53079E-08,5.72164E-05,0.982640386,1.86851E-06,0.955659688,0.000E+00,0.000E+00,0.000E+00
641,9.59781E-08,8.40616E-08,4.79927E-05,0.98610568,1.2015E-06,0.952835858,0.000E+00,0.000E+00,0.000E+00
642,1.13161E-07,6.38299E-08,4.41564E-05,0.986162722,8.78011E-07,0.950411618,0.000E+00,0.000E+00,0.000E+00
643,6.04769E-08,5.67313E-08,4.32739E-05,0.981306255,7.10565E-07,0.948867857,0.000E+00,0.000E+00,0.000E+00
644,2.8863E-08,5.01841E-08,4.43772E-05,0.973655283,6.49358E-07,0.948872328,0.000E+00,0.000E+00,0.000E+00
645,6.42414E-08,3.09075E-08,4.76497E-05,0.969172537,6.47374E-07,0.950646222,0.000E+00,0.000E+00,0.000E+00
646,8.15062E-08,2.71082E-08,5.06928E-05,0.97131443,7.03862E-07,0.953282118,0.000E+00,0.000E+00,0.000E+00
647,8.57049E-08,1.87148E-08,5.27776E-05,0.980798364,8.04609E-07,0.956916332,0.000E+00,0.000E+00,0.000E+00
648,8.71192E-08,1.99859E-08,5.32117E-05,0.992718756,1.04692E-06,0.961046576,0.000E+00,0.000E+00,0.000E+00
649,9.14088E-08,2.06428E-08,5.18707E-05,1,1.49786E-06,0.965662599,0.000E+00,0.000E+00,0.000E+00
650,5.29699E-08,1.52336E-08,5.04917E-05,0.99686712,2.46107E-06,0.969740391,0.000E+00,0.000E+00,0.000E+00
651,3.84076E-08,2.33564E-08,5.19056E-05,0.985420108,5.76759E-06,0.973120868,0.000E+00,0.000E+00,0.000E+00
652,5.63822E-08,2.84915E-08,5.61195E-05,0.97099334,3.09333E-05,0.975218594,0.000E+00,0.000E+00,0.000E+00
653,6.63645E-08,4.23458E-08,5.92814E-05,0.961064517,8.0344E-05,0.974896371,0.000E+00,0.000E+00,0.000E+00
654,7.37984E-08,3.63624E-08,5.22105E-05,0.960650921,0.000115278,0.972331941,0.000E+00,0.000E+00,0.000E+00
655,4.65032E-08,2.94118E-08,3.49303E-05,0.968687475,6.65011E-05,0.968678415,0.000E+00,0.000E+00,0.000E+00
656,3.32695E-08,5.11674E-08,1.98621E-05,0.980701625,1.1418E-05,0.964640558,0.000E+00,0.000E+00,0.000E+00
657,4.33497E-08,9.19498E-08,1.17557E-05,0.985512078,2.00615E-06,0.960619628,0.000E+00,0.000E+00,0.000E+00
658,5.80562E-08,1.68986E-07,7.29121E-06,0.988938868,8.45457E-07,0.963974655,0.000E+00,0.000E+00,0.000E+00
659,1.01475E-07,2.61806E-07,4.8947E-06,0.980829895,5.00271E-07,0.967568994,0.000E+00,0.000E+00,0.000E+00
660,8.82098E-08,3.82349E-07,3.52965E-06,0.967919469,3.51153E-07,0.97273767,0.000E+00,0.000E+00,0.000E+00
661,9.48088E-08,5.08991E-07,2.70361E-06,0.963080168,2.32155E-07,0.982163966,0.000E+00,0.000E+00,0.000E+00
662,1.25065E-07,9.75877E-07,2.2234E-06,0.963283896,2.14399E-07,0.98695302,0.000E+00,0.000E+00,0.000E+00
663,1.64914E-07,3.38084E-06,1.98101E-06,0.971270144,1.46987E-07,0.988773644,0.000E+00,0.000E+00,0.000E+00
664,2.57695E-07,8.47115E-06,1.83305E-06,0.981614769,1.62783E-07,0.988642097,0.000E+00,0.000E+00,0.000E+00
665,7.92744E-07,7.15603E-06,1.7442E-06,0.987565875,1.23345E-07,0.987693429,0.000E+00,0.000E+00,0.000E+00
666,5.82092E-06,5.95726E-06,1.79162E-06,0.986322582,1.51985E-07,0.987015545,0.000E+00,0.000E+00,0.000E+00
667,1.16687E-05,6.11726E-06,1.93137E-06,0.980530381,2.30299E-07,0.987269461,0.000E+00,0.000E+00,0.000E+00
668,8.61046E-06,1.05421E-05,2.18823E-06,0.979855299,2.18564E-07,0.99141103,0.000E+00,0.000E+00,0.000E+00
669,5.45292E-06,1.08031E-05,2.63978E-06,0.980613828,3.53444E-07,0.995774388,0.000E+00,0.000E+00,0.000E+00
670,1.63036E-05,3.31196E-06,3.28807E-06,0.964931369,4.59238E-07,1,0.000E+00,0.000E+00,0.000E+00
671,2.511E-05,2.08693E-06,4.16453E-06,0.859550774,3.78756E-07,0.997402966,0.000E+00,0.000E+00,0.000E+00
672,1.38099E-05,1.09778E-05,5.42101E-06,0.668073595,3.02788E-07,0.981360435,0.000E+00,0.000E+00,0.000E+00
673,6.6638E-06,2.12358E-05,7.07688E-06,0.416980416,2.25971E-07,0.927135706,0.000E+00,0.000E+00,0.000E+00
674,8.34827E-06,8.41193E-06,9.18959E-06,0.215688512,1.20418E-07,0.793447495,0.000E+00,0.000E+00,0.000E+00
675,7.0886E-06,1.10442E-06,1.21002E-05,0.105356254,9.76907E-08,0.59374094,0.000E+00,0.000E+00,0.000E+00
676,2.00313E-06,2.89413E-07,1.61401E-05,0.052083578,1.09945E-07,0.382448524,0.000E+00,0.000E+00,0.000E+00
677,9.30284E-07,2.37352E-07,2.24158E-05,0.025256481,6.64011E-08,0.223716557,0.000E+00,0.000E+00,0.000E+00
678,9.06053E-07,2.13081E-07,3.29209E-05,0.012930506,8.02012E-08,0.130533203,0.000E+00,0.000E+00,0.000E+00
679,1.42569E-06,2.37333E-07,4.73984E-05,0.006700202,1.10711E-07,0.077094913,0.000E+00,0.000E+00,0.000E+00
680,3.41885E-06,3.26455E-07,6.5498E-05,0.003667793,4.7386E-08,0.047849163,0.000E+00,0.000E+00,0.000E+00
681,7.372E-06,4.10669E-07,6.91348E-05,0.002108893,7.546E-08,0.031244569,0.000E+00,0.000E+00,0.000E+00
682,1.09776E-05,4.99989E-07,3.97034E-05,0.001252782,1.05726E-07,0.021284806,0.000E+00,0.000E+00,0.000E+00
683,1.18899E-05,5.1503E-07,1.51899E-05,0.001015148,1.0485E-07,0.016924847,0.000E+00,0.000E+00,0.000E+00
684,9.88642E-06,3.78108E-07,7.23262E-06,0.000744329,6.74577E-08,0.012534175,0.000E+00,0.000E+00,0.000E+00
685,6.43818E-06,2.79396E-07,4.27126E-06,0.000607077,7.11371E-08,0.009316914,0.000E+00,0.000E+00,0.000E+00
686,4.88553E-06,2.75942E-07,2.94345E-06,0.00045697,1.21039E-07,0.006902321,0.000E+00,0.000E+00,0.000E+00
687,3.97306E-06,2.27932E-07,2.36281E-06,0.000391531,2.34973E-07,0.005172852,0.000E+00,0.000E+00,0.000E+00
688,2.84439E-06,1.79567E-07,1.99816E-06,0.000327777,3.94504E-07,0.003815944,0.000E+00,0.000E+00,0.000E+00
689,1.71216E-06,2.21321E-07,1.78243E-06,0.000313121,7.55086E-07,0.00290068,0.000E+00,0.000E+00,0.000E+00
690,9.95629E-07,3.41277E-07,1.78485E-06,0.00019602,1.28994E-06,0.002040855,0.000E+00,0.000E+00,0.000E+00
691,6.25135E-07,4.65879E-07,1.90313E-06,0.00015911,1.33551E-06,0.001471851,0.000E+00,0.000E+00,0.000E+00
692,4.83988E-07,8.97423E-07,2.02787E-06,0.000128242,7.7122E-07,0.001052573,0.000E+00,0.000E+00,0.000E+00
693,4.69276E-07,2.22554E-06,2.44865E-06,0.000113148,5.2321E-07,0.000792122,0.000E+00,0.000E+00,0.000E+00
694,6.27112E-07,4.97158E-06,3.22807E-06,0.000100143,4.32675E-07,0.000549463,0.000E+00,0.000E+00,0.000E+00
695,1.43217E-05,3.20164E-05,2.31399E-05,0.000103067,9.80323E-06,0.00040329,0.000E+00,0.000E+00,0.000E+00
696,3.07394E-05,6.3509E-05,3.83199E-05,0.000111983,1.73393E-05,0.000294969,0.000E+00,0.000E+00,0.000E+00
697,5.29489E-05,0.000104343,4.34325E-05,0.000132251,2.09408E-05,0.000258816,0.000E+00,0.000E+00,0.000E+00
698,8.1091E-05,0.000125106,4.73892E-05,0.000151517,2.38386E-05,0.000226098,0.000E+00,0.000E+00,0.000E+00
699,0.000123785,9.68503E-05,4.85587E-05,0.000168354,2.50384E-05,0.000201768,0.000E+00,0.000E+00,0.000E+00
700,0.000176325,7.03673E-05,4.72892E-05,0.000185118,2.75062E-05,0.000176882,0.000E+00,0.000E+00,0.000E+00
701,0.000260822,7.506E-05,4.35707E-05,0.000195329,4.00401E-05,0.000167805,0.000E+00,0.000E+00,0.000E+00
702,0.000264447,8.87108E-05,4.49854E-05,0.000186968,4.63718E-05,0.000168043,0.000E+00,0.000E+00,0.000E+00
703,0.000157525,8.09569E-05,4.11915E-05,0.000157915,3.59734E-05,0.000154672,0.000E+00,0.000E+00,0.000E+00
704,6.05098E-05,7.34371E-05,3.76776E-05,0.000131051,2.64551E-05,0.000142041,0.000E+00,0.000E+00,0.000E+00
705,5.83708E-05,6.86602E-05,3.68674E-05,0.000125075,2.54047E-05,0.000136691,0.000E+00,0.000E+00,0.000E+00
706,5.62317E-05,6.38832E-05,3.60573E-05,0.0001191,2.43543E-05,0.000131341,0.000E+00,0.000E+00,0.000E+00
707,5.40927E-05,5.91063E-05,3.52471E-05,0.000113124,2.33039E-05,0.000125991,0.000E+00,0.000E+00,0.000E+00
708,5.19537E-05,5.43294E-05,3.44369E-05,0.000107148,2.22535E-05,0.000120641,0.000E+00,0.000E+00,0.000E+00
709,4.98147E-05,4.95525E-05,3.36267E-05,0.000101173,2.12031E-05,0.000115291,0.000E+00,0.000E+00,0.000E+00
710,4.76756E-05,4.47755E-05,3.28166E-05,9.51971E-05,2.01527E-05,0.000109941,0.000E+00,0.000E+00,0.000E+00
711,4.51305E-05,4.13642E-05,3.21817E-05,8.96631E-05,1.93806E-05,0.000105488,0.000E+00,0.000E+00,0.000E+00
712,4.1852E-05,4.07368E-05,3.19071E-05,8.50183E-05,1.91861E-05,0.000102884,0.000E+00,0.000E+00,0.000E+00
713,3.85735E-05,4.01094E-05,3.16326E-05,8.03734E-05,1.89916E-05,0.00010028,0.000E+00,0.000E+00,0.000E+00
714,3.52951E-05,3.9482E-05,3.1358E-05,7.57285E-05,1.87971E-05,9.7676E-05,0.000E+00,0.000E+00,0.000E+00
715,3.20166E-05,3.88546E-05,3.10834E-05,7.10836E-05,1.86025E-05,9.50721E-05,0.000E+00,0.000E+00,0.000E+00
716,2.87382E-05,3.82272E-05,3.08088E-05,6.64387E-05,1.8408E-05,9.24683E-05,0.000E+00,0.000E+00,0.000E+00
717,2.54597E-05,3.75998E-05,3.05343E-05,6.17939E-05,1.82135E-05,8.98644E-05,0.000E+00,0.000E+00,0.000E+00
718,2.21813E-05,3.69724E-05,3.02597E-05,5.7149E-05,1.8019E-05,8.72606E-05,0.000E+00,0.000E+00,0.000E+00
719,1.90097E-05,3.64004E-05,3.00012E-05,5.23507E-05,1.7811E-05,8.46558E-05,0.000E+00,0.000E+00,0.000E+00
720,1.92328E-05,3.75563E-05,2.96243E-05,4.22259E-05,1.70958E-05,8.10945E-05,0.000E+00,0.000E+00,0.000E+00
721,2.37939E-05,4.53824E-05,3.12191E-05,4.4137E-05,1.9708E-05,8.24908E-05,0.000E+00,0.000E+00,0.000E+00
722,2.89014E-05,5.40453E-05,3.30509E-05,4.75715E-05,2.27373E-05,8.44951E-05,0.000E+00,0.000E+00,0.000E+00
723,3.40089E-05,6.27081E-05,3.48827E-05,5.10059E-05,2.57667E-05,8.64994E-05,0.000E+00,0.000E+00,0.000E+00
724,3.91165E-05,7.1371E-05,3.67146E-05,5.44403E-05,2.87961E-05,8.85037E-05,0.000E+00,0.000E+00,0.000E+00
725,4.4224E-05,8.00339E-05,3.85464E-05,5.78747E-05,3.18254E-05,9.0508E-05,0.000E+00,0.000E+00,0.000E+00
726,4.93315E-05,8.86968E-05,4.03783E-05,6.13091E-05,3.48548E-05,9.25123E-05,0.000E+00,0.000E+00,0.000E+00
727,5.4439E-05,9.73596E-05,4.22101E-05,6.47435E-05,3.78841E-05,9.45167E-05,0.000E+00,0.000E+00,0.000E+00
728,5.95466E-05,0.000106023,4.40419E-05,6.81779E-05,4.09135E-05,9.6521E-05,0.000E+00,0.000E+00,0.000E+00
729,6.32477E-05,0.000111071,4.58329E-05,6.99331E-05,4.28255E-05,9.79203E-05,0.000E+00,0.000E+00,0.000E+00
730,6.16029E-05,0.000102235,4.74887E-05,6.53673E-05,4.04608E-05,9.70691E-05,0.000E+00,0.000E+00,0.000E+00
731,5.9958E-05,9.33992E-05,4.91444E-05,6.08015E-05,3.80961E-05,9.62179E-05,0.000E+00,0.000E+00,0.000E+00
732,5.83131E-05,8.45634E-05,5.08001E-05,5.62357E-05,3.57314E-05,9.53666E-05,0.000E+00,0.000E+00,0.000E+00
733,5.66682E-05,7.57277E-05,5.24558E-05,5.16699E-05,3.33667E-05,9.45154E-05,0.000E+00,0.000E+00,0.000E+00
734,5.50233E-05,6.6892E-05,5.41115E-05,4.7104E-05,3.10021E-05,9.36642E-05,0.000E+00,0.000E+00,0.000E+00
735,5.33784E-05,5.80563E-05,5.57672E-05,4.25382E-05,2.86374E-05,9.2813E-05,0.000E+00,0.000E+00,0.000E+00
736,5.08322E-05,5.76889E-05,5.13264E-05,4.00919E-05,2.84506E-05,9.17631E-05,0.000E+00,0.000E+00,0.000E+00
737,4.827E-05,5.76288E-05,4.66604E-05,3.77083E-05,2.83337E-05,9.06735E-05,0.000E+00,0.000E+00,0.000E+00
738,4.57077E-05,5.75688E-05,4.19943E-05,3.53248E-05,2.82168E-05,8.95839E-05,0.000E+00,0.000E+00,0.000E+00
739,4.31455E-05,5.75087E-05,3.73283E-05,3.29412E-05,2.80998E-05,8.84943E-05,0.000E+00,0.000E+00,0.000E+00
740,4.05832E-05,5.74486E-05,3.26622E-05,3.05577E-05,2.79829E-05,8.74047E-05,0.000E+00,0.000E+00,0.000E+00
741,3.87766E-05,5.21138E-05,3.20735E-05,3.13217E-05,2.65232E-05,8.95012E-05,0.000E+00,0.000E+00,0.000E+00
742,3.70642E-05,5.01634E-05,3.23059E-05,3.15295E-05,2.63454E-05,8.8326E-05,0.000E+00,0.000E+00,0.000E+00
743,3.53519E-05,4.82129E-05,3.25382E-05,3.17373E-05,2.61675E-05,8.71507E-05,0.000E+00,0.000E+00,0.000E+00
744,3.36396E-05,4.62624E-05,3.27706E-05,3.19451E-05,2.59897E-05,8.59755E-05,0.000E+00,0.000E+00,0.000E+00
745,3.19273E-05,4.4312E-05,3.30029E-05,3.21529E-05,2.58119E-05,8.48002E-05,0.000E+00,0.000E+00,0.000E+00
746,3.02149E-05,4.23615E-05,3.32353E-05,3.23607E-05,2.56341E-05,8.36249E-05,0.000E+00,0.000E+00,0.000E+00
747,2.85026E-05,4.0411E-05,3.34676E-05,3.25685E-05,2.54562E-05,8.24497E-05,0.000E+00,0.000E+00,0.000E+00
748,2.67903E-05,3.84605E-05,3.37E-05,3.27763E-05,2.52784E-05,8.12744E-05,0.000E+00,0.000E+00,0.000E+00
749,2.5078E-05,3.65101E-05,3.39324E-05,3.29842E-05,2.51006E-05,8.00991E-05,0.000E+00,0.000E+00,0.000E+00
750,2.33656E-05,3.45596E-05,3.41647E-05,3.3192E-05,2.49228E-05,7.89239E-05,0.000E+00,0.000E+00,0.000E+00
751,2.26726E-05,3.37853E-05,3.48744E-05,3.44366E-05,2.54367E-05,7.94909E-05,0.000E+00,0.000E+00,0.000E+00
752,2.25176E-05,3.36345E-05,3.58458E-05,3.62429E-05,2.63194E-05,8.09925E-05,0.000E+00,0.000E+00,0.000E+00
753,2.23627E-05,3.34836E-05,3.68172E-05,3.80491E-05,2.7202E-05,8.24942E-05,0.000E+00,0.000E+00,0.000E+00
754,2.22077E-05,3.33327E-05,3.77886E-05,3.98554E-05,2.80847E-05,8.39958E-05,0.000E+00,0.000E+00,0.000E+00
755,2.20528E-05,3.31819E-05,3.876E-05,4.16617E-05,2.89673E-05,8.54974E-05,0.000E+00,0.000E+00,0.000E+00
756,2.18979E-05,3.3031E-05,3.97314E-05,4.34679E-05,2.985E-05,8.69991E-05,0.000E+00,0.000E+00,0.000E+00
757,2.17429E-05,3.28801E-05,4.07028E-05,4.52742E-05,3.07326E-05,8.85007E-05,0.000E+00,0.000E+00,0.000E+00
758,2.1588E-05,3.27293E-05,4.16742E-05,4.70804E-05,3.16153E-05,9.00023E-05,0.000E+00,0.000E+00,0.000E+00
759,2.1433E-05,3.25784E-05,4.26456E-05,4.88867E-05,3.2498E-05,9.15039E-05,0.000E+00,0.000E+00,0.000E+00
760,2.17752E-05,2.37396E-05,3.14668E-05,3.63247E-05,2.80907E-05,5.89834E-05,0.000E+00,0.000E+00,0.000E+00
761,2.31352E-05,2.39961E-05,4.22882E-05,3.47576E-05,2.85313E-05,5.75361E-05,0.000E+00,0.000E+00,0.000E+00
762,2.45447E-05,2.46809E-05,5.41326E-05,3.37604E-05,2.92079E-05,5.76543E-05,0.000E+00,0.000E+00,0.000E+00
763,2.59543E-05,2.53658E-05,6.59771E-05,3.27631E-05,2.98845E-05,5.77725E-05,0.000E+00,0.000E+00,0.000E+00
764,2.73638E-05,2.60506E-05,7.78216E-05,3.17659E-05,3.05611E-05,5.78907E-05,0.000E+00,0.000E+00,0.000E+00
765,2.87733E-05,2.67355E-05,8.9666E-05,3.07687E-05,3.12377E-05,5.80089E-05,0.000E+00,0.000E+00,0.000E+00
766,3.01828E-05,2.74203E-05,0.00010151,2.97715E-05,3.19143E-05,5.81271E-05,0.000E+00,0.000E+00,0.000E+00
767,3.15924E-05,2.81052E-05,0.000113355,2.87742E-05,3.25908E-05,5.82453E-05,0.000E+00,0.000E+00,0.000E+00
768,3.30019E-05,2.87901E-05,0.000125199,2.7777E-05,3.32674E-05,5.83635E-05,0.000E+00,0.000E+00,0.000E+00
769,3.44114E-05,2.94749E-05,0.000137044,2.67798E-05,3.3944E-05,5.84817E-05,0.000E+00,0.000E+00,0.000E+00
770,3.58209E-05,3.01598E-05,0.000148888,2.57826E-05,3.46206E-05,5.85999E-05,0.000E+00,0.000E+00,0.000E+00
771,3.45425E-05,2.97374E-05,0.000141525,2.56316E-05,3.62284E-05,5.79638E-05,0.000E+00,0.000E+00,0.000E+00
772,3.29283E-05,2.91753E-05,0.00013177,2.55883E-05,3.79538E-05,5.7232E-05,0.000E+00,0.000E+00,0.000E+00
773,3.13141E-05,2.86132E-05,0.000122015,2.55451E-05,3.96792E-05,5.65003E-05,0.000E+00,0.000E+00,0.000E+00
774,2.96999E-05,2.80512E-05,0.00011226,2.55018E-05,4.14045E-05,5.57685E-05,0.000E+00,0.000E+00,0.000E+00
775,2.80857E-05,2.74891E-05,0.000102505,2.54586E-05,4.31299E-05,5.50367E-05,0.000E+00,0.000E+00,0.000E+00
776,2.64714E-05,2.6927E-05,9.27496E-05,2.54153E-05,4.48553E-05,5.4305E-05,0.000E+00,0.000E+00,0.000E+00
777,2.48572E-05,2.6365E-05,8.29945E-05,2.53721E-05,4.65807E-05,5.35732E-05,0.000E+00,0.000E+00,0.000E+00
778,2.3243E-05,2.58029E-05,7.32396E-05,2.53288E-05,4.83061E-05,5.28414E-05,0.000E+00,0.000E+00,0.000E+00
779,2.16288E-05,2.52408E-05,6.34845E-05,2.52856E-05,5.00315E-05,5.21096E-05,0.000E+00,0.000E+00,0.000E+00
780,2.00146E-05,2.46788E-05,5.37295E-05,2.52423E-05,5.17569E-05,5.13779E-05,0.000E+00,0.000E+00,0.000E+00
781,2.22374E-05,2.43979E-05,4.9951E-05,2.58731E-05,5.35609E-05,5.04267E-05,0.000E+00,0.000E+00,0.000E+00
782,2.50962E-05,2.41624E-05,4.71704E-05,2.6615E-05,5.53768E-05,4.94372E-05,0.000E+00,0.000E+00,0.000E+00
783,2.79551E-05,2.3927E-05,4.43898E-05,2.73569E-05,5.71926E-05,4.84478E-05,0.000E+00,0.000E+00,0.000E+00
784,3.08139E-05,2.36915E-05,4.16092E-05,2.80988E-05,5.90084E-05,4.74583E-05,0.000E+00,0.000E+00,0.000E+00
785,3.36728E-05,2.3456E-05,3.88286E-05,2.88407E-05,6.08243E-05,4.64689E-05,0.000E+00,0.000E+00,0.000E+00
786,3.65316E-05,2.32206E-05,3.60481E-05,2.95826E-05,6.26401E-05,4.54794E-05,0.000E+00,0.000E+00,0.000E+00
787,3.93904E-05,2.29851E-05,3.32675E-05,3.03245E-05,6.4456E-05,4.449E-05,0.000E+00,0.000E+00,0.000E+00
788,4.22493E-05,2.27497E-05,3.04869E-05,3.10663E-05,6.62718E-05,4.35005E-05,0.000E+00,0.000E+00,0.000E+00
789,4.51081E-05,2.25142E-05,2.77063E-05,3.18082E-05,6.80876E-05,4.2511E-05,0.000E+00,0.000E+00,0.000E+00
790,4.7967E-05,2.22787E-05,2.49257E-05,3.25501E-05,6.99035E-05,4.15216E-05,0.000E+00,0.000E+00,0.000E+00
791,5.0305E-05,2.37519E-05,2.45795E-05,3.11769E-05,6.84734E-05,4.30947E-05,0.000E+00,0.000E+00,0.000E+00
792,5.26225E-05,2.53039E-05,2.43487E-05,2.97102E-05,6.68942E-05,4.47874E-05,0.000E+00,0.000E+00,0.000E+00
793,5.494E-05,2.68558E-05,2.4118E-05,2.82435E-05,6.5315E-05,4.64801E-05,0.000E+00,0.000E+00,0.000E+00
794,5.72575E-05,2.84078E-05,2.38872E-05,2.67768E-05,6.37358E-05,4.81728E-05,0.000E+00,0.000E+00,0.000E+00
795,5.95749E-05,2.99597E-05,2.36565E-05,2.53101E-05,6.21565E-05,4.98655E-05,0.000E+00,0.000E+00,0.000E+00
796,6.14437E-05,3.21767E-05,2.40201E-05,2.42153E-05,6.05769E-05,5.28154E-05,0.000E+00,0.000E+00,0.000E+00
797,5.62759E-05,3.78455E-05,3.02714E-05,2.724E-05,6.03845E-05,6.47025E-05,0.000E+00,0.000E+00,0.000E+00
798,5.06966E-05,3.67474E-05,3.37822E-05,2.9045E-05,6.19995E-05,6.66753E-05,0.000E+00,0.000E+00,0.000E+00
799,5.20647E-05,3.78834E-05,3.96608E-05,3.31423E-05,6.65697E-05,6.99482E-05,0.000E+00,0.000E+00,0.000E+00
800,5.21602E-05,3.52796E-05,3.91579E-05,3.67578E-05,7.073E-05,6.84596E-05,-3.1034E-06,5.37878E-06,-1.87606E-06
801,6.24039E-05,3.28205E-05,3.75992E-05,3.97211E-05,7.41982E-05,6.46077E-05,-2.7875E-06,4.86621E-06,-1.54307E-06
802,8.00019E-05,3.32379E-05,3.64942E-05,3.50809E-05,7.58879E-05,6.52471E-05,-2.47331E-06,5.03305E-06,-1.20382E-06
803,0.000166851,3.40246E-05,3.44132E-05,3.03996E-05,7.67374E-05,6.66453E-05,-2.18128E-06,5.11788E-06,-8.66636E-07
804,0.000259676,3.48515E-05,3.22511E-05,2.57497E-05,7.75201E-05,6.81433E-05,-1.89141E-06,5.19482E-06,-5.29864E-07
805,0.000193074,3.77654E-05,3.51723E-05,2.3838E-05,8.11228E-05,7.69451E-05,-1.70349E-06,5.17718E-06,-3.22001E-07
806,0.000127642,4.11968E-05,3.76632E-05,2.20729E-05,8.48041E-05,8.67348E-05,-1.5218E-06,5.16518E-06,-1.21904E-07
807,8.41074E-05,5.12167E-05,3.45475E-05,2.21069E-05,8.94202E-05,0.000108732,-1.4171E-06,5.21867E-06,-2.00444E-08
808,4.35722E-05,5.97931E-05,3.16579E-05,2.21192E-05,9.41094E-05,0.000127581,-1.31101E-06,5.26097E-06,8.48503E-08
809,3.48735E-05,5.25714E-05,3.12029E-05,2.19237E-05,9.96067E-05,0.000112269,-1.18987E-06,5.17512E-06,2.2305E-07
810,2.61749E-05,4.53497E-05,3.07479E-05,2.17282E-05,0.000105104,9.69567E-05,-1.06873E-06,5.08927E-06,3.61249E-07
811,2.01358E-05,4.0252E-05,3.04919E-05,2.17714E-05,0.000112722,8.53653E-05,-9.40178E-07,5.02873E-06,5.15324E-07
812,2.12299E-05,4.08589E-05,3.07418E-05,2.24362E-05,0.00012602,8.38307E-05,-7.91826E-07,5.03587E-06,7.1224E-07
813,2.2324E-05,4.14658E-05,3.09918E-05,2.31009E-05,0.000139319,8.22962E-05,-6.43474E-07,5.04301E-06,9.09156E-07
814,2.34181E-05,4.20727E-05,3.12418E-05,2.37657E-05,0.000152617,8.07616E-05,-4.95122E-07,5.05015E-06,1.10607E-06
815,2.45122E-05,4.26796E-05,3.14917E-05,2.44304E-05,0.000165915,7.9227E-05,-3.4677E-07,5.0573E-06,1.30299E-06
816,2.56063E-05,4.32865E-05,3.17417E-05,2.50952E-05,0.000179213,7.76924E-05,-1.98417E-07,5.06444E-06,1.4999E-06
817,2.67004E-05,4.38934E-05,3.19916E-05,2.57599E-05,0.000192511,7.61578E-05,-5.00653E-08,5.07158E-06,1.69682E-06
818,2.77945E-05,4.45003E-05,3.22416E-05,2.64247E-05,0.000205809,7.46232E-05,9.82868E-08,5.07872E-06,1.89374E-06
819,2.88886E-05,4.51073E-05,3.24915E-05,2.70894E-05,0.000219107,7.30886E-05,2.46639E-07,5.08587E-06,2.09065E-06
820,2.99827E-05,4.57142E-05,3.27415E-05,2.77541E-05,0.000232405,7.1554E-05,3.94991E-07,5.09301E-06,2.28757E-06
821,3.14857E-05,4.65157E-05,3.30292E-05,2.84599E-05,0.000246071,7.00613E-05,5.42543E-07,5.10233E-06,2.48339E-06
822,4.68283E-05,5.38916E-05,3.45765E-05,3.03836E-05,0.000271567,6.98926E-05,6.60388E-07,5.16775E-06,2.63026E-06
823,6.21709E-05,6.12674E-05,3.61238E-05,3.23072E-05,0.000297063,6.97239E-05,7.78232E-07,5.23316E-06,2.77713E-06
824,7.75135E-05,6.86432E-05,3.76711E-05,3.42308E-05,0.000322559,6.95552E-05,8.96077E-07,5.29857E-06,2.924E-06
825,9.28561E-05,7.6019E-05,3.92184E-05,3.61544E-05,0.000348055,6.93865E-05,1.01392E-06,5.36398E-06,3.07087E-06
826,0.000108199,8.33949E-05,4.07657E-05,3.8078E-05,0.000373552,6.92178E-05,1.13177E-06,5.42939E-06,3.21773E-06
827,0.000123541,9.07707E-05,4.2313E-05,4.00017E-05,0.000399048,6.90491E-05,1.24961E-06,5.49481E-06,3.3646E-06
828,0.000138884,9.81465E-05,4.38603E-05,4.19253E-05,0.000424544,6.88804E-05,1.36745E-06,5.56022E-06,3.51147E-06
829,0.000154226,0.000105522,4.54076E-05,4.38489E-05,0.00045004,6.87117E-05,1.4853E-06,5.62563E-06,3.65834E-06
830,0.000169569,0.000112898,4.69549E-05,4.57725E-05,0.000475536,6.8543E-05,1.60314E-06,5.69104E-06,3.80521E-06
831,0.000155483,0.0001072,4.46344E-05,4.22091E-05,0.000592403,6.69214E-05,1.6127E-06,5.60102E-06,3.71057E-06
832,0.000139466,0.000100626,4.208E-05,3.82888E-05,0.000714856,6.5211E-05,1.61602E-06,5.5018E-06,3.60036E-06
833,0.000123449,9.40525E-05,3.95257E-05,3.43685E-05,0.000837309,6.35005E-05,1.61935E-06,5.40258E-06,3.49016E-06
834,0.000107432,8.74789E-05,3.69713E-05,3.04482E-05,0.000959762,6.17901E-05,1.62267E-06,5.30336E-06,3.37995E-06
835,9.14145E-05,8.09051E-05,3.4417E-05,2.65279E-05,0.001082215,6.00797E-05,1.62599E-06,5.20414E-06,3.26974E-06
836,7.7677E-05,7.35323E-05,3.25809E-05,2.30744E-05,0.001245267,5.91629E-05,1.65438E-06,5.14976E-06,3.14274E-06
837,7.2289E-05,6.41152E-05,3.37808E-05,2.18621E-05,0.001596626,6.06691E-05,1.75881E-06,5.25345E-06,2.95205E-06
838,6.62652E-05,5.75478E-05,3.63615E-05,2.183E-05,0.002095221,6.08897E-05,1.80646E-06,5.40917E-06,2.7617E-06
839,5.81208E-05,5.15389E-05,4.22611E-05,2.14084E-05,0.002821964,6.10761E-05,1.7927E-06,5.6208E-06,2.59125E-06
840,4.93294E-05,4.71606E-05,5.64072E-05,2.16202E-05,0.003890351,6.13094E-05,1.73581E-06,5.62354E-06,2.42373E-06
841,4.24201E-05,4.33631E-05,8.25585E-05,2.1557E-05,0.00557772,6.12152E-05,1.69401E-06,6.06638E-06,2.30631E-06
842,3.81434E-05,4.14041E-05,0.00011671,2.21031E-05,0.008404534,6.2175E-05,1.68489E-06,6.4033E-06,2.22283E-06
843,3.63291E-05,4.09859E-05,0.000154566,2.30996E-05,0.012199695,6.39849E-05,1.68184E-06,6.12592E-06,2.13665E-06
844,3.38622E-05,4.23065E-05,0.000160368,2.49352E-05,0.019100228,6.86768E-05,1.64281E-06,6.1146E-06,1.91669E-06
845,3.46749E-05,3.9931E-05,0.000143852,2.42876E-05,0.031124083,6.80681E-05,1.61503E-06,5.9069E-06,1.82901E-06
846,3.41278E-05,4.14429E-05,0.000124096,2.61619E-05,0.051862802,7.09758E-05,1.57213E-06,6.14799E-06,1.84033E-06
847,3.93418E-05,4.7031E-05,0.000124211,3.00527E-05,0.092602663,7.40337E-05,1.51773E-06,6.61783E-06,1.96358E-06
848,4.76658E-05,4.89285E-05,0.000136498,3.04314E-05,0.157269299,6.58578E-05,1.51895E-06,5.77249E-06,2.10541E-06
849,6.04459E-05,5.23557E-05,0.00015217,3.16895E-05,0.271976441,6.50272E-05,1.5583E-06,5.01705E-06,2.23208E-06
850,7.965E-05,6.61199E-05,0.000151939,3.70719E-05,0.444600314,7.59521E-05,1.62701E-06,5.06345E-06,2.31752E-06
851,0.000103903,8.46358E-05,0.00013759,4.64813E-05,0.649325252,9.08249E-05,1.74268E-06,5.23547E-06,2.46745E-06
852,0.000135364,0.000105708,0.0001172,5.62098E-05,0.834740877,0.000120768,1.84151E-06,5.97618E-06,2.61642E-06
853,0.000168496,0.000116156,9.02312E-05,5.88154E-05,0.940933585,0.000124662,1.92993E-06,5.49646E-06,2.70816E-06
854,0.000203476,0.000128426,7.62987E-05,6.47773E-05,0.981522083,0.000147215,1.99101E-06,6.3667E-06,2.74686E-06
855,0.000228755,0.000129516,6.57201E-05,6.28906E-05,0.990649819,0.000143488,2.05781E-06,6.22236E-06,2.81903E-06
856,0.000239759,0.000130591,5.65899E-05,6.01799E-05,0.989237845,0.000134893,2.11911E-06,5.90155E-06,2.87985E-06
857,0.000241488,0.000138087,5.20531E-05,5.89391E-05,0.988160014,0.000130665,2.125E-06,5.97448E-06,2.85751E-06
858,0.000241635,0.000144566,4.92505E-05,5.93961E-05,0.989430964,0.000128338,2.08018E-06,5.92687E-06,2.77614E-06
859,0.000250112,0.000149579,4.73391E-05,5.88079E-05,0.992200613,0.000128732,1.99155E-06,5.90706E-06,2.6527E-06
860,0.00027721,0.000150165,4.85051E-05,6.11106E-05,0.994987905,0.000134321,1.8968E-06,6.1066E-06,2.55268E-06
861,0.000329965,0.000143567,4.26337E-05,5.92322E-05,0.996941984,0.000122684,1.85054E-06,5.4341E-06,2.50884E-06
862,0.000415087,0.00013412,4.24326E-05,5.83552E-05,0.998008609,0.000119842,1.81533E-06,5.43686E-06,2.46507E-06
863,0.00050089,0.000126936,4.56988E-05,5.83208E-05,0.998217225,0.000124825,1.80775E-06,5.76538E-06,2.46353E-06
864,0.000471096,0.000119354,4.88847E-05,6.0615E-05,0.998145461,0.000125423,1.87577E-06,6.12495E-06,2.59672E-06
865,0.000341117,0.000115892,5.46217E-05,6.09801E-05,0.99809587,0.000125288,2.00623E-06,6.48138E-06,2.74452E-06
866,0.000220758,0.000116313,6.21533E-05,6.21504E-05,0.998182416,0.000126984,2.18265E-06,7.07273E-06,2.92823E-06
867,0.000148301,0.000113885,6.67493E-05,6.53294E-05,0.999003947,0.000123208,2.34554E-06,7.23026E-06,3.11805E-06
868,0.000115934,0.000119131,7.70311E-05,6.90273E-05,0.999292791,0.000129824,2.44227E-06,8.09647E-06,3.23044E-06
869,9.90111E-05,0.000123306,8.64033E-05,7.06038E-05,0.999401927,0.000135934,2.49804E-06,9.66717E-06,3.28074E-06
870,8.90976E-05,0.000129755,8.22323E-05,7.06958E-05,0.999733865,0.000134767,2.47267E-06,1.17624E-05,3.19197E-06
871,8.34442E-05,0.000142949,7.79768E-05,7.15419E-05,0.999818504,0.000134729,2.46213E-06,1.73439E-05,3.12327E-06
872,7.98157E-05,0.000157292,7.29712E-05,7.00099E-05,1,0.000132857,2.48529E-06,2.83928E-05,3.09645E-06
873,7.65503E-05,0.000171381,6.79602E-05,6.85644E-05,0.999991298,0.000131335,2.51804E-06,4.10461E-05,3.06841E-06
874,7.602E-05,0.000185965,6.30115E-05,6.65222E-05,0.996436834,0.000128591,2.65543E-06,6.98545E-05,3.00809E-06
875,7.66597E-05,0.000207798,6.87427E-05,6.68893E-05,0.974516988,0.000140955,3.01912E-06,0.000104831,2.94141E-06
876,7.72264E-05,0.000209011,6.12596E-05,7.56878E-05,0.929714203,0.000130038,3.22249E-06,0.000128206,2.88487E-06
877,7.935E-05,0.000180177,6.03485E-05,9.76962E-05,0.834486187,0.000125615,3.2794E-06,0.000134144,2.88276E-06
878,7.7392E-05,0.000145251,5.52419E-05,0.000155864,0.681167722,0.000119622,3.25051E-06,0.000122436,2.75797E-06
879,7.07997E-05,0.000115957,4.69975E-05,0.00016449,0.496751666,0.000103188,3.24684E-06,9.71501E-05,2.72001E-06
880,5.92328E-05,9.22988E-05,4.93636E-05,8.10447E-05,0.319203049,0.000144339,3.17392E-06,7.36341E-05,2.6315E-06
881,5.15811E-05,7.77432E-05,4.75642E-05,5.35733E-05,0.190730006,0.000273188,3.05988E-06,4.68325E-05,2.47777E-06
882,4.83753E-05,6.77334E-05,4.58125E-05,4.53184E-05,0.111398987,0.000300575,2.97977E-06,3.50616E-05,2.38017E-06
883,4.95797E-05,6.52374E-05,4.33826E-05,4.37176E-05,0.064627968,0.000205466,2.82582E-06,2.6337E-05,2.19547E-06
884,5.37089E-05,6.2904E-05,4.05014E-05,4.78136E-05,0.036815386,0.000122244,2.59321E-06,2.07265E-05,2.04037E-06
885,5.95117E-05,6.2946E-05,4.37606E-05,5.33605E-05,0.021928376,9.68786E-05,2.18229E-06,1.74717E-05,1.92108E-06
886,6.77704E-05,7.02624E-05,4.81091E-05,5.64031E-05,0.013213364,8.88703E-05,1.96939E-06,1.54568E-05,1.8829E-06
887,7.84279E-05,7.77668E-05,5.0686E-05,5.76771E-05,0.007643278,7.88244E-05,1.97319E-06,1.33785E-05,1.94043E-06
888,8.58254E-05,8.14528E-05,5.06549E-05,5.09126E-05,0.004904631,7.59954E-05,1.97093E-06,1.23219E-05,1.96764E-06
889,9.35697E-05,8.99004E-05,4.77038E-05,3.54134E-05,0.003115859,7.73874E-05,1.96851E-06,1.11815E-05,1.98053E-06
890,0.000106844,0.000105203,5.19332E-05,3.02591E-05,0.001999176,8.57486E-05,2.00997E-06,1.14509E-05,2.01637E-06
891,0.000124866,0.000115983,5.13592E-05,2.74079E-05,0.001322454,8.11067E-05,2.10975E-06,1.05555E-05,2.1141E-06
892,0.000149572,0.000133361,5.52588E-05,2.7261E-05,0.000883392,8.21532E-05,2.22362E-06,1.0384E-05,2.20878E-06
893,0.000185389,0.000161148,6.27916E-05,2.67093E-05,0.000594393,8.24096E-05,2.30313E-06,1.05904E-05,2.26106E-06
894,0.000232717,0.000204092,6.89653E-05,2.93291E-05,0.000411755,8.5511E-05,2.41258E-06,1.10677E-05,2.40263E-06
895,0.000245281,0.000295599,7.35755E-05,3.009E-05,0.000326896,8.84315E-05,2.64356E-06,1.09711E-05,2.72899E-06
896,0.000241827,0.00041082,7.57078E-05,3.10619E-05,0.000269699,9.10212E-05,2.9162E-06,1.07584E-05,3.11165E-06
897,0.000238372,0.000526041,7.78401E-05,3.20339E-05,0.000212503,9.3611E-05,3.18885E-06,1.05457E-05,3.49432E-06
898,0.000234918,0.000641262,7.99724E-05,3.30059E-05,0.000155306,9.62008E-05,3.46149E-06,1.0333E-05,3.87698E-06
899,0.000231463,0.000756483,8.21047E-05,3.39779E-05,9.81092E-05,9.87906E-05,3.73414E-06,1.01204E-05,4.25964E-06
900,0.000217484,0.000713196,8.42583E-05,3.45434E-05,7.65776E-05,0.000101013,4.02621E-06,1.01784E-05,4.7115E-06
901,0.000199174,0.000610366,8.64276E-05,3.49663E-05,6.84E-05,0.000103107,4.3264E-06,1.03389E-05,5.19096E-06
902,0.000180863,0.000507535,8.85968E-05,3.53891E-05,6.02224E-05,0.0001052,4.6266E-06,1.04994E-05,5.67043E-06
903,0.000162553,0.000404704,9.07661E-05,3.58119E-05,5.20448E-05,0.000107294,4.9268E-06,1.06599E-05,6.1499E-06
904,0.000144242,0.000301874,9.29354E-05,3.62348E-05,4.38672E-05,0.000109387,5.22699E-06,1.08204E-05,6.62936E-06
905,0.000125932,0.000199043,9.51046E-05,3.66576E-05,3.56896E-05,0.000111481,5.52719E-06,1.09808E-05,7.10882E-06
906,0.000104602,0.000142911,9.15896E-05,3.68828E-05,3.07113E-05,0.000113658,5.81823E-06,1.10012E-05,7.43856E-06
907,7.97763E-05,0.000118579,8.41435E-05,3.69661E-05,2.79292E-05,0.000115706,6.1053E-06,1.09312E-05,7.67974E-06
908,5.82701E-05,9.48656E-05,7.55689E-05,3.63871E-05,2.5015E-05,0.000114018,6.35619E-06,1.06329E-05,7.83496E-06
909,4.63746E-05,7.50141E-05,6.46624E-05,3.44269E-05,2.18191E-05,0.000104312,6.5018E-06,9.94569E-06,7.7731E-06
910,4.64162E-05,7.9989E-05,6.74942E-05,3.60701E-05,2.18127E-05,0.000111589,6.57869E-06,1.06046E-05,7.55898E-06
911,4.40153E-05,7.58094E-05,6.54513E-05,3.56998E-05,2.12633E-05,0.000111761,6.64484E-06,1.04774E-05,7.31869E-06
912,4.85647E-05,7.50964E-05,6.39402E-05,3.61807E-05,2.11242E-05,0.000113757,6.71576E-06,1.05634E-05,7.08229E-06
913,5.88252E-05,7.71869E-05,6.286E-05,3.73797E-05,2.13184E-05,0.000117213,6.79087E-06,1.0823E-05,6.85089E-06
914,6.90856E-05,7.92775E-05,6.17798E-05,3.85787E-05,2.15127E-05,0.00012067,6.86597E-06,1.10827E-05,6.61949E-06
915,7.93461E-05,8.13681E-05,6.06996E-05,3.97778E-05,2.17069E-05,0.000124127,6.94108E-06,1.13423E-05,6.38809E-06
916,8.1734E-05,8.84958E-05,5.83694E-05,4.34268E-05,2.15709E-05,0.00012594,7.06291E-06,1.11928E-05,6.23645E-06
917,7.99949E-05,9.8233E-05,5.53424E-05,4.83666E-05,2.1256E-05,0.000126781,7.21016E-06,1.08175E-05,6.12719E-06
918,6.75437E-05,0.000109752,5.22263E-05,5.23065E-05,2.03338E-05,0.000125987,7.42336E-06,1.03037E-05,5.98887E-06
919,5.01719E-05,0.000143071,5.29791E-05,5.66047E-05,1.99805E-05,0.000134876,7.82746E-06,1.03997E-05,5.83016E-06
920,4.09928E-05,0.000175905,5.49469E-05,5.68905E-05,2.00738E-05,0.000154933,8.39932E-06,1.07365E-05,5.94217E-06
921,3.42648E-05,0.000194482,5.49102E-05,5.43583E-05,1.97195E-05,0.000173634,8.96299E-06,1.07233E-05,6.19786E-06
922,2.92595E-05,0.000214156,5.39861E-05,5.33474E-05,1.974E-05,0.000180602,9.74113E-06,1.07761E-05,7.00086E-06
923,2.61053E-05,0.000234922,5.21673E-05,5.4069E-05,2.01724E-05,0.000175213,1.07517E-05,1.09019E-05,8.38405E-06
924,2.57922E-05,0.000201513,5.57532E-05,6.73143E-05,2.16606E-05,0.00016131,1.52166E-05,1.21214E-05,8.88755E-06
925,2.60243E-05,0.000158468,6.03789E-05,8.31897E-05,2.33791E-05,0.000145957,2.04223E-05,1.35503E-05,9.22939E-06
926,2.99451E-05,0.000128906,7.35201E-05,0.000148112,3.09015E-05,0.000141539,4.02538E-05,1.67185E-05,9.34958E-06
927,3.38915E-05,9.94382E-05,8.67452E-05,0.00021332,3.84624E-05,0.000137204,6.01806E-05,1.99039E-05,9.46932E-06
928,3.57557E-05,7.82864E-05,9.30436E-05,0.000245693,4.47649E-05,0.000126127,4.53485E-05,1.83284E-05,9.56983E-06
929,3.37666E-05,6.61258E-05,8.75381E-05,0.000199921,4.18469E-05,0.000117255,2.06126E-05,1.55404E-05,9.64597E-06
930,2.94872E-05,6.39602E-05,7.38725E-05,8.66825E-05,2.83099E-05,0.000119653,1.25801E-05,1.50206E-05,9.57472E-06
931,3.09728E-05,6.36557E-05,7.38424E-05,6.45091E-05,2.4915E-05,0.000124174,1.03003E-05,1.4636E-05,9.26296E-06
932,3.33681E-05,6.31882E-05,7.75408E-05,4.78443E-05,2.21772E-05,0.000126688,8.48977E-06,1.41914E-05,9.4066E-06
933,3.76474E-05,6.23836E-05,8.90016E-05,4.26717E-05,2.08066E-05,0.000125015,7.66482E-06,1.3621E-05,1.05053E-05
934,4.83814E-05,6.29098E-05,9.61363E-05,3.92062E-05,1.98061E-05,0.000128632,7.17633E-06,1.32102E-05,1.31377E-05
935,6.60259E-05,6.48564E-05,9.86571E-05,3.75703E-05,1.91949E-05,0.000137884,7.04865E-06,1.29727E-05,1.73963E-05
936,7.35608E-05,6.70532E-05,9.51271E-05,3.71605E-05,1.89218E-05,0.00014212,7.01866E-06,1.30309E-05,2.36678E-05
937,7.22678E-05,6.94876E-05,8.6681E-05,3.77472E-05,1.89223E-05,0.000142253,7.06382E-06,1.33262E-05,3.15843E-05
938,7.09749E-05,7.1922E-05,7.82349E-05,3.8334E-05,1.89229E-05,0.000142386,7.10898E-06,1.36214E-05,3.95009E-05
939,6.96819E-05,7.43564E-05,6.97888E-05,3.89207E-05,1.89234E-05,0.000142519,7.15413E-06,1.39167E-05,4.74174E-05
940,6.77987E-05,7.53634E-05,6.42663E-05,3.90883E-05,1.8845E-05,0.000140954,7.08931E-06,1.39189E-05,5.11952E-05
941,6.49231E-05,7.46487E-05,6.26215E-05,3.86763E-05,1.86507E-05,0.00013719,6.88482E-06,1.35186E-05,4.95388E-05
942,6.20476E-05,7.39339E-05,6.09768E-05,3.82642E-05,1.84564E-05,0.000133426,6.68032E-06,1.31183E-05,4.78823E-05
943,5.91721E-05,7.32191E-05,5.9332E-05,3.78522E-05,1.82621E-05,0.000129662,6.47583E-06,1.27179E-05,4.62259E-05
944,5.62966E-05,7.25043E-05,5.76872E-05,3.74402E-05,1.80678E-05,0.000125897,6.27134E-06,1.23176E-05,4.45694E-05
945,5.34211E-05,7.17895E-05,5.60425E-05,3.70282E-05,1.78734E-05,0.000122133,6.06685E-06,1.19173E-05,4.2913E-05
946,5.05456E-05,7.10747E-05,5.43977E-05,3.66162E-05,1.76791E-05,0.000118369,5.86236E-06,1.1517E-05,4.12565E-05
947,4.76701E-05,7.03599E-05,5.27529E-05,3.62042E-05,1.74848E-05,0.000114605,5.65787E-06,1.11167E-05,3.96001E-05
948,4.47946E-05,6.96451E-05,5.11082E-05,3.57922E-05,1.72905E-05,0.000110841,5.45337E-06,1.07163E-05,3.79437E-05
949,4.1919E-05,6.89303E-05,4.94634E-05,3.53801E-05,1.70962E-05,0.000107077,5.24888E-06,1.0316E-05,3.62872E-05
950,4.0381E-05,6.82268E-05,4.96589E-05,3.65195E-05,1.70671E-05,0.000105418,5.14255E-06,1.01295E-05,3.40788E-05
951,3.96582E-05,6.75449E-05,5.09783E-05,3.86089E-05,1.71378E-05,0.00010504,5.09625E-06,1.00727E-05,3.15299E-05
952,3.89355E-05,6.68631E-05,5.22977E-05,4.06984E-05,1.72085E-05,0.000104662,5.04996E-06,1.00159E-05,2.8981E-05
953,3.82127E-05,6.61812E-05,5.3617E-05,4.27879E-05,1.72793E-05,0.000104284,5.00367E-06,9.95914E-06,2.6432E-05
954,3.74899E-05,6.54994E-05,5.49364E-05,4.48774E-05,1.735E-05,0.000103906,4.95738E-06,9.90234E-06,2.38831E-05
955,3.67672E-05,6.48175E-05,5.62558E-05,4.69669E-05,1.74207E-05,0.000103528,4.91109E-06,9.84555E-06,2.13342E-05
956,3.60444E-05,6.41357E-05,5.75751E-05,4.90564E-05,1.74915E-05,0.00010315,4.86479E-06,9.78875E-06,1.87853E-05
957,3.53216E-05,6.34538E-05,5.88945E-05,5.11459E-05,1.75622E-05,0.000102772,4.8185E-06,9.73195E-06,1.62364E-05
958,3.45988E-05,6.2772E-05,6.02139E-05,5.32354E-05,1.76329E-05,0.000102394,4.77221E-06,9.67516E-06,1.36874E-05
959,3.38352E-05,6.20565E-05,6.14164E-05,5.52423E-05,1.76876E-05,0.000101985,4.72388E-06,9.61551E-06,1.11929E-05
960,3.18545E-05,5.95707E-05,5.81496E-05,5.4003E-05,1.70473E-05,9.99123E-05,4.58528E-06,9.34042E-06,1.04554E-05
961,2.98699E-05,5.70801E-05,5.48676E-05,5.2747E-05,1.64018E-05,9.78221E-05,4.44573E-06,9.06364E-06,9.72329E-06
962,2.78853E-05,5.45895E-05,5.15855E-05,5.14911E-05,1.57562E-05,9.5732E-05,4.30618E-06,8.78686E-06,8.9912E-06
963,2.59008E-05,5.20989E-05,4.83035E-05,5.02351E-05,1.51107E-05,9.36418E-05,4.16664E-06,8.51007E-06,8.25912E-06
964,2.39162E-05,4.96084E-05,4.50215E-05,4.89791E-05,1.44652E-05,9.15516E-05,4.02709E-06,8.23328E-06,7.52703E-06
965,2.43844E-05,4.91357E-05,4.44317E-05,4.78964E-05,1.45407E-05,9.29546E-05,4.0162E-06,8.29681E-06,7.28792E-06
966,2.55334E-05,4.98749E-05,4.53346E-05,4.72857E-05,1.48765E-05,9.54638E-05,4.04212E-06,8.43077E-06,7.23893E-06
967,2.66824E-05,5.06141E-05,4.62376E-05,4.6675E-05,1.52123E-05,9.79729E-05,4.06803E-06,8.56473E-06,7.18994E-06
968,2.78315E-05,5.13533E-05,4.71406E-05,4.60643E-05,1.55481E-05,0.000100482,4.09394E-06,8.6987E-06,7.14096E-06
969,2.89805E-05,5.20925E-05,4.80436E-05,4.54537E-05,1.58839E-05,0.000102991,4.11985E-06,8.83266E-06,7.09197E-06
970,3.00532E-05,5.27613E-05,4.88828E-05,4.47955E-05,1.61829E-05,0.000105099,4.14379E-06,8.95608E-06,7.0457E-06
971,3.03469E-05,5.27748E-05,4.9054E-05,4.36888E-05,1.61077E-05,0.000103103,4.14812E-06,8.97334E-06,7.02792E-06
972,3.06407E-05,5.27884E-05,4.92251E-05,4.25822E-05,1.60326E-05,0.000101107,4.15245E-06,8.9906E-06,7.01014E-06
973,3.09345E-05,5.2802E-05,4.93963E-05,4.14755E-05,1.59575E-05,9.91107E-05,4.15679E-06,9.00785E-06,6.99235E-06
974,3.12282E-05,5.28155E-05,4.95674E-05,4.03689E-05,1.58823E-05,9.71145E-05,4.16112E-06,9.02511E-06,6.97457E-06
975,3.1522E-05,5.28291E-05,4.97386E-05,3.92622E-05,1.58072E-05,9.51183E-05,4.16545E-06,9.04236E-06,6.95679E-06
976,3.18158E-05,5.28427E-05,4.99097E-05,3.81556E-05,1.5732E-05,9.31221E-05,4.16978E-06,9.05962E-06,6.93901E-06
977,3.21096E-05,5.28562E-05,5.00809E-05,3.70489E-05,1.56569E-05,9.11258E-05,4.17411E-06,9.07687E-06,6.92123E-06
978,3.24033E-05,5.28698E-05,5.0252E-05,3.59423E-05,1.55818E-05,8.91296E-05,4.17845E-06,9.09413E-06,6.90345E-06
979,3.26971E-05,5.28833E-05,5.04232E-05,3.48356E-05,1.55066E-05,8.71334E-05,4.18278E-06,9.11138E-06,6.88567E-06
980,3.29912E-05,5.25258E-05,5.0096E-05,3.40608E-05,1.54015E-05,8.51482E-05,4.18002E-06,9.09969E-06,6.8711E-06
981,3.32597E-05,5.13424E-05,4.86671E-05,3.39927E-05,1.52279E-05,8.3173E-05,4.16118E-06,9.02257E-06,6.86362E-06
982,3.35282E-05,5.01591E-05,4.72382E-05,3.39245E-05,1.50544E-05,8.11978E-05,4.14234E-06,8.94545E-06,6.85614E-06
983,3.37967E-05,4.89758E-05,4.58093E-05,3.38564E-05,1.48808E-05,7.92226E-05,4.1235E-06,8.86832E-06,6.84866E-06
984,3.40652E-05,4.77924E-05,4.43804E-05,3.37883E-05,1.47073E-05,7.72474E-05,4.10466E-06,8.7912E-06,6.84117E-06
985,3.43337E-05,4.66091E-05,4.29515E-05,3.37201E-05,1.45338E-05,7.52723E-05,4.08582E-06,8.71408E-06,6.83369E-06
986,3.46022E-05,4.54257E-05,4.15226E-05,3.3652E-05,1.43602E-05,7.32971E-05,4.06698E-06,8.63696E-06,6.82621E-06
987,3.48707E-05,4.42424E-05,4.00937E-05,3.35838E-05,1.41867E-05,7.13219E-05,4.04814E-06,8.55983E-06,6.81873E-06
988,3.51392E-05,4.30591E-05,3.86648E-05,3.35157E-05,1.40131E-05,6.93467E-05,4.0293E-06,8.48271E-06,6.81124E-06
989,3.42356E-05,4.04859E-05,3.6009E-05,3.2135E-05,1.33071E-05,6.49834E-05,3.97449E-06,8.33259E-06,6.79591E-06
990,2.91263E-05,3.2936E-05,2.89879E-05,2.61026E-05,1.06981E-05,5.20652E-05,3.79292E-06,7.92301E-06,6.75422E-06
991,2.4017E-05,2.5386E-05,2.19668E-05,2.00702E-05,8.08911E-06,3.91469E-05,3.61136E-06,7.51344E-06,6.71254E-06
992,1.89077E-05,1.78361E-05,1.49457E-05,1.40377E-05,5.48013E-06,2.62287E-05,3.42979E-06,7.10386E-06,6.67085E-06
993,1.37984E-05,1.02862E-05,7.92468E-06,8.00527E-06,2.87114E-06,1.33105E-05,3.24822E-06,6.69428E-06,6.62917E-06
994,8.6891E-06,2.73626E-06,9.03614E-07,1.97282E-06,2.62155E-07,3.92234E-07,3.06666E-06,6.28471E-06,6.58748E-06
995,9.19403E-06,2.53923E-06,7.83351E-07,1.22737E-06,1.98082E-07,3.63808E-07,2.88509E-06,5.87513E-06,6.5458E-06
996,9.42144E-06,2.45628E-06,7.41849E-07,8.35333E-07,1.33906E-07,3.27752E-07,2.70352E-06,5.46556E-06,6.50411E-06
997,9.16799E-06,2.45663E-06,7.36542E-07,6.2807E-07,7.0547E-08,3.00225E-07,2.52196E-06,5.05598E-06,6.46243E-06
998,8.55865E-06,2.54871E-06,6.99956E-07,5.03875E-07,7.40447E-09,2.71452E-07,2.34039E-06,4.64641E-06,6.42074E-06
999,7.85839E-06,2.71735E-06,6.83034E-07,4.34348E-07,2.50665E-08,2.45537E-07,2.15882E-06,4.23683E-06,6.3248E-06
1000,7.34458E-06,2.9539E-06,6.56259E-07,3.65827E-07,1.51725E-08,2.22777E-07,1.97726E-06,3.83281E-06,6.15278E-06
1001,7.00191E-06,3.24896E-06,6.39788E-07,3.24166E-07,8.73119E-09,2.13226E-07,1.79569E-06,3.58738E-06,5.94826E-06
1002,6.80015E-06,3.55403E-06,6.52607E-07,2.98509E-07,1.43824E-08,1.93396E-07,1.61412E-06,3.48465E-06,5.74576E-06
1003,6.54874E-06,3.83233E-06,6.87788E-07,2.76316E-07,1.25931E-08,1.74424E-07,1.44649E-06,3.38192E-06,5.54326E-06
1004,6.15126E-06,4.06529E-06,7.22514E-07,2.64419E-07,4.56524E-09,1.59718E-07,1.40175E-06,3.27918E-06,5.34076E-06
1005,5.60638E-06,4.25595E-06,7.59319E-07,2.51168E-07,2.20767E-09,1.44856E-07,1.36847E-06,3.17645E-06,5.13825E-06
1006,4.99917E-06,4.4292E-06,8.25169E-07,2.56761E-07,2.97144E-09,1.38479E-07,1.33518E-06,3.07372E-06,4.93575E-06
1007,4.35153E-06,4.60998E-06,9.31904E-07,2.53069E-07,8.24577E-09,1.36726E-07,1.3019E-06,2.97099E-06,4.73325E-06
1008,3.76661E-06,4.74956E-06,1.04969E-06,2.52452E-07,1.06735E-08,1.24732E-07,1.26861E-06,2.86826E-06,4.53075E-06
1009,3.29273E-06,4.78721E-06,1.24882E-06,2.62381E-07,8.33875E-09,1.14752E-07,1.23533E-06,2.76553E-06,4.32825E-06
1010,2.91225E-06,4.64813E-06,1.49254E-06,2.71142E-07,6.54044E-09,1.16648E-07,1.20204E-06,2.66279E-06,4.12575E-06
1011,2.65551E-06,4.31946E-06,1.82973E-06,2.92616E-07,5.80759E-09,1.12354E-07,1.16876E-06,2.56006E-06,3.92324E-06
1012,2.49635E-06,3.85304E-06,2.26685E-06,3.07788E-07,7.29464E-09,1.0995E-07,1.13547E-06,2.45733E-06,3.72074E-06
1013,2.40722E-06,3.33451E-06,2.75153E-06,3.47162E-07,5.87379E-09,1.08753E-07,1.10219E-06,2.3546E-06,3.51824E-06
1014,2.37072E-06,2.84525E-06,3.24841E-06,4.07123E-07,4.06476E-09,1.03528E-07,1.0689E-06,2.25187E-06,3.31574E-06
1015,2.3768E-06,2.43831E-06,3.66826E-06,4.65365E-07,3.03433E-09,1.03738E-07,1.03562E-06,2.14914E-06,3.11324E-06
1016,2.37948E-06,2.13954E-06,3.86086E-06,5.40445E-07,5.49116E-09,1.06114E-07,1.00233E-06,2.0464E-06,2.91073E-06
1017,2.36358E-06,1.9301E-06,3.72136E-06,6.28671E-07,4.83691E-09,1.07951E-07,9.6905E-07,1.94367E-06,2.70823E-06
1018,2.33984E-06,1.79978E-06,3.27061E-06,7.30119E-07,3.61288E-09,1.09139E-07,9.35765E-07,1.84094E-06,2.50573E-06
1019,2.29275E-06,1.73936E-06,2.68989E-06,8.50276E-07,2.39062E-09,1.10211E-07,9.0248E-07,1.73821E-06,2.33305E-06
1020,2.28048E-06,1.73496E-06,2.11043E-06,9.83193E-07,1.97578E-09,1.16532E-07,8.69195E-07,1.63804E-06,2.23894E-06
1021,2.34472E-06,1.77375E-06,1.63513E-06,1.11836E-06,1.88926E-09,1.26509E-07,8.35911E-07,1.58383E-06,2.21732E-06
1022,2.49376E-06,1.83016E-06,1.28798E-06,1.25548E-06,3.0645E-09,1.36154E-07,8.02626E-07,1.55716E-06,2.20594E-06
1023,2.7914E-06,1.88801E-06,1.03422E-06,1.3986E-06,7.88035E-09,1.47351E-07,7.72257E-07,1.53048E-06,2.19457E-06
1024,3.21861E-06,1.93164E-06,8.57047E-07,1.52893E-06,3.85045E-09,1.60944E-07,7.60626E-07,1.50381E-06,2.18318E-06
1025,3.69944E-06,1.96022E-06,7.32491E-07,1.66083E-06,2.42286E-09,1.80679E-07,7.49795E-07,1.47713E-06,2.17181E-06
1026,4.08241E-06,1.97631E-06,6.33552E-07,1.77676E-06,1.61744E-09,2.00316E-07,7.38964E-07,1.45045E-06,2.16043E-06
1027,4.15319E-06,1.97584E-06,5.72218E-07,1.84584E-06,2.57313E-09,2.20045E-07,7.28132E-07,1.42378E-06,2.14905E-06
1028,3.89075E-06,1.95101E-06,4.97233E-07,1.85063E-06,4.9379E-09,2.40512E-07,7.17301E-07,1.3971E-06,2.13767E-06
1029,3.38378E-06,1.87308E-06,4.65745E-07,1.77303E-06,5.64651E-09,2.51666E-07,7.0647E-07,1.37042E-06,2.12629E-06
1030,2.77597E-06,1.71636E-06,4.35656E-07,1.59903E-06,2.45158E-09,2.5428E-07,6.95638E-07,1.34375E-06,2.11491E-06
1031,2.20232E-06,1.50159E-06,4.05657E-07,1.37193E-06,9.89583E-10,2.48928E-07,6.84807E-07,1.31707E-06,2.10353E-06
1032,1.72277E-06,1.24757E-06,4.02461E-07,1.11702E-06,3.0633E-09,2.35965E-07,6.73976E-07,1.2904E-06,2.09215E-06
1033,1.38375E-06,9.95723E-07,3.88935E-07,8.67249E-07,5.68419E-09,2.16161E-07,6.63144E-07,1.26372E-06,2.08077E-06
1034,1.16393E-06,7.73939E-07,3.89252E-07,6.55911E-07,4.33498E-09,1.91087E-07,6.52313E-07,1.23704E-06,2.06939E-06
1035,1.03694E-06,5.9857E-07,3.89704E-07,4.90515E-07,3.32829E-09,1.67065E-07,6.41482E-07,1.21037E-06,2.05801E-06
1036,9.82848E-07,4.66329E-07,3.96101E-07,3.67138E-07,3.5797E-09,1.44589E-07,6.3065E-07,1.18369E-06,2.04663E-06
1037,9.67501E-07,3.70401E-07,4.13794E-07,2.81885E-07,3.8311E-09,1.27833E-07,6.19819E-07,1.15701E-06,2.03525E-06
1038,9.64645E-07,3.01085E-07,4.24682E-07,2.2575E-07,2.39318E-09,1.12691E-07,6.08988E-07,1.13034E-06,2.02387E-06
1039,9.54547E-07,2.5072E-07,4.40559E-07,1.86756E-07,1.41472E-09,9.85387E-08,5.98156E-07,1.10366E-06,2.01601E-06
1040,9.09407E-07,2.13218E-07,4.59183E-07,1.58757E-07,7.50048E-10,8.823E-08,5.87325E-07,1.07776E-06,1.99551E-06
1041,8.4857E-07,1.88845E-07,4.85532E-07,1.46996E-07,8.72586E-10,8.17561E-08,5.76494E-07,1.06591E-06,1.96546E-06
1042,7.58075E-07,1.70477E-07,5.10826E-07,1.38922E-07,9.93759E-10,7.69631E-08,5.65663E-07,1.06209E-06,1.93213E-06
1043,6.53543E-07,1.5702E-07,5.37044E-07,1.41474E-07,9.90573E-10,7.33929E-08,5.56241E-07,1.05827E-06,1.89879E-06
1044,5.63679E-07,1.47378E-07,5.53395E-07,1.49187E-07,2.76923E-09,6.96999E-08,5.55983E-07,1.05445E-06,1.86546E-06
1045,4.92005E-07,1.40792E-07,5.61007E-07,1.59489E-07,1.77512E-09,6.70422E-08,5.56197E-07,1.05062E-06,1.83213E-06
1046,4.44567E-07,1.37413E-07,5.52359E-07,1.85539E-07,4.67413E-10,6.69031E-08,5.56412E-07,1.0468E-06,1.7988E-06
1047,4.18913E-07,1.35968E-07,5.35744E-07,2.23403E-07,4.36385E-10,6.74989E-08,5.56626E-07,1.04298E-06,1.76547E-06
1048,4.03566E-07,1.36039E-07,5.16663E-07,2.77208E-07,6.24226E-10,6.76055E-08,5.56839E-07,1.03916E-06,1.73214E-06
1049,3.98413E-07,1.38586E-07,4.91664E-07,3.66486E-07,8.31834E-10,6.81301E-08,5.57054E-07,1.03533E-06,1.69881E-06
1050,4.10621E-07,1.4429E-07,4.57411E-07,5.15897E-07,1.84468E-09,7.11504E-08,5.57268E-07,1.03151E-06,1.66548E-06
1051,4.31529E-07,1.51905E-07,4.29177E-07,7.5715E-07,2.22551E-09,7.53717E-08,5.57482E-07,1.02769E-06,1.63215E-06
1052,4.46729E-07,1.61025E-07,3.95183E-07,1.14192E-06,9.37001E-10,8.10636E-08,5.57696E-07,1.02386E-06,1.59882E-06
1053,4.61595E-07,1.71888E-07,3.66748E-07,1.70294E-06,1.08293E-09,8.85799E-08,5.5791E-07,1.02004E-06,1.56549E-06
1054,4.7079E-07,1.84363E-07,3.35576E-07,2.4197E-06,1.22389E-09,9.86268E-08,5.58124E-07,1.01622E-06,1.53216E-06
1055,4.70695E-07,1.97798E-07,3.11661E-07,3.14484E-06,8.13549E-10,1.12514E-07,5.58338E-07,1.0124E-06,1.49882E-06
1056,4.60617E-07,2.12132E-07,2.85925E-07,3.72176E-06,2.43172E-09,1.32183E-07,5.58552E-07,1.00857E-06,1.46549E-06
1057,4.37364E-07,2.26694E-07,2.70361E-07,4.11889E-06,1.69985E-09,1.60701E-07,5.58766E-07,1.00475E-06,1.43216E-06
1058,4.08108E-07,2.41616E-07,2.60681E-07,4.45037E-06,1.48702E-09,2.02016E-07,5.5898E-07,1.00093E-06,1.39883E-06
1059,3.74258E-07,2.56329E-07,2.45724E-07,4.85468E-06,1.16714E-09,2.66097E-07,5.59194E-07,9.97105E-07,1.36645E-06
1060,3.3802E-07,2.70091E-07,2.33516E-07,5.25662E-06,8.02997E-10,3.69729E-07,5.59408E-07,9.93598E-07,1.34551E-06
1061,3.06294E-07,2.85139E-07,2.29504E-07,5.35317E-06,4.9222E-10,5.50373E-07,5.59622E-07,9.97528E-07,1.32991E-06
1062,2.79103E-07,2.98846E-07,2.29426E-07,4.76151E-06,1.41247E-09,8.50326E-07,5.59836E-07,1.00627E-06,1.3158E-06
1063,2.56444E-07,3.09972E-07,2.28346E-07,3.59558E-06,1.43887E-09,1.26595E-06,5.60624E-07,1.01502E-06,1.30169E-06
1064,2.38351E-07,3.16134E-07,2.26853E-07,2.38034E-06,1.38587E-09,1.65816E-06,5.65776E-07,1.02376E-06,1.28758E-06
1065,2.21423E-07,3.15701E-07,2.33009E-07,1.47455E-06,6.49668E-10,1.80261E-06,5.7134E-07,1.03251E-06,1.27347E-06
1066,2.11967E-07,3.08374E-07,2.41857E-07,9.16193E-07,7.01101E-10,1.59779E-06,5.76903E-07,1.04125E-06,1.25936E-06
1067,2.05878E-07,2.95289E-07,2.497E-07,5.93546E-07,1.34609E-09,1.19807E-06,5.82466E-07,1.04999E-06,1.24525E-06
1068,1.99102E-07,2.7781E-07,2.6445E-07,4.01771E-07,1.64083E-09,8.15886E-07,5.8803E-07,1.05874E-06,1.23114E-06
1069,1.94474E-07,2.58904E-07,2.79172E-07,2.85827E-07,1.8177E-09,5.47936E-07,5.93593E-07,1.06748E-06,1.21703E-06
1070,1.90668E-07,2.40683E-07,3.00065E-07,2.1274E-07,2.33383E-09,3.87205E-07,5.99156E-07,1.07623E-06,1.20292E-06
1071,1.8774E-07,2.26434E-07,3.30669E-07,1.66661E-07,2.15788E-09,2.9174E-07,6.0472E-07,1.08497E-06,1.18881E-06
1072,1.85907E-07,2.14712E-07,3.67379E-07,1.3669E-07,7.81091E-10,2.31377E-07,6.10283E-07,1.09372E-06,1.1747E-06
1073,1.86031E-07,2.05432E-07,4.14871E-07,1.13645E-07,7.98841E-10,1.91131E-07,6.15847E-07,1.10246E-06,1.16059E-06
1074,1.84879E-07,1.98763E-07,4.76584E-07,9.64876E-08,9.479E-10,1.63335E-07,6.2141E-07,1.11121E-06,1.14648E-06
1075,1.85877E-07,1.9544E-07,5.56323E-07,8.47025E-08,1.38918E-09,1.43473E-07,6.26973E-07,1.11995E-06,1.13237E-06
1076,1.87814E-07,1.95772E-07,6.53657E-07,7.6101E-08,7.39434E-10,1.29341E-07,6.32537E-07,1.12869E-06,1.11826E-06
1077,1.93464E-07,1.99553E-07,7.76555E-07,6.9456E-08,1.19975E-09,1.19742E-07,6.381E-07,1.13744E-06,1.10415E-06
1078,1.99486E-07,2.07125E-07,9.32177E-07,6.3944E-08,4.67939E-10,1.12781E-07,6.43663E-07,1.14618E-06,1.09004E-06
1079,2.12003E-07,2.18377E-07,1.11013E-06,6.16368E-08,1.49567E-09,1.07915E-07,6.49227E-07,1.15493E-06,1.07968E-06
1080,2.27638E-07,2.34207E-07,1.30597E-06,5.9822E-08,7.9647E-10,1.05205E-07,6.5479E-07,1.16518E-06,1.07788E-06
1081,2.49996E-07,2.56714E-07,1.51035E-06,5.84484E-08,9.70118E-10,1.04703E-07,6.60354E-07,1.21606E-06,1.0853E-06
1082,2.78378E-07,2.8491E-07,1.66763E-06,5.95778E-08,1.60525E-09,1.05566E-07,6.65917E-07,1.29802E-06,1.09385E-06
1083,3.13928E-07,3.19609E-07,1.75452E-06,6.24374E-08,2.2533E-09,1.08509E-07,6.74367E-07,1.37998E-06,1.10241E-06
1084,3.56042E-07,3.59603E-07,1.75958E-06,6.63503E-08,1.6889E-09,1.13561E-07,7.06989E-07,1.46193E-06,1.11096E-06
1085,4.06419E-07,4.03542E-07,1.68879E-06,7.15041E-08,1.04982E-09,1.20238E-07,7.41614E-07,1.54389E-06,1.11952E-06
1086,4.60878E-07,4.46956E-07,1.55862E-06,7.85658E-08,9.17701E-10,1.29398E-07,7.76239E-07,1.62585E-06,1.12808E-06
1087,5.17317E-07,4.86933E-07,1.40629E-06,8.66678E-08,1.59566E-09,1.41504E-07,8.10863E-07,1.70781E-06,1.13663E-06
1088,5.67464E-07,5.22512E-07,1.25019E-06,9.81008E-08,2.00053E-09,1.57598E-07,8.45488E-07,1.78976E-06,1.14519E-06
1089,6.04984E-07,5.54606E-07,1.1085E-06,1.1039E-07,2.62571E-09,1.7819E-07,8.80113E-07,1.87172E-06,1.15375E-06
1090,6.26088E-07,5.86518E-07,9.83767E-07,1.25698E-07,2.06698E-09,2.05507E-07,9.14737E-07,1.95368E-06,1.1623E-06
1091,6.28412E-07,6.20488E-07,8.79409E-07,1.43004E-07,2.70885E-09,2.41746E-07,9.49362E-07,2.03563E-06,1.17086E-06
1092,6.1127E-07,6.53452E-07,7.94409E-07,1.58291E-07,3.43135E-09,2.88681E-07,9.83987E-07,2.11759E-06,1.17942E-06
1093,5.83162E-07,6.81888E-07,7.23398E-07,1.70184E-07,3.86447E-09,3.48799E-07,1.01861E-06,2.19955E-06,1.18797E-06
1094,5.47908E-07,6.9716E-07,6.67976E-07,1.73948E-07,3.59909E-09,4.24146E-07,1.05324E-06,2.28151E-06,1.19653E-06
1095,5.10728E-07,6.93728E-07,6.25478E-07,1.68863E-07,4.56938E-09,5.1225E-07,1.08786E-06,2.36346E-06,1.20509E-06
1096,4.75724E-07,6.69334E-07,5.91711E-07,1.55721E-07,4.47173E-09,6.01048E-07,1.12249E-06,2.44542E-06,1.21364E-06
1097,4.46338E-07,6.27949E-07,5.63812E-07,1.38874E-07,5.5937E-09,6.74382E-07,1.15711E-06,2.52738E-06,1.2222E-06
1098,4.22981E-07,5.7411E-07,5.46471E-07,1.19641E-07,6.08368E-09,7.08443E-07,1.19174E-06,2.60933E-06,1.23076E-06
1099,4.04258E-07,5.132E-07,5.32197E-07,1.01717E-07,7.25213E-09,6.91673E-07,1.22636E-06,2.69129E-06,1.24133E-06
1100,3.9166E-07,4.50914E-07,5.18923E-07,8.42104E-08,8.42835E-09,6.74902E-07,1.26098E-06,2.77252E-06,1.25596E-06
1101,0.000E+00,0.000E+00,0.000E+00,0.000E+00,0.000E+00,0.000E+00,1.29561E-06,2.83149E-06,1.27379E-06
1102,0.000E+00,0.000E+00,0.000E+00,0.000E+00,0.000E+00,0.000E+00,1.33023E-06,2.8716E-06,1.29195E-06
1103,0.000E+00,0.000E+00,0.000E+00,0.000E+00,0.000E+00,0.000E+00,1.36136E-06,2.91172E-06,1.3101E-06
1104,0.000E+00,0.000E+00,0.000E+00,0.000E+00,0.000E+00,0.000E+00,1.35937E-06,2.95184E-06,1.32826E-06
1105,0.000E+00,0.000E+00,0.000E+00,0.000E+00,0.000E+00,0.000E+00,1.3539E-06,2.99195E-06,1.34642E-06
1106,0.000E+00,0.000E+00,0.000E+00,0.000E+00,0.000E+00,0.000E+00,1.34843E-06,3.03207E-06,1.36458E-06
1107,0.000E+00,0.000E+00,0.000E+00,0.000E+00,0.000E+00,0.000E+00,1.34297E-06,3.07219E-06,1.38274E-06
1108,0.000E+00,0.000E+00,0.000E+00,0.000E+00,0.000E+00,0.000E+00,1.3375E-06,3.1123E-06,1.4009E-06
1109,0.000E+00,0.000E+00,0.000E+00,0.000E+00,0.000E+00,0.000E+00,1.33203E-06,3.15242E-06,1.41906E-06
1110,0.000E+00,0.000E+00,0.000E+00,0.000E+00,0.000E+00,0.000E+00,1.32656E-06,3.19254E-06,1.43722E-06
1111,0.000E+00,0.000E+00,0.000E+00,0.000E+00,0.000E+00,0.000E+00,1.32109E-06,3.23265E-06,1.45537E-06
1112,0.000E+00,0.000E+00,0.000E+00,0.000E+00,0.000E+00,0.000E+00,1.31562E-06,3.27277E-06,1.47353E-06
1113,0.000E+00,0.000E+00,0.000E+00,0.000E+00,0.000E+00,0.000E+00,1.31015E-06,3.31289E-06,1.49169E-06
1114,0.000E+00,0.000E+00,0.000E+00,0.000E+00,0.000E+00,0.000E+00,1.30468E-06,3.353E-06,1.50985E-06
1115,0.000E+00,0.000E+00,0.000E+00,0.000E+00,0.000E+00,0.000E+00,1.29921E-06,3.39312E-06,1.52801E-06
1116,0.000E+00,0.000E+00,0.000E+00,0.000E+00,0.000E+00,0.000E+00,1.29374E-06,3.43324E-06,1.54617E-06
1117,0.000E+00,0.000E+00,0.000E+00,0.000E+00,0.000E+00,0.000E+00,1.28827E-06,3.47335E-06,1.56433E-06
1118,0.000E+00,0.000E+00,0.000E+00,0.000E+00,0.000E+00,0.000E+00,1.2828E-06,3.51347E-06,1.58249E-06
1119,0.000E+00,0.000E+00,0.000E+00,0.000E+00,0.000E+00,0.000E+00,1.27733E-06,3.55359E-06,1.603E-06
1120,0.000E+00,0.000E+00,0.000E+00,0.000E+00,0.000E+00,0.000E+00,1.27186E-06,3.59387E-06,1.62886E-06
1121,0.000E+00,0.000E+00,0.000E+00,0.000E+00,0.000E+00,0.000E+00,1.26639E-06,3.63548E-06,1.65947E-06
1122,0.000E+00,0.000E+00,0.000E+00,0.000E+00,0.000E+00,0.000E+00,1.26092E-06,3.67675E-06,1.69065E-06
1123,0.000E+00,0.000E+00,0.000E+00,0.000E+00,0.000E+00,0.000E+00,1.25893E-06,3.71803E-06,1.72184E-06
1124,0.000E+00,0.000E+00,0.000E+00,0.000E+00,0.000E+00,0.000E+00,1.29142E-06,3.7593E-06,1.75302E-06
1125,0.000E+00,0.000E+00,0.000E+00,0.000E+00,0.000E+00,0.000E+00,1.32748E-06,3.80058E-06,1.7842E-06
1126,0.000E+00,0.000E+00,0.000E+00,0.000E+00,0.000E+00,0.000E+00,1.36354E-06,3.84185E-06,1.81538E-06
1127,0.000E+00,0.000E+00,0.000E+00,0.000E+00,0.000E+00,0.000E+00,1.39961E-06,3.88313E-06,1.84656E-06
1128,0.000E+00,0.000E+00,0.000E+00,0.000E+00,0.000E+00,0.000E+00,1.43567E-06,3.9244E-06,1.87774E-06
1129,0.000E+00,0.000E+00,0.000E+00,0.000E+00,0.000E+00,0.000E+00,1.47173E-06,3.96568E-06,1.90892E-06
1130,0.000E+00,0.000E+00,0.000E+00,0.000E+00,0.000E+00,0.000E+00,1.5078E-06,4.00696E-06,1.9401E-06
1131,0.000E+00,0.000E+00,0.000E+00,0.000E+00,0.000E+00,0.000E+00,1.54386E-06,4.04823E-06,1.97129E-06
1132,0.000E+00,0.000E+00,0.000E+00,0.000E+00,0.000E+00,0.000E+00,1.57992E-06,4.08951E-06,2.00247E-06
1133,0.000E+00,0.000E+00,0.000E+00,0.000E+00,0.000E+00,0.000E+00,1.61599E-06,4.13078E-06,2.03365E-06
1134,0.000E+00,0.000E+00,0.000E+00,0.000E+00,0.000E+00,0.000E+00,1.65205E-06,4.17206E-06,2.06483E-06
1135,0.000E+00,0.000E+00,0.000E+00,0.000E+00,0.000E+00,0.000E+00,1.68811E-06,4.21333E-06,2.09601E-06
1136,0.000E+00,0.000E+00,0.000E+00,0.000E+00,0.000E+00,0.000E+00,1.72418E-06,4.25461E-06,2.12719E-06
1137,0.000E+00,0.000E+00,0.000E+00,0.000E+00,0.000E+00,0.000E+00,1.76024E-06,4.29588E-06,2.15837E-06
1138,0.000E+00,0.000E+00,0.000E+00,0.000E+00,0.000E+00,0.000E+00,1.7963E-06,4.33716E-06,2.18955E-06
1139,0.000E+00,0.000E+00,0.000E+00,0.000E+00,0.000E+00,0.000E+00,1.83237E-06,4.37843E-06,2.22609E-06
1140,0.000E+00,0.000E+00,0.000E+00,0.000E+00,0.000E+00,0.000E+00,1.86843E-06,4.41876E-06,2.27772E-06
1141,0.000E+00,0.000E+00,0.000E+00,0.000E+00,0.000E+00,0.000E+00,1.90449E-06,4.42241E-06,2.34234E-06
1142,0.000E+00,0.000E+00,0.000E+00,0.000E+00,0.000E+00,0.000E+00,1.94055E-06,4.39842E-06,2.40901E-06
1143,0.000E+00,0.000E+00,0.000E+00,0.000E+00,0.000E+00,0.000E+00,1.99271E-06,4.37442E-06,2.47569E-06
1144,0.000E+00,0.000E+00,0.000E+00,0.000E+00,0.000E+00,0.000E+00,2.1675E-06,4.35042E-06,2.54236E-06
1145,0.000E+00,0.000E+00,0.000E+00,0.000E+00,0.000E+00,0.000E+00,2.35126E-06,4.32642E-06,2.60904E-06
1146,0.000E+00,0.000E+00,0.000E+00,0.000E+00,0.000E+00,0.000E+00,2.53501E-06,4.30243E-06,2.67571E-06
1147,0.000E+00,0.000E+00,0.000E+00,0.000E+00,0.000E+00,0.000E+00,2.71877E-06,4.27843E-06,2.74239E-06
1148,0.000E+00,0.000E+00,0.000E+00,0.000E+00,0.000E+00,0.000E+00,2.90252E-06,4.25444E-06,2.80906E-06
1149,0.000E+00,0.000E+00,0.000E+00,0.000E+00,0.000E+00,0.000E+00,3.08627E-06,4.23044E-06,2.87574E-06
1150,0.000E+00,0.000E+00,0.000E+00,0.000E+00,0.000E+00,0.000E+00,3.27003E-06,4.20644E-06,2.94241E-06
1151,0.000E+00,0.000E+00,0.000E+00,0.000E+00,0.000E+00,0.000E+00,3.45378E-06,4.18245E-06,3.00909E-06
1152,0.000E+00,0.000E+00,0.000E+00,0.000E+00,0.000E+00,0.000E+00,3.63754E-06,4.15845E-06,3.07576E-06
1153,0.000E+00,0.000E+00,0.000E+00,0.000E+00,0.000E+00,0.000E+00,3.82129E-06,4.13445E-06,3.14244E-06
1154,0.000E+00,0.000E+00,0.000E+00,0.000E+00,0.000E+00,0.000E+00,4.00505E-06,4.11046E-06,3.20911E-06
1155,0.000E+00,0.000E+00,0.000E+00,0.000E+00,0.000E+00,0.000E+00,4.1888E-06,4.08646E-06,3.27579E-06
1156,0.000E+00,0.000E+00,0.000E+00,0.000E+00,0.000E+00,0.000E+00,4.37255E-06,4.06246E-06,3.34247E-06
1157,0.000E+00,0.000E+00,0.000E+00,0.000E+00,0.000E+00,0.000E+00,4.55631E-06,4.03847E-06,3.40914E-06
1158,0.000E+00,0.000E+00,0.000E+00,0.000E+00,0.000E+00,0.000E+00,4.74006E-06,4.01447E-06,3.47582E-06
1159,0.000E+00,0.000E+00,0.000E+00,0.000E+00,0.000E+00,0.000E+00,4.92382E-06,3.99047E-06,3.55415E-06
1160,0.000E+00,0.000E+00,0.000E+00,0.000E+00,0.000E+00,0.000E+00,5.10757E-06,3.97436E-06,3.67067E-06
1161,0.000E+00,0.000E+00,0.000E+00,0.000E+00,0.000E+00,0.000E+00,5.29133E-06,4.1261E-06,3.82353E-06
1162,0.000E+00,0.000E+00,0.000E+00,0.000E+00,0.000E+00,0.000E+00,5.47508E-06,4.39354E-06,3.98187E-06
1163,0.000E+00,0.000E+00,0.000E+00,0.000E+00,0.000E+00,0.000E+00,5.64762E-06,4.66098E-06,4.14021E-06
1164,0.000E+00,0.000E+00,0.000E+00,0.000E+00,0.000E+00,0.000E+00,5.73555E-06,4.92842E-06,4.29855E-06
1165,0.000E+00,0.000E+00,0.000E+00,0.000E+00,0.000E+00,0.000E+00,5.81733E-06,5.19586E-06,4.45689E-06
1166,0.000E+00,0.000E+00,0.000E+00,0.000E+00,0.000E+00,0.000E+00,5.89911E-06,5.46329E-06,4.61523E-06
1167,0.000E+00,0.000E+00,0.000E+00,0.000E+00,0.000E+00,0.000E+00,5.98089E-06,5.73073E-06,4.77357E-06
1168,0.000E+00,0.000E+00,0.000E+00,0.000E+00,0.000E+00,0.000E+00,6.06267E-06,5.99817E-06,4.93191E-06
1169,0.000E+00,0.000E+00,0.000E+00,0.000E+00,0.000E+00,0.000E+00,6.14446E-06,6.26561E-06,5.09025E-06
1170,0.000E+00,0.000E+00,0.000E+00,0.000E+00,0.000E+00,0.000E+00,6.22624E-06,6.53305E-06,5.24859E-06
1171,0.000E+00,0.000E+00,0.000E+00,0.000E+00,0.000E+00,0.000E+00,6.30802E-06,6.80049E-06,5.40693E-06
1172,0.000E+00,0.000E+00,0.000E+00,0.000E+00,0.000E+00,0.000E+00,6.3898E-06,7.06792E-06,5.56527E-06
1173,0.000E+00,0.000E+00,0.000E+00,0.000E+00,0.000E+00,0.000E+00,6.47158E-06,7.33536E-06,5.72361E-06
1174,0.000E+00,0.000E+00,0.000E+00,0.000E+00,0.000E+00,0.000E+00,6.55336E-06,7.6028E-06,5.88195E-06
1175,0.000E+00,0.000E+00,0.000E+00,0.000E+00,0.000E+00,0.000E+00,6.63515E-06,7.87024E-06,6.04029E-06
1176,0.000E+00,0.000E+00,0.000E+00,0.000E+00,0.000E+00,0.000E+00,6.71693E-06,8.13768E-06,6.19863E-06
1177,0.000E+00,0.000E+00,0.000E+00,0.000E+00,0.000E+00,0.000E+00,6.79871E-06,8.40512E-06,6.35697E-06
1178,0.000E+00,0.000E+00,0.000E+00,0.000E+00,0.000E+00,0.000E+00,6.88049E-06,8.67256E-06,6.51531E-06
1179,0.000E+00,0.000E+00,0.000E+00,0.000E+00,0.000E+00,0.000E+00,6.96227E-06,8.94E-06,6.64886E-06
1180,0.000E+00,0.000E+00,0.000E+00,0.000E+00,0.000E+00,0.000E+00,7.04405E-06,9.20873E-06,6.76658E-06
1181,0.000E+00,0.000E+00,0.000E+00,0.000E+00,0.000E+00,0.000E+00,7.12584E-06,9.58591E-06,6.90416E-06
1182,0.000E+00,0.000E+00,0.000E+00,0.000E+00,0.000E+00,0.000E+00,7.20762E-06,1.00458E-05,7.0477E-06
1183,0.000E+00,0.000E+00,0.000E+00,0.000E+00,0.000E+00,0.000E+00,7.31116E-06,1.05057E-05,7.19125E-06
1184,0.000E+00,0.000E+00,0.000E+00,0.000E+00,0.000E+00,0.000E+00,7.57701E-06,1.09656E-05,7.3348E-06
1185,0.000E+00,0.000E+00,0.000E+00,0.000E+00,0.000E+00,0.000E+00,7.85596E-06,1.14254E-05,7.47834E-06
1186,0.000E+00,0.000E+00,0.000E+00,0.000E+00,0.000E+00,0.000E+00,8.1349E-06,1.18853E-05,7.62188E-06
1187,0.000E+00,0.000E+00,0.000E+00,0.000E+00,0.000E+00,0.000E+00,8.41384E-06,1.23452E-05,7.76543E-06
1188,0.000E+00,0.000E+00,0.000E+00,0.000E+00,0.000E+00,0.000E+00,8.69278E-06,1.28051E-05,7.90898E-06
1189,0.000E+00,0.000E+00,0.000E+00,0.000E+00,0.000E+00,0.000E+00,8.97172E-06,1.3265E-05,8.05252E-06
1190,0.000E+00,0.000E+00,0.000E+00,0.000E+00,0.000E+00,0.000E+00,9.25067E-06,1.37249E-05,8.19607E-06
1191,0.000E+00,0.000E+00,0.000E+00,0.000E+00,0.000E+00,0.000E+00,9.52961E-06,1.41847E-05,8.33961E-06
1192,0.000E+00,0.000E+00,0.000E+00,0.000E+00,0.000E+00,0.000E+00,9.80855E-06,1.46446E-05,8.48316E-06
1193,0.000E+00,0.000E+00,0.000E+00,0.000E+00,0.000E+00,0.000E+00,1.00875E-05,1.51045E-05,8.6267E-06
1194,0.000E+00,0.000E+00,0.000E+00,0.000E+00,0.000E+00,0.000E+00,1.03664E-05,1.55644E-05,8.77025E-06
1195,0.000E+00,0.000E+00,0.000E+00,0.000E+00,0.000E+00,0.000E+00,1.06454E-05,1.60243E-05,8.91379E-06
1196,0.000E+00,0.000E+00,0.000E+00,0.000E+00,0.000E+00,0.000E+00,1.09243E-05,1.64842E-05,9.05734E-06
1197,0.000E+00,0.000E+00,0.000E+00,0.000E+00,0.000E+00,0.000E+00,1.12033E-05,1.69441E-05,9.20089E-06
1198,0.000E+00,0.000E+00,0.000E+00,0.000E+00,0.000E+00,0.000E+00,1.14822E-05,1.74039E-05,9.34443E-06
1199,0.000E+00,0.000E+00,0.000E+00,0.000E+00,0.000E+00,0.000E+00,1.17612E-05,1.78638E-05,9.50202E-06
1200,0.000E+00,0.000E+00,0.000E+00,0.000E+00,0.000E+00,0.000E+00,1.20401E-05,1.83202E-05,9.64623E-06
1201,0.000E+00,0.000E+00,0.000E+00,0.000E+00,0.000E+00,0.000E+00,1.2319E-05,1.8626E-05,9.76234E-06
1202,0.000E+00,0.000E+00,0.000E+00,0.000E+00,0.000E+00,0.000E+00,1.2598E-05,1.88209E-05,9.87178E-06
1203,0.000E+00,0.000E+00,0.000E+00,0.000E+00,0.000E+00,0.000E+00,1.2855E-05,1.90158E-05,9.98121E-06
1204,0.000E+00,0.000E+00,0.000E+00,0.000E+00,0.000E+00,0.000E+00,1.29592E-05,1.92108E-05,1.00906E-05
1205,0.000E+00,0.000E+00,0.000E+00,0.000E+00,0.000E+00,0.000E+00,1.30482E-05,1.94057E-05,1.02001E-05
1206,0.000E+00,0.000E+00,0.000E+00,0.000E+00,0.000E+00,0.000E+00,1.31371E-05,1.96006E-05,1.03095E-05
1207,0.000E+00,0.000E+00,0.000E+00,0.000E+00,0.000E+00,0.000E+00,1.3226E-05,1.97956E-05,1.0419E-05
1208,0.000E+00,0.000E+00,0.000E+00,0.000E+00,0.000E+00,0.000E+00,1.33149E-05,1.99905E-05,1.05284E-05
1209,0.000E+00,0.000E+00,0.000E+00,0.000E+00,0.000E+00,0.000E+00,1.34038E-05,2.01854E-05,1.06378E-05
1210,0.000E+00,0.000E+00,0.000E+00,0.000E+00,0.000E+00,0.000E+00,1.34927E-05,2.03804E-05,1.07473E-05
1211,0.000E+00,0.000E+00,0.000E+00,0.000E+00,0.000E+00,0.000E+00,1.35816E-05,2.05753E-05,1.08567E-05
1212,0.000E+00,0.000E+00,0.000E+00,0.000E+00,0.000E+00,0.000E+00,1.36705E-05,2.07702E-05,1.09661E-05
1213,0.000E+00,0.000E+00,0.000E+00,0.000E+00,0.000E+00,0.000E+00,1.37595E-05,2.09652E-05,1.10756E-05
1214,0.000E+00,0.000E+00,0.000E+00,0.000E+00,0.000E+00,0.000E+00,1.38484E-05,2.11601E-05,1.1185E-05
1215,0.000E+00,0.000E+00,0.000E+00,0.000E+00,0.000E+00,0.000E+00,1.39373E-05,2.1355E-05,1.12944E-05
1216,0.000E+00,0.000E+00,0.000E+00,0.000E+00,0.000E+00,0.000E+00,1.40262E-05,2.155E-05,1.14039E-05
1217,0.000E+00,0.000E+00,0.000E+00,0.000E+00,0.000E+00,0.000E+00,1.41151E-05,2.17449E-05,1.15133E-05
1218,0.000E+00,0.000E+00,0.000E+00,0.000E+00,0.000E+00,0.000E+00,1.4204E-05,2.19398E-05,1.16228E-05
1219,0.000E+00,0.000E+00,0.000E+00,0.000E+00,0.000E+00,0.000E+00,1.42929E-05,2.21348E-05,1.17236E-05
1220,0.000E+00,0.000E+00,0.000E+00,0.000E+00,0.000E+00,0.000E+00,1.43818E-05,2.23218E-05,1.17963E-05
1221,0.000E+00,0.000E+00,0.000E+00,0.000E+00,0.000E+00,0.000E+00,1.44708E-05,2.23544E-05,1.18365E-05
1222,0.000E+00,0.000E+00,0.000E+00,0.000E+00,0.000E+00,0.000E+00,1.45597E-05,2.22753E-05,1.18699E-05
1223,0.000E+00,0.000E+00,0.000E+00,0.000E+00,0.000E+00,0.000E+00,1.46614E-05,2.21962E-05,1.19034E-05
1224,0.000E+00,0.000E+00,0.000E+00,0.000E+00,0.000E+00,0.000E+00,1.48549E-05,2.2117E-05,1.19368E-05
1225,0.000E+00,0.000E+00,0.000E+00,0.000E+00,0.000E+00,0.000E+00,1.50536E-05,2.20379E-05,1.19703E-05
1226,0.000E+00,0.000E+00,0.000E+00,0.000E+00,0.000E+00,0.000E+00,1.52524E-05,2.19588E-05,1.20038E-05
1227,0.000E+00,0.000E+00,0.000E+00,0.000E+00,0.000E+00,0.000E+00,1.54511E-05,2.18797E-05,1.20372E-05
1228,0.000E+00,0.000E+00,0.000E+00,0.000E+00,0.000E+00,0.000E+00,1.56498E-05,2.18006E-05,1.20707E-05
1229,0.000E+00,0.000E+00,0.000E+00,0.000E+00,0.000E+00,0.000E+00,1.58485E-05,2.17215E-05,1.21042E-05
1230,0.000E+00,0.000E+00,0.000E+00,0.000E+00,0.000E+00,0.000E+00,1.60472E-05,2.16424E-05,1.21376E-05
1231,0.000E+00,0.000E+00,0.000E+00,0.000E+00,0.000E+00,0.000E+00,1.6246E-05,2.15633E-05,1.21711E-05
1232,0.000E+00,0.000E+00,0.000E+00,0.000E+00,0.000E+00,0.000E+00,1.64447E-05,2.14842E-05,1.22045E-05
1233,0.000E+00,0.000E+00,0.000E+00,0.000E+00,0.000E+00,0.000E+00,1.66434E-05,2.14051E-05,1.2238E-05
1234,0.000E+00,0.000E+00,0.000E+00,0.000E+00,0.000E+00,0.000E+00,1.68421E-05,2.1326E-05,1.22715E-05
1235,0.000E+00,0.000E+00,0.000E+00,0.000E+00,0.000E+00,0.000E+00,1.70408E-05,2.12469E-05,1.23049E-05
1236,0.000E+00,0.000E+00,0.000E+00,0.000E+00,0.000E+00,0.000E+00,1.72396E-05,2.11678E-05,1.23384E-05
1237,0.000E+00,0.000E+00,0.000E+00,0.000E+00,0.000E+00,0.000E+00,1.74383E-05,2.10887E-05,1.23718E-05
1238,0.000E+00,0.000E+00,0.000E+00,0.000E+00,0.000E+00,0.000E+00,1.7637E-05,2.10096E-05,1.24053E-05
1239,0.000E+00,0.000E+00,0.000E+00,0.000E+00,0.000E+00,0.000E+00,1.78357E-05,2.09305E-05,1.24619E-05
1240,0.000E+00,0.000E+00,0.000E+00,0.000E+00,0.000E+00,0.000E+00,1.80344E-05,2.08564E-05,1.25917E-05
1241,0.000E+00,0.000E+00,0.000E+00,0.000E+00,0.000E+00,0.000E+00,1.82331E-05,2.08856E-05,1.28069E-05
1242,0.000E+00,0.000E+00,0.000E+00,0.000E+00,0.000E+00,0.000E+00,1.84319E-05,2.09966E-05,1.30358E-05
1243,0.000E+00,0.000E+00,0.000E+00,0.000E+00,0.000E+00,0.000E+00,1.86592E-05,2.11076E-05,1.32647E-05
1244,0.000E+00,0.000E+00,0.000E+00,0.000E+00,0.000E+00,0.000E+00,1.91619E-05,2.12186E-05,1.34936E-05
1245,0.000E+00,0.000E+00,0.000E+00,0.000E+00,0.000E+00,0.000E+00,1.96897E-05,2.13296E-05,1.37225E-05
1246,0.000E+00,0.000E+00,0.000E+00,0.000E+00,0.000E+00,0.000E+00,2.02174E-05,2.14407E-05,1.39514E-05
1247,0.000E+00,0.000E+00,0.000E+00,0.000E+00,0.000E+00,0.000E+00,2.07452E-05,2.15517E-05,1.41802E-05
1248,0.000E+00,0.000E+00,0.000E+00,0.000E+00,0.000E+00,0.000E+00,2.1273E-05,2.16627E-05,1.44091E-05
1249,0.000E+00,0.000E+00,0.000E+00,0.000E+00,0.000E+00,0.000E+00,2.18008E-05,2.17737E-05,1.4638E-05
1250,0.000E+00,0.000E+00,0.000E+00,0.000E+00,0.000E+00,0.000E+00,2.23286E-05,2.18847E-05,1.48669E-05
1251,0.000E+00,0.000E+00,0.000E+00,0.000E+00,0.000E+00,0.000E+00,2.28564E-05,2.19957E-05,1.50958E-05
1252,0.000E+00,0.000E+00,0.000E+00,0.000E+00,0.000E+00,0.000E+00,2.33842E-05,2.21068E-05,1.53247E-05
1253,0.000E+00,0.000E+00,0.000E+00,0.000E+00,0.000E+00,0.000E+00,2.39119E-05,2.22178E-05,1.55536E-05
1254,0.000E+00,0.000E+00,0.000E+00,0.000E+00,0.000E+00,0.000E+00,2.44397E-05,2.23288E-05,1.57825E-05
1255,0.000E+00,0.000E+00,0.000E+00,0.000E+00,0.000E+00,0.000E+00,2.49675E-05,2.24398E-05,1.60114E-05
1256,0.000E+00,0.000E+00,0.000E+00,0.000E+00,0.000E+00,0.000E+00,2.54953E-05,2.25508E-05,1.62403E-05
1257,0.000E+00,0.000E+00,0.000E+00,0.000E+00,0.000E+00,0.000E+00,2.60231E-05,2.26618E-05,1.64692E-05
1258,0.000E+00,0.000E+00,0.000E+00,0.000E+00,0.000E+00,0.000E+00,2.65509E-05,2.27728E-05,1.66981E-05
1259,0.000E+00,0.000E+00,0.000E+00,0.000E+00,0.000E+00,0.000E+00,2.70787E-05,2.28839E-05,1.69157E-05
1260,0.000E+00,0.000E+00,0.000E+00,0.000E+00,0.000E+00,0.000E+00,2.76065E-05,2.29953E-05,1.7141E-05
1261,0.000E+00,0.000E+00,0.000E+00,0.000E+00,0.000E+00,0.000E+00,2.81342E-05,2.3119E-05,1.73514E-05
1262,0.000E+00,0.000E+00,0.000E+00,0.000E+00,0.000E+00,0.000E+00,2.8662E-05,2.3247E-05,1.75608E-05
1263,0.000E+00,0.000E+00,0.000E+00,0.000E+00,0.000E+00,0.000E+00,2.92206E-05,2.3375E-05,1.77701E-05
1264,0.000E+00,0.000E+00,0.000E+00,0.000E+00,0.000E+00,0.000E+00,3.00295E-05,2.35029E-05,1.79794E-05
1265,0.000E+00,0.000E+00,0.000E+00,0.000E+00,0.000E+00,0.000E+00,3.08529E-05,2.36309E-05,1.81887E-05
1266,0.000E+00,0.000E+00,0.000E+00,0.000E+00,0.000E+00,0.000E+00,3.16763E-05,2.37589E-05,1.8398E-05
1267,0.000E+00,0.000E+00,0.000E+00,0.000E+00,0.000E+00,0.000E+00,3.24997E-05,2.38869E-05,1.86074E-05
1268,0.000E+00,0.000E+00,0.000E+00,0.000E+00,0.000E+00,0.000E+00,3.33231E-05,2.40148E-05,1.88167E-05
1269,0.000E+00,0.000E+00,0.000E+00,0.000E+00,0.000E+00,0.000E+00,3.41465E-05,2.41428E-05,1.9026E-05
1270,0.000E+00,0.000E+00,0.000E+00,0.000E+00,0.000E+00,0.000E+00,3.49698E-05,2.42708E-05,1.92353E-05
1271,0.000E+00,0.000E+00,0.000E+00,0.000E+00,0.000E+00,0.000E+00,3.57932E-05,2.43988E-05,1.94446E-05
1272,0.000E+00,0.000E+00,0.000E+00,0.000E+00,0.000E+00,0.000E+00,3.66166E-05,2.45267E-05,1.96539E-05
1273,0.000E+00,0.000E+00,0.000E+00,0.000E+00,0.000E+00,0.000E+00,3.744E-05,2.46547E-05,1.98633E-05
1274,0.000E+00,0.000E+00,0.000E+00,0.000E+00,0.000E+00,0.000E+00,3.82634E-05,2.47827E-05,2.00726E-05
1275,0.000E+00,0.000E+00,0.000E+00,0.000E+00,0.000E+00,0.000E+00,3.90868E-05,2.49107E-05,2.02819E-05
1276,0.000E+00,0.000E+00,0.000E+00,0.000E+00,0.000E+00,0.000E+00,3.99102E-05,2.50387E-05,2.04912E-05
1277,0.000E+00,0.000E+00,0.000E+00,0.000E+00,0.000E+00,0.000E+00,4.07335E-05,2.51666E-05,2.07005E-05
1278,0.000E+00,0.000E+00,0.000E+00,0.000E+00,0.000E+00,0.000E+00,4.15569E-05,2.52946E-05,2.09099E-05
1279,0.000E+00,0.000E+00,0.000E+00,0.000E+00,0.000E+00,0.000E+00,4.23803E-05,2.54226E-05,2.11175E-05
1280,0.000E+00,0.000E+00,0.000E+00,0.000E+00,0.000E+00,0.000E+00,4.32037E-05,2.55506E-05,2.13232E-05
1281,0.000E+00,0.000E+00,0.000E+00,0.000E+00,0.000E+00,0.000E+00,4.40271E-05,2.57134E-05,2.15056E-05
1282,0.000E+00,0.000E+00,0.000E+00,0.000E+00,0.000E+00,0.000E+00,4.48505E-05,2.5906E-05,2.16805E-05
1283,0.000E+00,0.000E+00,0.000E+00,0.000E+00,0.000E+00,0.000E+00,4.57688E-05,2.60986E-05,2.18555E-05
1284,0.000E+00,0.000E+00,0.000E+00,0.000E+00,0.000E+00,0.000E+00,4.74949E-05,2.62912E-05,2.20304E-05
1285,0.000E+00,0.000E+00,0.000E+00,0.000E+00,0.000E+00,0.000E+00,4.92985E-05,2.64838E-05,2.22054E-05
1286,0.000E+00,0.000E+00,0.000E+00,0.000E+00,0.000E+00,0.000E+00,5.11022E-05,2.66764E-05,2.23803E-05
1287,0.000E+00,0.000E+00,0.000E+00,0.000E+00,0.000E+00,0.000E+00,5.29058E-05,2.6869E-05,2.25552E-05
1288,0.000E+00,0.000E+00,0.000E+00,0.000E+00,0.000E+00,0.000E+00,5.47094E-05,2.70616E-05,2.27302E-05
1289,0.000E+00,0.000E+00,0.000E+00,0.000E+00,0.000E+00,0.000E+00,5.65131E-05,2.72542E-05,2.29051E-05
1290,0.000E+00,0.000E+00,0.000E+00,0.000E+00,0.000E+00,0.000E+00,5.83167E-05,2.74468E-05,2.30801E-05
1291,0.000E+00,0.000E+00,0.000E+00,0.000E+00,0.000E+00,0.000E+00,6.01203E-05,2.76394E-05,2.3255E-05
1292,0.000E+00,0.000E+00,0.000E+00,0.000E+00,0.000E+00,0.000E+00,6.19239E-05,2.7832E-05,2.34299E-05
1293,0.000E+00,0.000E+00,0.000E+00,0.000E+00,0.000E+00,0.000E+00,6.37276E-05,2.80246E-05,2.36049E-05
1294,0.000E+00,0.000E+00,0.000E+00,0.000E+00,0.000E+00,0.000E+00,6.55312E-05,2.82172E-05,2.37798E-05
1295,0.000E+00,0.000E+00,0.000E+00,0.000E+00,0.000E+00,0.000E+00,6.73348E-05,2.84098E-05,2.39548E-05
1296,0.000E+00,0.000E+00,0.000E+00,0.000E+00,0.000E+00,0.000E+00,6.91385E-05,2.86024E-05,2.41297E-05
1297,0.000E+00,0.000E+00,0.000E+00,0.000E+00,0.000E+00,0.000E+00,7.09421E-05,2.8795E-05,2.43046E-05
1298,0.000E+00,0.000E+00,0.000E+00,0.000E+00,0.000E+00,0.000E+00,7.27457E-05,2.89876E-05,2.44796E-05
1299,0.000E+00,0.000E+00,0.000E+00,0.000E+00,0.000E+00,0.000E+00,7.45494E-05,2.91802E-05,2.46542E-05
1300,0.000E+00,0.000E+00,0.000E+00,0.000E+00,0.000E+00,0.000E+00,7.6353E-05,2.93744E-05,2.4782E-05
1301,0.000E+00,0.000E+00,0.000E+00,0.000E+00,0.000E+00,0.000E+00,7.81566E-05,2.95941E-05,2.48866E-05
1302,0.000E+00,0.000E+00,0.000E+00,0.000E+00,0.000E+00,0.000E+00,7.99602E-05,2.9836E-05,2.49918E-05
1303,0.000E+00,0.000E+00,0.000E+00,0.000E+00,0.000E+00,0.000E+00,8.21458E-05,3.0078E-05,2.50971E-05
1304,0.000E+00,0.000E+00,0.000E+00,0.000E+00,0.000E+00,0.000E+00,8.71403E-05,3.03199E-05,2.52024E-05
1305,0.000E+00,0.000E+00,0.000E+00,0.000E+00,0.000E+00,0.000E+00,9.25057E-05,3.05619E-05,2.53077E-05
1306,0.000E+00,0.000E+00,0.000E+00,0.000E+00,0.000E+00,0.000E+00,9.78711E-05,3.08038E-05,2.5413E-05
1307,0.000E+00,0.000E+00,0.000E+00,0.000E+00,0.000E+00,0.000E+00,0.000103236,3.10457E-05,2.55182E-05
1308,0.000E+00,0.000E+00,0.000E+00,0.000E+00,0.000E+00,0.000E+00,0.000108602,3.12877E-05,2.56235E-05
1309,0.000E+00,0.000E+00,0.000E+00,0.000E+00,0.000E+00,0.000E+00,0.000113967,3.15296E-05,2.57288E-05
1310,0.000E+00,0.000E+00,0.000E+00,0.000E+00,0.000E+00,0.000E+00,0.000119333,3.17715E-05,2.58341E-05
1311,0.000E+00,0.000E+00,0.000E+00,0.000E+00,0.000E+00,0.000E+00,0.000124698,3.20135E-05,2.59394E-05
1312,0.000E+00,0.000E+00,0.000E+00,0.000E+00,0.000E+00,0.000E+00,0.000130063,3.22554E-05,2.60446E-05
1313,0.000E+00,0.000E+00,0.000E+00,0.000E+00,0.000E+00,0.000E+00,0.000135429,3.24974E-05,2.61499E-05
1314,0.000E+00,0.000E+00,0.000E+00,0.000E+00,0.000E+00,0.000E+00,0.000140794,3.27393E-05,2.62552E-05
1315,0.000E+00,0.000E+00,0.000E+00,0.000E+00,0.000E+00,0.000E+00,0.00014616,3.29812E-05,2.63605E-05
1316,0.000E+00,0.000E+00,0.000E+00,0.000E+00,0.000E+00,0.000E+00,0.000151525,3.32232E-05,2.64658E-05
1317,0.000E+00,0.000E+00,0.000E+00,0.000E+00,0.000E+00,0.000E+00,0.00015689,3.34651E-05,2.6571E-05
1318,0.000E+00,0.000E+00,0.000E+00,0.000E+00,0.000E+00,0.000E+00,0.000162256,3.3707E-05,2.66763E-05
1319,0.000E+00,0.000E+00,0.000E+00,0.000E+00,0.000E+00,0.000E+00,0.000167621,3.3949E-05,2.67861E-05
1320,0.000E+00,0.000E+00,0.000E+00,0.000E+00,0.000E+00,0.000E+00,0.000172986,3.41887E-05,2.68817E-05
1321,0.000E+00,0.000E+00,0.000E+00,0.000E+00,0.000E+00,0.000E+00,0.000178352,3.43769E-05,2.69996E-05
1322,0.000E+00,0.000E+00,0.000E+00,0.000E+00,0.000E+00,0.000E+00,0.000183717,3.45283E-05,2.71209E-05
1323,0.000E+00,0.000E+00,0.000E+00,0.000E+00,0.000E+00,0.000E+00,0.000192864,3.46797E-05,2.72422E-05
1324,0.000E+00,0.000E+00,0.000E+00,0.000E+00,0.000E+00,0.000E+00,0.000233493,3.48311E-05,2.73635E-05
1325,0.000E+00,0.000E+00,0.000E+00,0.000E+00,0.000E+00,0.000E+00,0.000276358,3.49825E-05,2.74848E-05
1326,0.000E+00,0.000E+00,0.000E+00,0.000E+00,0.000E+00,0.000E+00,0.000319222,3.51339E-05,2.76061E-05
1327,0.000E+00,0.000E+00,0.000E+00,0.000E+00,0.000E+00,0.000E+00,0.000362086,3.52853E-05,2.77274E-05
1328,0.000E+00,0.000E+00,0.000E+00,0.000E+00,0.000E+00,0.000E+00,0.00040495,3.54367E-05,2.78487E-05
1329,0.000E+00,0.000E+00,0.000E+00,0.000E+00,0.000E+00,0.000E+00,0.000447814,3.5588E-05,2.797E-05
1330,0.000E+00,0.000E+00,0.000E+00,0.000E+00,0.000E+00,0.000E+00,0.000490679,3.57394E-05,2.80913E-05
1331,0.000E+00,0.000E+00,0.000E+00,0.000E+00,0.000E+00,0.000E+00,0.000533543,3.58908E-05,2.82126E-05
1332,0.000E+00,0.000E+00,0.000E+00,0.000E+00,0.000E+00,0.000E+00,0.000576407,3.60422E-05,2.83339E-05
1333,0.000E+00,0.000E+00,0.000E+00,0.000E+00,0.000E+00,0.000E+00,0.000619271,3.61936E-05,2.84552E-05
1334,0.000E+00,0.000E+00,0.000E+00,0.000E+00,0.000E+00,0.000E+00,0.000662136,3.6345E-05,2.85765E-05
1335,0.000E+00,0.000E+00,0.000E+00,0.000E+00,0.000E+00,0.000E+00,0.000705,3.64964E-05,2.86978E-05
1336,0.000E+00,0.000E+00,0.000E+00,0.000E+00,0.000E+00,0.000E+00,0.000747864,3.66478E-05,2.88191E-05
1337,0.000E+00,0.000E+00,0.000E+00,0.000E+00,0.000E+00,0.000E+00,0.000790728,3.67992E-05,2.89404E-05
1338,0.000E+00,0.000E+00,0.000E+00,0.000E+00,0.000E+00,0.000E+00,0.000833593,3.69506E-05,2.90617E-05
1339,0.000E+00,0.000E+00,0.000E+00,0.000E+00,0.000E+00,0.000E+00,0.000876457,3.7102E-05,2.91907E-05
1340,0.000E+00,0.000E+00,0.000E+00,0.000E+00,0.000E+00,0.000E+00,0.000919321,3.72879E-05,2.94343E-05
1341,0.000E+00,0.000E+00,0.000E+00,0.000E+00,0.000E+00,0.000E+00,0.000962185,3.83806E-05,2.99878E-05
1342,0.000E+00,0.000E+00,0.000E+00,0.000E+00,0.000E+00,0.000E+00,0.00100505,4.0257E-05,3.05896E-05
1343,0.000E+00,0.000E+00,0.000E+00,0.000E+00,0.000E+00,0.000E+00,0.001047914,4.21334E-05,3.11914E-05
1344,0.000E+00,0.000E+00,0.000E+00,0.000E+00,0.000E+00,0.000E+00,0.001090778,4.40098E-05,3.17931E-05
1345,0.000E+00,0.000E+00,0.000E+00,0.000E+00,0.000E+00,0.000E+00,0.001133642,4.58861E-05,3.23949E-05
1346,0.000E+00,0.000E+00,0.000E+00,0.000E+00,0.000E+00,0.000E+00,0.001296649,4.77625E-05,3.29967E-05
1347,0.000E+00,0.000E+00,0.000E+00,0.000E+00,0.000E+00,0.000E+00,0.001597193,4.96389E-05,3.35984E-05
1348,0.000E+00,0.000E+00,0.000E+00,0.000E+00,0.000E+00,0.000E+00,0.001965731,5.15153E-05,3.42002E-05
1349,0.000E+00,0.000E+00,0.000E+00,0.000E+00,0.000E+00,0.000E+00,0.002462482,5.33917E-05,3.48019E-05
1350,0.000E+00,0.000E+00,0.000E+00,0.000E+00,0.000E+00,0.000E+00,0.003213092,5.5268E-05,3.54037E-05
1351,0.000E+00,0.000E+00,0.000E+00,0.000E+00,0.000E+00,0.000E+00,0.003879519,5.71444E-05,3.60055E-05
1352,0.000E+00,0.000E+00,0.000E+00,0.000E+00,0.000E+00,0.000E+00,0.004898632,5.90208E-05,3.66072E-05
1353,0.000E+00,0.000E+00,0.000E+00,0.000E+00,0.000E+00,0.000E+00,0.006359058,6.08972E-05,3.7209E-05
1354,0.000E+00,0.000E+00,0.000E+00,0.000E+00,0.000E+00,0.000E+00,0.008161755,6.27736E-05,3.78107E-05
1355,0.000E+00,0.000E+00,0.000E+00,0.000E+00,0.000E+00,0.000E+00,0.01139342,6.465E-05,3.84125E-05
1356,0.000E+00,0.000E+00,0.000E+00,0.000E+00,0.000E+00,0.000E+00,0.016273873,6.65263E-05,3.90143E-05
1357,0.000E+00,0.000E+00,0.000E+00,0.000E+00,0.000E+00,0.000E+00,0.02451379,7.35264E-05,4.06934E-05
1358,0.000E+00,0.000E+00,0.000E+00,0.000E+00,0.000E+00,0.000E+00,0.035967208,8.49565E-05,4.33484E-05
1359,0.000E+00,0.000E+00,0.000E+00,0.000E+00,0.000E+00,0.000E+00,0.068029553,0.000105893,4.91671E-05
1360,0.000E+00,0.000E+00,0.000E+00,0.000E+00,0.000E+00,0.000E+00,0.100128017,0.00012684,5.49908E-05
1361,0.000E+00,0.000E+00,0.000E+00,0.000E+00,0.000E+00,0.000E+00,0.160477981,0.00015422,6.31672E-05
1362,0.000E+00,0.000E+00,0.000E+00,0.000E+00,0.000E+00,0.000E+00,0.251674265,0.000185705,7.28437E-05
1363,0.000E+00,0.000E+00,0.000E+00,0.000E+00,0.000E+00,0.000E+00,0.393580407,0.000219114,8.29542E-05
1364,0.000E+00,0.000E+00,0.000E+00,0.000E+00,0.000E+00,0.000E+00,0.553598464,0.000252379,9.2651E-05
1365,0.000E+00,0.000E+00,0.000E+00,0.000E+00,0.000E+00,0.000E+00,0.703960836,0.000285894,0.000102746
1366,0.000E+00,0.000E+00,0.000E+00,0.000E+00,0.000E+00,0.000E+00,0.83498162,0.000318746,0.0001131
1367,0.000E+00,0.000E+00,0.000E+00,0.000E+00,0.000E+00,0.000E+00,0.907803833,0.000348907,0.000122943
1368,0.000E+00,0.000E+00,0.000E+00,0.000E+00,0.000E+00,0.000E+00,0.937477648,0.000373738,0.00013116
1369,0.000E+00,0.000E+00,0.000E+00,0.000E+00,0.000E+00,0.000E+00,0.965378165,0.000392489,0.000137176
1370,0.000E+00,0.000E+00,0.000E+00,0.000E+00,0.000E+00,0.000E+00,0.978491366,0.000405354,0.00014094
1371,0.000E+00,0.000E+00,0.000E+00,0.000E+00,0.000E+00,0.000E+00,0.985243797,0.000414532,0.000143739
1372,0.000E+00,0.000E+00,0.000E+00,0.000E+00,0.000E+00,0.000E+00,0.988438487,0.000420133,0.000145444
1373,0.000E+00,0.000E+00,0.000E+00,0.000E+00,0.000E+00,0.000E+00,0.986718893,0.000423931,0.000146623
1374,0.000E+00,0.000E+00,0.000E+00,0.000E+00,0.000E+00,0.000E+00,0.986674368,0.000426352,0.000147581
1375,0.000E+00,0.000E+00,0.000E+00,0.000E+00,0.000E+00,0.000E+00,0.986945271,0.000427438,0.000148222
1376,0.000E+00,0.000E+00,0.000E+00,0.000E+00,0.000E+00,0.000E+00,0.997692943,0.000427179,0.00014797
1377,0.000E+00,0.000E+00,0.000E+00,0.000E+00,0.000E+00,0.000E+00,0.999822438,0.000425047,0.000146857
1378,0.000E+00,0.000E+00,0.000E+00,0.000E+00,0.000E+00,0.000E+00,1,0.000419414,0.000144728
1379,0.000E+00,0.000E+00,0.000E+00,0.000E+00,0.000E+00,0.000E+00,0.999458432,0.000410106,0.000141592
1380,0.000E+00,0.000E+00,0.000E+00,0.000E+00,0.000E+00,0.000E+00,0.995255709,0.000391028,0.000135512
1381,0.000E+00,0.000E+00,0.000E+00,0.000E+00,0.000E+00,0.000E+00,0.97109288,0.000366715,0.000127562
1382,0.000E+00,0.000E+00,0.000E+00,0.000E+00,0.000E+00,0.000E+00,0.911250114,0.00033777,0.00011822
1383,0.000E+00,0.000E+00,0.000E+00,0.000E+00,0.000E+00,0.000E+00,0.770801365,0.000305285,0.00010805
1384,0.000E+00,0.000E+00,0.000E+00,0.000E+00,0.000E+00,0.000E+00,0.595874071,0.000271787,9.74976E-05
1385,0.000E+00,0.000E+00,0.000E+00,0.000E+00,0.000E+00,0.000E+00,0.396526247,0.000237027,8.61301E-05
1386,0.000E+00,0.000E+00,0.000E+00,0.000E+00,0.000E+00,0.000E+00,0.248209894,0.000202455,7.48238E-05
1387,0.000E+00,0.000E+00,0.000E+00,0.000E+00,0.000E+00,0.000E+00,0.150645852,0.000169097,6.37452E-05
1388,0.000E+00,0.000E+00,0.000E+00,0.000E+00,0.000E+00,0.000E+00,0.081419706,0.00013927,5.3742E-05
1389,0.000E+00,0.000E+00,0.000E+00,0.000E+00,0.000E+00,0.000E+00,0.049334046,0.000115668,4.57644E-05
1390,0.000E+00,0.000E+00,0.000E+00,0.000E+00,0.000E+00,0.000E+00,0.03113159,9.95907E-05,4.03863E-05
1391,0.000E+00,0.000E+00,0.000E+00,0.000E+00,0.000E+00,0.000E+00,0.019414719,8.96818E-05,3.69184E-05
1392,0.000E+00,0.000E+00,0.000E+00,0.000E+00,0.000E+00,0.000E+00,0.012647092,8.39069E-05,3.45782E-05
1393,0.000E+00,0.000E+00,0.000E+00,0.000E+00,0.000E+00,0.000E+00,0.00828117,8.12077E-05,3.31511E-05
1394,0.000E+00,0.000E+00,0.000E+00,0.000E+00,0.000E+00,0.000E+00,0.005610616,8.04202E-05,3.24078E-05
1395,0.000E+00,0.000E+00,0.000E+00,0.000E+00,0.000E+00,0.000E+00,0.003946119,8.05557E-05,3.19669E-05
1396,0.000E+00,0.000E+00,0.000E+00,0.000E+00,0.000E+00,0.000E+00,0.002778047,8.0918E-05,3.16091E-05
1397,0.000E+00,0.000E+00,0.000E+00,0.000E+00,0.000E+00,0.000E+00,0.00203723,8.16583E-05,3.15098E-05
1398,0.000E+00,0.000E+00,0.000E+00,0.000E+00,0.000E+00,0.000E+00,0.001528701,8.24703E-05,3.14844E-05
1399,0.000E+00,0.000E+00,0.000E+00,0.000E+00,0.000E+00,0.000E+00,0.00111888,8.32094E-05,3.14177E-05
1400,0.000E+00,0.000E+00,0.000E+00,0.000E+00,0.000E+00,0.000E+00,0.000845643,8.40242E-05,3.12452E-05
1401,0.000E+00,0.000E+00,0.000E+00,0.000E+00,0.000E+00,0.000E+00,0.000657217,8.49057E-05,3.10897E-05
1402,0.000E+00,0.000E+00,0.000E+00,0.000E+00,0.000E+00,0.000E+00,0.000520736,8.56884E-05,3.10461E-05
1403,0.000E+00,0.000E+00,0.000E+00,0.000E+00,0.000E+00,0.000E+00,0.000420357,8.64926E-05,3.10345E-05
1404,0.000E+00,0.000E+00,0.000E+00,0.000E+00,0.000E+00,0.000E+00,0.000346853,8.73897E-05,3.11831E-05
1405,0.000E+00,0.000E+00,0.000E+00,0.000E+00,0.000E+00,0.000E+00,0.000278002,8.8315E-05,3.14163E-05
1406,0.000E+00,0.000E+00,0.000E+00,0.000E+00,0.000E+00,0.000E+00,0.00025323,8.95608E-05,3.22959E-05
1407,0.000E+00,0.000E+00,0.000E+00,0.000E+00,0.000E+00,0.000E+00,0.000234784,9.08477E-05,3.32682E-05
1408,0.000E+00,0.000E+00,0.000E+00,0.000E+00,0.000E+00,0.000E+00,0.000216338,9.21347E-05,3.42406E-05
1409,0.000E+00,0.000E+00,0.000E+00,0.000E+00,0.000E+00,0.000E+00,0.000197892,9.34216E-05,3.5213E-05
1410,0.000E+00,0.000E+00,0.000E+00,0.000E+00,0.000E+00,0.000E+00,0.000179445,9.47085E-05,3.61853E-05
1411,0.000E+00,0.000E+00,0.000E+00,0.000E+00,0.000E+00,0.000E+00,0.000160999,9.59955E-05,3.71577E-05
1412,0.000E+00,0.000E+00,0.000E+00,0.000E+00,0.000E+00,0.000E+00,0.000142553,9.72824E-05,3.81301E-05
1413,0.000E+00,0.000E+00,0.000E+00,0.000E+00,0.000E+00,0.000E+00,0.000124107,9.85694E-05,3.91024E-05
1414,0.000E+00,0.000E+00,0.000E+00,0.000E+00,0.000E+00,0.000E+00,0.000109873,9.95664E-05,3.98154E-05
1415,0.000E+00,0.000E+00,0.000E+00,0.000E+00,0.000E+00,0.000E+00,0.000107487,9.97238E-05,3.97954E-05
1416,0.000E+00,0.000E+00,0.000E+00,0.000E+00,0.000E+00,0.000E+00,0.000105101,9.98813E-05,3.97755E-05
1417,0.000E+00,0.000E+00,0.000E+00,0.000E+00,0.000E+00,0.000E+00,0.000102715,0.000100039,3.97555E-05
1418,0.000E+00,0.000E+00,0.000E+00,0.000E+00,0.000E+00,0.000E+00,0.00010033,0.000100196,3.97356E-05
1419,0.000E+00,0.000E+00,0.000E+00,0.000E+00,0.000E+00,0.000E+00,9.79438E-05,0.000100354,3.97156E-05
1420,0.000E+00,0.000E+00,0.000E+00,0.000E+00,0.000E+00,0.000E+00,9.5558E-05,0.000100511,3.96957E-05
1421,0.000E+00,0.000E+00,0.000E+00,0.000E+00,0.000E+00,0.000E+00,9.31723E-05,0.000100669,3.96757E-05
1422,0.000E+00,0.000E+00,0.000E+00,0.000E+00,0.000E+00,0.000E+00,9.07865E-05,0.000100826,3.96558E-05
1423,0.000E+00,0.000E+00,0.000E+00,0.000E+00,0.000E+00,0.000E+00,8.84008E-05,0.000100983,3.96358E-05
1424,0.000E+00,0.000E+00,0.000E+00,0.000E+00,0.000E+00,0.000E+00,8.6015E-05,0.000101141,3.96159E-05
1425,0.000E+00,0.000E+00,0.000E+00,0.000E+00,0.000E+00,0.000E+00,8.36292E-05,0.000101298,3.95959E-05
1426,0.000E+00,0.000E+00,0.000E+00,0.000E+00,0.000E+00,0.000E+00,8.12435E-05,0.000101456,3.9576E-05
1427,0.000E+00,0.000E+00,0.000E+00,0.000E+00,0.000E+00,0.000E+00,7.88577E-05,0.000101613,3.9556E-05
1428,0.000E+00,0.000E+00,0.000E+00,0.000E+00,0.000E+00,0.000E+00,7.6472E-05,0.000101771,3.95361E-05
1429,0.000E+00,0.000E+00,0.000E+00,0.000E+00,0.000E+00,0.000E+00,7.40862E-05,0.000101928,3.95161E-05
1430,0.000E+00,0.000E+00,0.000E+00,0.000E+00,0.000E+00,0.000E+00,7.17005E-05,0.000102086,3.94962E-05
1431,0.000E+00,0.000E+00,0.000E+00,0.000E+00,0.000E+00,0.000E+00,6.93147E-05,0.000102243,3.94762E-05
1432,0.000E+00,0.000E+00,0.000E+00,0.000E+00,0.000E+00,0.000E+00,6.69289E-05,0.000102401,3.94563E-05
1433,0.000E+00,0.000E+00,0.000E+00,0.000E+00,0.000E+00,0.000E+00,6.45432E-05,0.000102558,3.94363E-05
1434,0.000E+00,0.000E+00,0.000E+00,0.000E+00,0.000E+00,0.000E+00,6.30529E-05,0.000103251,3.94653E-05
1435,0.000E+00,0.000E+00,0.000E+00,0.000E+00,0.000E+00,0.000E+00,6.27724E-05,0.000104661,3.9557E-05
1436,0.000E+00,0.000E+00,0.000E+00,0.000E+00,0.000E+00,0.000E+00,6.24919E-05,0.00010607,3.96487E-05
1437,0.000E+00,0.000E+00,0.000E+00,0.000E+00,0.000E+00,0.000E+00,6.22114E-05,0.000107479,3.97404E-05
1438,0.000E+00,0.000E+00,0.000E+00,0.000E+00,0.000E+00,0.000E+00,6.19308E-05,0.000108889,3.98321E-05
1439,0.000E+00,0.000E+00,0.000E+00,0.000E+00,0.000E+00,0.000E+00,6.16504E-05,0.000110298,3.99239E-05
1440,0.000E+00,0.000E+00,0.000E+00,0.000E+00,0.000E+00,0.000E+00,6.13698E-05,0.000111707,4.00156E-05
1441,0.000E+00,0.000E+00,0.000E+00,0.000E+00,0.000E+00,0.000E+00,6.10893E-05,0.000113117,4.01073E-05
1442,0.000E+00,0.000E+00,0.000E+00,0.000E+00,0.000E+00,0.000E+00,6.08088E-05,0.000114526,4.0199E-05
1443,0.000E+00,0.000E+00,0.000E+00,0.000E+00,0.000E+00,0.000E+00,6.05283E-05,0.000115935,4.02907E-05
1444,0.000E+00,0.000E+00,0.000E+00,0.000E+00,0.000E+00,0.000E+00,6.02478E-05,0.000117345,4.03824E-05
1445,0.000E+00,0.000E+00,0.000E+00,0.000E+00,0.000E+00,0.000E+00,5.99673E-05,0.000118754,4.04742E-05
1446,0.000E+00,0.000E+00,0.000E+00,0.000E+00,0.000E+00,0.000E+00,5.96867E-05,0.000120163,4.05659E-05
1447,0.000E+00,0.000E+00,0.000E+00,0.000E+00,0.000E+00,0.000E+00,5.94062E-05,0.000121573,4.06576E-05
1448,0.000E+00,0.000E+00,0.000E+00,0.000E+00,0.000E+00,0.000E+00,5.91257E-05,0.000122982,4.07493E-05
1449,0.000E+00,0.000E+00,0.000E+00,0.000E+00,0.000E+00,0.000E+00,5.88452E-05,0.000124391,4.0841E-05
1450,0.000E+00,0.000E+00,0.000E+00,0.000E+00,0.000E+00,0.000E+00,5.85647E-05,0.000125801,4.09327E-05
1451,0.000E+00,0.000E+00,0.000E+00,0.000E+00,0.000E+00,0.000E+00,5.82842E-05,0.00012721,4.10244E-05
1452,0.000E+00,0.000E+00,0.000E+00,0.000E+00,0.000E+00,0.000E+00,5.80037E-05,0.000128619,4.11161E-05
1453,0.000E+00,0.000E+00,0.000E+00,0.000E+00,0.000E+00,0.000E+00,5.77231E-05,0.000130029,4.12079E-05
1454,0.000E+00,0.000E+00,0.000E+00,0.000E+00,0.000E+00,0.000E+00,5.73745E-05,0.000131554,4.12E-05
1455,0.000E+00,0.000E+00,0.000E+00,0.000E+00,0.000E+00,0.000E+00,5.67325E-05,0.000133551,4.07893E-05
1456,0.000E+00,0.000E+00,0.000E+00,0.000E+00,0.000E+00,0.000E+00,5.60904E-05,0.000135548,4.03785E-05
1457,0.000E+00,0.000E+00,0.000E+00,0.000E+00,0.000E+00,0.000E+00,5.54484E-05,0.000137545,3.99678E-05
1458,0.000E+00,0.000E+00,0.000E+00,0.000E+00,0.000E+00,0.000E+00,5.48063E-05,0.000139541,3.9557E-05
1459,0.000E+00,0.000E+00,0.000E+00,0.000E+00,0.000E+00,0.000E+00,5.41643E-05,0.000141538,3.91462E-05
1460,0.000E+00,0.000E+00,0.000E+00,0.000E+00,0.000E+00,0.000E+00,5.35222E-05,0.000143535,3.87355E-05
1461,0.000E+00,0.000E+00,0.000E+00,0.000E+00,0.000E+00,0.000E+00,5.28802E-05,0.000145532,3.83247E-05
1462,0.000E+00,0.000E+00,0.000E+00,0.000E+00,0.000E+00,0.000E+00,5.22382E-05,0.000147529,3.7914E-05
1463,0.000E+00,0.000E+00,0.000E+00,0.000E+00,0.000E+00,0.000E+00,5.15961E-05,0.000149526,3.75032E-05
1464,0.000E+00,0.000E+00,0.000E+00,0.000E+00,0.000E+00,0.000E+00,5.09541E-05,0.000151523,3.70924E-05
1465,0.000E+00,0.000E+00,0.000E+00,0.000E+00,0.000E+00,0.000E+00,5.0312E-05,0.000153519,3.66817E-05
1466,0.000E+00,0.000E+00,0.000E+00,0.000E+00,0.000E+00,0.000E+00,4.967E-05,0.000155516,3.62709E-05
1467,0.000E+00,0.000E+00,0.000E+00,0.000E+00,0.000E+00,0.000E+00,4.90279E-05,0.000157513,3.58602E-05
1468,0.000E+00,0.000E+00,0.000E+00,0.000E+00,0.000E+00,0.000E+00,4.83859E-05,0.00015951,3.54494E-05
1469,0.000E+00,0.000E+00,0.000E+00,0.000E+00,0.000E+00,0.000E+00,4.77438E-05,0.000161507,3.50387E-05
1470,0.000E+00,0.000E+00,0.000E+00,0.000E+00,0.000E+00,0.000E+00,4.71018E-05,0.000163504,3.46279E-05
1471,0.000E+00,0.000E+00,0.000E+00,0.000E+00,0.000E+00,0.000E+00,4.64598E-05,0.000165501,3.42171E-05
1472,0.000E+00,0.000E+00,0.000E+00,0.000E+00,0.000E+00,0.000E+00,4.58177E-05,0.000167497,3.38064E-05
1473,0.000E+00,0.000E+00,0.000E+00,0.000E+00,0.000E+00,0.000E+00,4.51757E-05,0.000169494,3.33956E-05
1474,0.000E+00,0.000E+00,0.000E+00,0.000E+00,0.000E+00,0.000E+00,4.43568E-05,0.000172384,3.27804E-05
1475,0.000E+00,0.000E+00,0.000E+00,0.000E+00,0.000E+00,0.000E+00,4.33623E-05,0.000177932,3.22476E-05
1476,0.000E+00,0.000E+00,0.000E+00,0.000E+00,0.000E+00,0.000E+00,4.24019E-05,0.00018524,3.20728E-05
1477,0.000E+00,0.000E+00,0.000E+00,0.000E+00,0.000E+00,0.000E+00,4.14414E-05,0.000192548,3.1898E-05
1478,0.000E+00,0.000E+00,0.000E+00,0.000E+00,0.000E+00,0.000E+00,4.0481E-05,0.000199856,3.17232E-05
1479,0.000E+00,0.000E+00,0.000E+00,0.000E+00,0.000E+00,0.000E+00,3.95205E-05,0.000207163,3.15484E-05
1480,0.000E+00,0.000E+00,0.000E+00,0.000E+00,0.000E+00,0.000E+00,3.85601E-05,0.000214471,3.13735E-05
1481,0.000E+00,0.000E+00,0.000E+00,0.000E+00,0.000E+00,0.000E+00,3.75996E-05,0.000221779,3.11987E-05
1482,0.000E+00,0.000E+00,0.000E+00,0.000E+00,0.000E+00,0.000E+00,3.66392E-05,0.000229087,3.10239E-05
1483,0.000E+00,0.000E+00,0.000E+00,0.000E+00,0.000E+00,0.000E+00,3.56787E-05,0.000236395,3.08491E-05
1484,0.000E+00,0.000E+00,0.000E+00,0.000E+00,0.000E+00,0.000E+00,3.47183E-05,0.000243703,3.06743E-05
1485,0.000E+00,0.000E+00,0.000E+00,0.000E+00,0.000E+00,0.000E+00,3.37579E-05,0.000251011,3.04995E-05
1486,0.000E+00,0.000E+00,0.000E+00,0.000E+00,0.000E+00,0.000E+00,3.27974E-05,0.000258318,3.03247E-05
1487,0.000E+00,0.000E+00,0.000E+00,0.000E+00,0.000E+00,0.000E+00,3.1837E-05,0.000265626,3.01499E-05
1488,0.000E+00,0.000E+00,0.000E+00,0.000E+00,0.000E+00,0.000E+00,3.08765E-05,0.000272934,2.99751E-05
1489,0.000E+00,0.000E+00,0.000E+00,0.000E+00,0.000E+00,0.000E+00,2.99161E-05,0.000280242,2.98003E-05
1490,0.000E+00,0.000E+00,0.000E+00,0.000E+00,0.000E+00,0.000E+00,2.89556E-05,0.00028755,2.96255E-05
1491,0.000E+00,0.000E+00,0.000E+00,0.000E+00,0.000E+00,0.000E+00,2.79952E-05,0.000294858,2.94506E-05
1492,0.000E+00,0.000E+00,0.000E+00,0.000E+00,0.000E+00,0.000E+00,2.70348E-05,0.000302166,2.92759E-05
1493,0.000E+00,0.000E+00,0.000E+00,0.000E+00,0.000E+00,0.000E+00,2.60743E-05,0.000309474,2.9101E-05
1494,0.000E+00,0.000E+00,0.000E+00,0.000E+00,0.000E+00,0.000E+00,2.51139E-05,0.000316781,2.89262E-05
1495,0.000E+00,0.000E+00,0.000E+00,0.000E+00,0.000E+00,0.000E+00,2.44536E-05,0.000333749,2.87483E-05
1496,0.000E+00,0.000E+00,0.000E+00,0.000E+00,0.000E+00,0.000E+00,2.41394E-05,0.000361759,2.85642E-05
1497,0.000E+00,0.000E+00,0.000E+00,0.000E+00,0.000E+00,0.000E+00,2.38252E-05,0.000389769,2.838E-05
1498,0.000E+00,0.000E+00,0.000E+00,0.000E+00,0.000E+00,0.000E+00,2.35109E-05,0.000417779,2.81958E-05
1499,0.000E+00,0.000E+00,0.000E+00,0.000E+00,0.000E+00,0.000E+00,2.31967E-05,0.00044579,2.80116E-05
1500,0.000E+00,0.000E+00,0.000E+00,0.000E+00,0.000E+00,0.000E+00,2.28824E-05,0.0004738,2.78275E-05
1501,0.000E+00,0.000E+00,0.000E+00,0.000E+00,0.000E+00,0.000E+00,2.25682E-05,0.00050181,2.76433E-05
1502,0.000E+00,0.000E+00,0.000E+00,0.000E+00,0.000E+00,0.000E+00,2.2254E-05,0.00052982,2.74591E-05
1503,0.000E+00,0.000E+00,0.000E+00,0.000E+00,0.000E+00,0.000E+00,2.19397E-05,0.000557831,2.7275E-05
1504,0.000E+00,0.000E+00,0.000E+00,0.000E+00,0.000E+00,0.000E+00,2.16255E-05,0.000585841,2.70908E-05
1505,0.000E+00,0.000E+00,0.000E+00,0.000E+00,0.000E+00,0.000E+00,2.13112E-05,0.000613851,2.69066E-05
1506,0.000E+00,0.000E+00,0.000E+00,0.000E+00,0.000E+00,0.000E+00,2.0997E-05,0.000641862,2.67224E-05
1507,0.000E+00,0.000E+00,0.000E+00,0.000E+00,0.000E+00,0.000E+00,2.06828E-05,0.000669872,2.65383E-05
1508,0.000E+00,0.000E+00,0.000E+00,0.000E+00,0.000E+00,0.000E+00,2.03685E-05,0.000697882,2.63541E-05
1509,0.000E+00,0.000E+00,0.000E+00,0.000E+00,0.000E+00,0.000E+00,2.00543E-05,0.000725892,2.61699E-05
1510,0.000E+00,0.000E+00,0.000E+00,0.000E+00,0.000E+00,0.000E+00,1.97401E-05,0.000753902,2.59858E-05
1511,0.000E+00,0.000E+00,0.000E+00,0.000E+00,0.000E+00,0.000E+00,1.94258E-05,0.000781913,2.58016E-05
1512,0.000E+00,0.000E+00,0.000E+00,0.000E+00,0.000E+00,0.000E+00,1.91033E-05,0.000834207,2.57755E-05
1513,0.000E+00,0.000E+00,0.000E+00,0.000E+00,0.000E+00,0.000E+00,1.8779E-05,0.000890718,2.57782E-05
1514,0.000E+00,0.000E+00,0.000E+00,0.000E+00,0.000E+00,0.000E+00,1.83804E-05,0.000957853,2.57781E-05
1515,0.000E+00,0.000E+00,0.000E+00,0.000E+00,0.000E+00,0.000E+00,1.82589E-05,0.001032525,2.58721E-05
1516,0.000E+00,0.000E+00,0.000E+00,0.000E+00,0.000E+00,0.000E+00,1.83583E-05,0.001119423,2.62157E-05
1517,0.000E+00,0.000E+00,0.000E+00,0.000E+00,0.000E+00,0.000E+00,1.84771E-05,0.001214688,2.66036E-05
1518,0.000E+00,0.000E+00,0.000E+00,0.000E+00,0.000E+00,0.000E+00,1.85741E-05,0.00132353,2.68529E-05
1519,0.000E+00,0.000E+00,0.000E+00,0.000E+00,0.000E+00,0.000E+00,1.86054E-05,0.001449911,2.69752E-05
1520,0.000E+00,0.000E+00,0.000E+00,0.000E+00,0.000E+00,0.000E+00,1.86761E-05,0.001586258,2.72168E-05
1521,0.000E+00,0.000E+00,0.000E+00,0.000E+00,0.000E+00,0.000E+00,1.88425E-05,0.001740231,2.77184E-05
1522,0.000E+00,0.000E+00,0.000E+00,0.000E+00,0.000E+00,0.000E+00,1.92326E-05,0.001929729,2.8213E-05
1523,0.000E+00,0.000E+00,0.000E+00,0.000E+00,0.000E+00,0.000E+00,1.96837E-05,0.0021289,2.87076E-05
1524,0.000E+00,0.000E+00,0.000E+00,0.000E+00,0.000E+00,0.000E+00,2.00896E-05,0.002335369,2.92148E-05
1525,0.000E+00,0.000E+00,0.000E+00,0.000E+00,0.000E+00,0.000E+00,2.01918E-05,0.002586934,2.97664E-05
1526,0.000E+00,0.000E+00,0.000E+00,0.000E+00,0.000E+00,0.000E+00,2.02157E-05,0.002880873,3.0098E-05
1527,0.000E+00,0.000E+00,0.000E+00,0.000E+00,0.000E+00,0.000E+00,2.02035E-05,0.003195944,3.03227E-05
1528,0.000E+00,0.000E+00,0.000E+00,0.000E+00,0.000E+00,0.000E+00,2.02947E-05,0.003563365,3.06382E-05
1529,0.000E+00,0.000E+00,0.000E+00,0.000E+00,0.000E+00,0.000E+00,2.04633E-05,0.003971135,3.10217E-05
1530,0.000E+00,0.000E+00,0.000E+00,0.000E+00,0.000E+00,0.000E+00,2.06089E-05,0.004436109,3.1315E-05
1531,0.000E+00,0.000E+00,0.000E+00,0.000E+00,0.000E+00,0.000E+00,2.072E-05,0.00498465,3.14749E-05
1532,0.000E+00,0.000E+00,0.000E+00,0.000E+00,0.000E+00,0.000E+00,2.08381E-05,0.005547936,3.16241E-05
1533,0.000E+00,0.000E+00,0.000E+00,0.000E+00,0.000E+00,0.000E+00,2.10183E-05,0.006270238,3.1659E-05
1534,0.000E+00,0.000E+00,0.000E+00,0.000E+00,0.000E+00,0.000E+00,2.12117E-05,0.007017008,3.17088E-05
1535,0.000E+00,0.000E+00,0.000E+00,0.000E+00,0.000E+00,0.000E+00,2.15238E-05,0.007943602,3.18888E-05
1536,0.000E+00,0.000E+00,0.000E+00,0.000E+00,0.000E+00,0.000E+00,2.1883E-05,0.008820819,3.21402E-05
1537,0.000E+00,0.000E+00,0.000E+00,0.000E+00,0.000E+00,0.000E+00,2.23183E-05,0.009613032,3.251E-05
1538,0.000E+00,0.000E+00,0.000E+00,0.000E+00,0.000E+00,0.000E+00,2.27537E-05,0.010669716,3.28619E-05
1539,0.000E+00,0.000E+00,0.000E+00,0.000E+00,0.000E+00,0.000E+00,2.31959E-05,0.012125579,3.31961E-05
1540,0.000E+00,0.000E+00,0.000E+00,0.000E+00,0.000E+00,0.000E+00,2.3717E-05,0.013688329,3.35973E-05
1541,0.000E+00,0.000E+00,0.000E+00,0.000E+00,0.000E+00,0.000E+00,2.45763E-05,0.015704572,3.43111E-05
1542,0.000E+00,0.000E+00,0.000E+00,0.000E+00,0.000E+00,0.000E+00,2.54683E-05,0.017799117,3.50531E-05
1543,0.000E+00,0.000E+00,0.000E+00,0.000E+00,0.000E+00,0.000E+00,2.66381E-05,0.020586487,3.60468E-05
1544,0.000E+00,0.000E+00,0.000E+00,0.000E+00,0.000E+00,0.000E+00,2.78492E-05,0.02344059,3.7068E-05
1545,0.000E+00,0.000E+00,0.000E+00,0.000E+00,0.000E+00,0.000E+00,2.95754E-05,0.027116597,3.84296E-05
1546,0.000E+00,0.000E+00,0.000E+00,0.000E+00,0.000E+00,0.000E+00,3.13015E-05,0.03079259,3.97912E-05
1547,0.000E+00,0.000E+00,0.000E+00,0.000E+00,0.000E+00,0.000E+00,3.34982E-05,0.035988696,4.14969E-05
1548,0.000E+00,0.000E+00,0.000E+00,0.000E+00,0.000E+00,0.000E+00,3.58793E-05,0.041631442,4.33332E-05
1549,0.000E+00,0.000E+00,0.000E+00,0.000E+00,0.000E+00,0.000E+00,3.88465E-05,0.048809186,4.5672E-05
1550,0.000E+00,0.000E+00,0.000E+00,0.000E+00,0.000E+00,0.000E+00,4.22581E-05,0.057152901,4.83879E-05
1551,0.000E+00,0.000E+00,0.000E+00,0.000E+00,0.000E+00,0.000E+00,4.64689E-05,0.066805892,5.1646E-05
1552,0.000E+00,0.000E+00,0.000E+00,0.000E+00,0.000E+00,0.000E+00,5.13247E-05,0.077519678,5.53447E-05
1553,0.000E+00,0.000E+00,0.000E+00,0.000E+00,0.000E+00,0.000E+00,5.65342E-05,0.089224935,5.93051E-05
1554,0.000E+00,0.000E+00,0.000E+00,0.000E+00,0.000E+00,0.000E+00,6.31939E-05,0.105001122,6.4333E-05
1555,0.000E+00,0.000E+00,0.000E+00,0.000E+00,0.000E+00,0.000E+00,7.0848E-05,0.123139933,6.99927E-05
1556,0.000E+00,0.000E+00,0.000E+00,0.000E+00,0.000E+00,0.000E+00,7.92776E-05,0.143061787,7.6148E-05
1557,0.000E+00,0.000E+00,0.000E+00,0.000E+00,0.000E+00,0.000E+00,8.91405E-05,0.167790562,8.34271E-05
1558,0.000E+00,0.000E+00,0.000E+00,0.000E+00,0.000E+00,0.000E+00,9.96741E-05,0.194806248,9.12358E-05
1559,0.000E+00,0.000E+00,0.000E+00,0.000E+00,0.000E+00,0.000E+00,0.00011217,0.227763429,0.000100285
1560,0.000E+00,0.000E+00,0.000E+00,0.000E+00,0.000E+00,0.000E+00,0.000125097,0.262033463,0.000109606
1561,0.000E+00,0.000E+00,0.000E+00,0.000E+00,0.000E+00,0.000E+00,0.000140485,0.301169515,0.000120522
1562,0.000E+00,0.000E+00,0.000E+00,0.000E+00,0.000E+00,0.000E+00,0.000156031,0.340636313,0.00013154
1563,0.000E+00,0.000E+00,0.000E+00,0.000E+00,0.000E+00,0.000E+00,0.000173151,0.389863551,0.000143566
1564,0.000E+00,0.000E+00,0.000E+00,0.000E+00,0.000E+00,0.000E+00,0.000190384,0.440482378,0.000155634
1565,0.000E+00,0.000E+00,0.000E+00,0.000E+00,0.000E+00,0.000E+00,0.000208054,0.496855438,0.000167846
1566,0.000E+00,0.000E+00,0.000E+00,0.000E+00,0.000E+00,0.000E+00,0.00022567,0.551597416,0.000179954
1567,0.000E+00,0.000E+00,0.000E+00,0.000E+00,0.000E+00,0.000E+00,0.000243209,0.603980958,0.000191927
1568,0.000E+00,0.000E+00,0.000E+00,0.000E+00,0.000E+00,0.000E+00,0.00026003,0.653953493,0.00020333
1569,0.000E+00,0.000E+00,0.000E+00,0.000E+00,0.000E+00,0.000E+00,0.000276257,0.701878667,0.000214265
1570,0.000E+00,0.000E+00,0.000E+00,0.000E+00,0.000E+00,0.000E+00,0.000290807,0.74558872,0.000224086
1571,0.000E+00,0.000E+00,0.000E+00,0.000E+00,0.000E+00,0.000E+00,0.000304551,0.787250817,0.000233373
1572,0.000E+00,0.000E+00,0.000E+00,0.000E+00,0.000E+00,0.000E+00,0.000315676,0.819532156,0.000240839
1573,0.000E+00,0.000E+00,0.000E+00,0.000E+00,0.000E+00,0.000E+00,0.000326532,0.850834429,0.000248118
1574,0.000E+00,0.000E+00,0.000E+00,0.000E+00,0.000E+00,0.000E+00,0.000334752,0.872689426,0.000253498
1575,0.000E+00,0.000E+00,0.000E+00,0.000E+00,0.000E+00,0.000E+00,0.000342432,0.892914772,0.000258524
1576,0.000E+00,0.000E+00,0.000E+00,0.000E+00,0.000E+00,0.000E+00,0.000348158,0.907039344,0.000262275
1577,0.000E+00,0.000E+00,0.000E+00,0.000E+00,0.000E+00,0.000E+00,0.000353208,0.919645548,0.000265585
1578,0.000E+00,0.000E+00,0.000E+00,0.000E+00,0.000E+00,0.000E+00,0.000357005,0.929416478,0.00026807
1579,0.000E+00,0.000E+00,0.000E+00,0.000E+00,0.000E+00,0.000E+00,0.000359996,0.936508119,0.00027002
1580,0.000E+00,0.000E+00,0.000E+00,0.000E+00,0.000E+00,0.000E+00,0.000362199,0.940991819,0.000271448
1581,0.000E+00,0.000E+00,0.000E+00,0.000E+00,0.000E+00,0.000E+00,0.000363845,0.944030702,0.000272565
1582,0.000E+00,0.000E+00,0.000E+00,0.000E+00,0.000E+00,0.000E+00,0.000365054,0.945944965,0.000273436
1583,0.000E+00,0.000E+00,0.000E+00,0.000E+00,0.000E+00,0.000E+00,0.000365964,0.947621644,0.000274215
1584,0.000E+00,0.000E+00,0.000E+00,0.000E+00,0.000E+00,0.000E+00,0.000366547,0.949015439,0.000274884
1585,0.000E+00,0.000E+00,0.000E+00,0.000E+00,0.000E+00,0.000E+00,0.000366983,0.94973886,0.000275556
1586,0.000E+00,0.000E+00,0.000E+00,0.000E+00,0.000E+00,0.000E+00,0.000367279,0.949790239,0.000276239
1587,0.000E+00,0.000E+00,0.000E+00,0.000E+00,0.000E+00,0.000E+00,0.000367455,0.949801862,0.000276846
1588,0.000E+00,0.000E+00,0.000E+00,0.000E+00,0.000E+00,0.000E+00,0.000367504,0.949772716,0.000277369
1589,0.000E+00,0.000E+00,0.000E+00,0.000E+00,0.000E+00,0.000E+00,0.000368197,0.949610114,0.000278518
1590,0.000E+00,0.000E+00,0.000E+00,0.000E+00,0.000E+00,0.000E+00,0.000369589,0.94929266,0.000280347
1591,0.000E+00,0.000E+00,0.000E+00,0.000E+00,0.000E+00,0.000E+00,0.000371063,0.949077666,0.000282228
1592,0.000E+00,0.000E+00,0.000E+00,0.000E+00,0.000E+00,0.000E+00,0.000372741,0.949128151,0.000284245
1593,0.000E+00,0.000E+00,0.000E+00,0.000E+00,0.000E+00,0.000E+00,0.000374499,0.949369311,0.000286424
1594,0.000E+00,0.000E+00,0.000E+00,0.000E+00,0.000E+00,0.000E+00,0.000376334,0.949816644,0.000288758
1595,0.000E+00,0.000E+00,0.000E+00,0.000E+00,0.000E+00,0.000E+00,0.000378035,0.94989109,0.000290972
1596,0.000E+00,0.000E+00,0.000E+00,0.000E+00,0.000E+00,0.000E+00,0.000380086,0.951235533,0.00029325
1597,0.000E+00,0.000E+00,0.000E+00,0.000E+00,0.000E+00,0.000E+00,0.000382831,0.951565564,0.000295975
1598,0.000E+00,0.000E+00,0.000E+00,0.000E+00,0.000E+00,0.000E+00,0.00038593,0.952630997,0.000298927
1599,0.000E+00,0.000E+00,0.000E+00,0.000E+00,0.000E+00,0.000E+00,0.000388149,0.954143763,0.00030104
1600,0.000E+00,0.000E+00,0.000E+00,0.000E+00,0.000E+00,0.000E+00,0.000388672,0.955595016,0.000301665
1601,0.000E+00,0.000E+00,0.000E+00,0.000E+00,0.000E+00,0.000E+00,0.000389739,0.95587045,0.000302709
1602,0.000E+00,0.000E+00,0.000E+00,0.000E+00,0.000E+00,0.000E+00,0.000390758,0.95723778,0.000303727
1603,0.000E+00,0.000E+00,0.000E+00,0.000E+00,0.000E+00,0.000E+00,0.000391776,0.958615124,0.000304745
1604,0.000E+00,0.000E+00,0.000E+00,0.000E+00,0.000E+00,0.000E+00,0.00039241,0.957053244,0.000305387
1605,0.000E+00,0.000E+00,0.000E+00,0.000E+00,0.000E+00,0.000E+00,0.000392966,0.959239125,0.000305882
1606,0.000E+00,0.000E+00,0.000E+00,0.000E+00,0.000E+00,0.000E+00,0.000392528,0.960138619,0.000305796
1607,0.000E+00,0.000E+00,0.000E+00,0.000E+00,0.000E+00,0.000E+00,0.000391895,0.960745513,0.000305598
1608,0.000E+00,0.000E+00,0.000E+00,0.000E+00,0.000E+00,0.000E+00,0.000391112,0.961099327,0.000305274
1609,0.000E+00,0.000E+00,0.000E+00,0.000E+00,0.000E+00,0.000E+00,0.000390268,0.961365223,0.000304892
1610,0.000E+00,0.000E+00,0.000E+00,0.000E+00,0.000E+00,0.000E+00,0.000389231,0.961409986,0.000304178
1611,0.000E+00,0.000E+00,0.000E+00,0.000E+00,0.000E+00,0.000E+00,0.000388052,0.96129179,0.000303215
1612,0.000E+00,0.000E+00,0.000E+00,0.000E+00,0.000E+00,0.000E+00,0.000387014,0.961416364,0.000302156
1613,0.000E+00,0.000E+00,0.000E+00,0.000E+00,0.000E+00,0.000E+00,0.000386328,0.962154865,0.00030089
1614,0.000E+00,0.000E+00,0.000E+00,0.000E+00,0.000E+00,0.000E+00,0.000385642,0.96289289,0.000299624
1615,0.000E+00,0.000E+00,0.000E+00,0.000E+00,0.000E+00,0.000E+00,0.000384833,0.964099944,0.000297917
1616,0.000E+00,0.000E+00,0.000E+00,0.000E+00,0.000E+00,0.000E+00,0.000384,0.96540159,0.000296122
1617,0.000E+00,0.000E+00,0.000E+00,0.000E+00,0.000E+00,0.000E+00,0.000383516,0.966717005,0.00029451
1618,0.000E+00,0.000E+00,0.000E+00,0.000E+00,0.000E+00,0.000E+00,0.000383541,0.968060255,0.000293161
1619,0.000E+00,0.000E+00,0.000E+00,0.000E+00,0.000E+00,0.000E+00,0.000383593,0.969378173,0.000291833
1620,0.000E+00,0.000E+00,0.000E+00,0.000E+00,0.000E+00,0.000E+00,0.000384025,0.970411837,0.000290791
1621,0.000E+00,0.000E+00,0.000E+00,0.000E+00,0.000E+00,0.000E+00,0.000384137,0.972438693,0.000289794
1622,0.000E+00,0.000E+00,0.000E+00,0.000E+00,0.000E+00,0.000E+00,0.00038399,0.9743433,0.000288731
1623,0.000E+00,0.000E+00,0.000E+00,0.000E+00,0.000E+00,0.000E+00,0.000383685,0.976015985,0.000287585
1624,0.000E+00,0.000E+00,0.000E+00,0.000E+00,0.000E+00,0.000E+00,0.000383432,0.977729619,0.000286584
1625,0.000E+00,0.000E+00,0.000E+00,0.000E+00,0.000E+00,0.000E+00,0.000383415,0.979683578,0.000286301
1626,0.000E+00,0.000E+00,0.000E+00,0.000E+00,0.000E+00,0.000E+00,0.000383398,0.981637836,0.000286018
1627,0.000E+00,0.000E+00,0.000E+00,0.000E+00,0.000E+00,0.000E+00,0.000382824,0.983007193,0.000285751
1628,0.000E+00,0.000E+00,0.000E+00,0.000E+00,0.000E+00,0.000E+00,0.000382116,0.985379875,0.000285602
1629,0.000E+00,0.000E+00,0.000E+00,0.000E+00,0.000E+00,0.000E+00,0.000381446,0.987109125,0.000285594
1630,0.000E+00,0.000E+00,0.000E+00,0.000E+00,0.000E+00,0.000E+00,0.000380853,0.98812747,0.000285818
1631,0.000E+00,0.000E+00,0.000E+00,0.000E+00,0.000E+00,0.000E+00,0.000380328,0.991281748,0.000286227
1632,0.000E+00,0.000E+00,0.000E+00,0.000E+00,0.000E+00,0.000E+00,0.000379998,0.993586004,0.000287109
1633,0.000E+00,0.000E+00,0.000E+00,0.000E+00,0.000E+00,0.000E+00,0.00037976,0.995497942,0.000288223
1634,0.000E+00,0.000E+00,0.000E+00,0.000E+00,0.000E+00,0.000E+00,0.000379481,0.997286439,0.000289401
1635,0.000E+00,0.000E+00,0.000E+00,0.000E+00,0.000E+00,0.000E+00,0.000379032,0.998643339,0.000290817
1636,0.000E+00,0.000E+00,0.000E+00,0.000E+00,0.000E+00,0.000E+00,0.000378583,1,0.000292232
1637,0.000E+00,0.000E+00,0.000E+00,0.000E+00,0.000E+00,0.000E+00,0.000377686,0.998632073,0.000294331
1638,0.000E+00,0.000E+00,0.000E+00,0.000E+00,0.000E+00,0.000E+00,0.000376732,0.996954381,0.000296503
1639,0.000E+00,0.000E+00,0.000E+00,0.000E+00,0.000E+00,0.000E+00,0.000373914,0.992035449,0.000298003
1640,0.000E+00,0.000E+00,0.000E+00,0.000E+00,0.000E+00,0.000E+00,0.000369925,0.985086381,0.000299085
1641,0.000E+00,0.000E+00,0.000E+00,0.000E+00,0.000E+00,0.000E+00,0.000365003,0.975880325,0.000299891
1642,0.000E+00,0.000E+00,0.000E+00,0.000E+00,0.000E+00,0.000E+00,0.000357621,0.960662544,0.000300011
1643,0.000E+00,0.000E+00,0.000E+00,0.000E+00,0.000E+00,0.000E+00,0.000348376,0.937996686,0.00029954
1644,0.000E+00,0.000E+00,0.000E+00,0.000E+00,0.000E+00,0.000E+00,0.000335747,0.900645256,0.000297908
1645,0.000E+00,0.000E+00,0.000E+00,0.000E+00,0.000E+00,0.000E+00,0.000322551,0.860842764,0.000296074
1646,0.000E+00,0.000E+00,0.000E+00,0.000E+00,0.000E+00,0.000E+00,0.000307194,0.813669503,0.000295005
1647,0.000E+00,0.000E+00,0.000E+00,0.000E+00,0.000E+00,0.000E+00,0.000289821,0.759715438,0.000294628
1648,0.000E+00,0.000E+00,0.000E+00,0.000E+00,0.000E+00,0.000E+00,0.000271726,0.703183293,0.000295466
1649,0.000E+00,0.000E+00,0.000E+00,0.000E+00,0.000E+00,0.000E+00,0.000252098,0.641243577,0.000298798
1650,0.000E+00,0.000E+00,0.000E+00,0.000E+00,0.000E+00,0.000E+00,0.000232228,0.577698648,0.000301214
1651,0.000E+00,0.000E+00,0.000E+00,0.000E+00,0.000E+00,0.000E+00,0.000211976,0.51069057,0.000301157
1652,0.000E+00,0.000E+00,0.000E+00,0.000E+00,0.000E+00,0.000E+00,0.000192145,0.450427413,0.000323076
1653,0.000E+00,0.000E+00,0.000E+00,0.000E+00,0.000E+00,0.000E+00,0.000172445,0.390661597,0.000342181
1654,0.000E+00,0.000E+00,0.000E+00,0.000E+00,0.000E+00,0.000E+00,0.000154312,0.336858332,0.000330445
1655,0.000E+00,0.000E+00,0.000E+00,0.000E+00,0.000E+00,0.000E+00,0.000136814,0.286289155,0.000307561
1656,0.000E+00,0.000E+00,0.000E+00,0.000E+00,0.000E+00,0.000E+00,0.000121174,0.245235324,0.000251607
1657,0.000E+00,0.000E+00,0.000E+00,0.000E+00,0.000E+00,0.000E+00,0.000106444,0.207205623,0.000205002
1658,0.000E+00,0.000E+00,0.000E+00,0.000E+00,0.000E+00,0.000E+00,9.37193E-05,0.175844714,0.000179092
1659,0.000E+00,0.000E+00,0.000E+00,0.000E+00,0.000E+00,0.000E+00,8.20827E-05,0.147933513,0.000153313
1660,0.000E+00,0.000E+00,0.000E+00,0.000E+00,0.000E+00,0.000E+00,7.23572E-05,0.126104653,0.000127698
1661,0.000E+00,0.000E+00,0.000E+00,0.000E+00,0.000E+00,0.000E+00,6.34903E-05,0.10578151,0.000105677
1662,0.000E+00,0.000E+00,0.000E+00,0.000E+00,0.000E+00,0.000E+00,5.62861E-05,0.088361859,9.06289E-05
1663,0.000E+00,0.000E+00,0.000E+00,0.000E+00,0.000E+00,0.000E+00,5.01266E-05,0.073940188,7.86141E-05
1664,0.000E+00,0.000E+00,0.000E+00,0.000E+00,0.000E+00,0.000E+00,4.5036E-05,0.062597111,6.96945E-05
1665,0.000E+00,0.000E+00,0.000E+00,0.000E+00,0.000E+00,0.000E+00,4.05855E-05,0.052618031,6.22102E-05
1666,0.000E+00,0.000E+00,0.000E+00,0.000E+00,0.000E+00,0.000E+00,3.69688E-05,0.044401847,5.65678E-05
1667,0.000E+00,0.000E+00,0.000E+00,0.000E+00,0.000E+00,0.000E+00,3.3784E-05,0.037295502,5.17227E-05
1668,0.000E+00,0.000E+00,0.000E+00,0.000E+00,0.000E+00,0.000E+00,3.12015E-05,0.031738155,4.79782E-05
1669,0.000E+00,0.000E+00,0.000E+00,0.000E+00,0.000E+00,0.000E+00,2.88551E-05,0.026709203,4.46907E-05
1670,0.000E+00,0.000E+00,0.000E+00,0.000E+00,0.000E+00,0.000E+00,2.69489E-05,0.022697132,4.22858E-05
1671,0.000E+00,0.000E+00,0.000E+00,0.000E+00,0.000E+00,0.000E+00,2.53667E-05,0.019245196,4.0384E-05
1672,0.000E+00,0.000E+00,0.000E+00,0.000E+00,0.000E+00,0.000E+00,2.41752E-05,0.016455557,3.90886E-05
1673,0.000E+00,0.000E+00,0.000E+00,0.000E+00,0.000E+00,0.000E+00,2.30987E-05,0.013976776,3.7888E-05
1674,0.000E+00,0.000E+00,0.000E+00,0.000E+00,0.000E+00,0.000E+00,2.21954E-05,0.011950651,3.68207E-05
1675,0.000E+00,0.000E+00,0.000E+00,0.000E+00,0.000E+00,0.000E+00,2.14235E-05,0.010453207,3.59495E-05
1676,0.000E+00,0.000E+00,0.000E+00,0.000E+00,0.000E+00,0.000E+00,2.07725E-05,0.009430502,3.52565E-05
1677,0.000E+00,0.000E+00,0.000E+00,0.000E+00,0.000E+00,0.000E+00,2.02517E-05,0.008341162,3.47177E-05
1678,0.000E+00,0.000E+00,0.000E+00,0.000E+00,0.000E+00,0.000E+00,1.98447E-05,0.007193499,3.43146E-05
1679,0.000E+00,0.000E+00,0.000E+00,0.000E+00,0.000E+00,0.000E+00,1.95808E-05,0.006183042,3.39272E-05
1680,0.000E+00,0.000E+00,0.000E+00,0.000E+00,0.000E+00,0.000E+00,1.95138E-05,0.005362714,3.35429E-05
1681,0.000E+00,0.000E+00,0.000E+00,0.000E+00,0.000E+00,0.000E+00,1.94942E-05,0.00464361,3.31422E-05
1682,0.000E+00,0.000E+00,0.000E+00,0.000E+00,0.000E+00,0.000E+00,1.9531E-05,0.004047231,3.27216E-05
1683,0.000E+00,0.000E+00,0.000E+00,0.000E+00,0.000E+00,0.000E+00,1.93843E-05,0.003520017,3.226E-05
1684,0.000E+00,0.000E+00,0.000E+00,0.000E+00,0.000E+00,0.000E+00,1.90106E-05,0.003078783,3.17481E-05
1685,0.000E+00,0.000E+00,0.000E+00,0.000E+00,0.000E+00,0.000E+00,1.86553E-05,0.002688397,3.12824E-05
1686,0.000E+00,0.000E+00,0.000E+00,0.000E+00,0.000E+00,0.000E+00,1.83256E-05,0.002361678,3.0879E-05
1687,0.000E+00,0.000E+00,0.000E+00,0.000E+00,0.000E+00,0.000E+00,1.80376E-05,0.002068874,3.04861E-05
1688,0.000E+00,0.000E+00,0.000E+00,0.000E+00,0.000E+00,0.000E+00,1.78063E-05,0.001825138,3.01194E-05
1689,0.000E+00,0.000E+00,0.000E+00,0.000E+00,0.000E+00,0.000E+00,1.75754E-05,0.001605767,2.97217E-05
1690,0.000E+00,0.000E+00,0.000E+00,0.000E+00,0.000E+00,0.000E+00,1.73424E-05,0.001417617,2.92716E-05
1691,0.000E+00,0.000E+00,0.000E+00,0.000E+00,0.000E+00,0.000E+00,1.71283E-05,0.00126411,2.89293E-05
1692,0.000E+00,0.000E+00,0.000E+00,0.000E+00,0.000E+00,0.000E+00,1.69546E-05,0.001127404,2.87441E-05
1693,0.000E+00,0.000E+00,0.000E+00,0.000E+00,0.000E+00,0.000E+00,1.68199E-05,0.001003081,2.86443E-05
1694,0.000E+00,0.000E+00,0.000E+00,0.000E+00,0.000E+00,0.000E+00,1.67558E-05,0.000901515,2.87048E-05
1695,0.000E+00,0.000E+00,0.000E+00,0.000E+00,0.000E+00,0.000E+00,1.67184E-05,0.000805296,2.87796E-05
1696,0.000E+00,0.000E+00,0.000E+00,0.000E+00,0.000E+00,0.000E+00,1.67848E-05,0.00073008,2.89086E-05
1697,0.000E+00,0.000E+00,0.000E+00,0.000E+00,0.000E+00,0.000E+00,1.68653E-05,0.000657771,2.90379E-05
1698,0.000E+00,0.000E+00,0.000E+00,0.000E+00,0.000E+00,0.000E+00,1.70368E-05,0.000602298,2.9185E-05
1699,0.000E+00,0.000E+00,0.000E+00,0.000E+00,0.000E+00,0.000E+00,1.72155E-05,0.000548619,2.93457E-05
1700,0.000E+00,0.000E+00,0.000E+00,0.000E+00,0.000E+00,0.000E+00,1.74924E-05,0.000520752,2.97027E-05
1701,0.000E+00,0.000E+00,0.000E+00,0.000E+00,0.000E+00,0.000E+00,1.77693E-05,0.000492885,3.00597E-05
1702,0.000E+00,0.000E+00,0.000E+00,0.000E+00,0.000E+00,0.000E+00,1.80462E-05,0.000465018,3.04167E-05
1703,0.000E+00,0.000E+00,0.000E+00,0.000E+00,0.000E+00,0.000E+00,1.83231E-05,0.000437151,3.07738E-05
1704,0.000E+00,0.000E+00,0.000E+00,0.000E+00,0.000E+00,0.000E+00,1.86E-05,0.000409284,3.11308E-05
1705,0.000E+00,0.000E+00,0.000E+00,0.000E+00,0.000E+00,0.000E+00,1.88768E-05,0.000381418,3.14878E-05
1706,0.000E+00,0.000E+00,0.000E+00,0.000E+00,0.000E+00,0.000E+00,1.91537E-05,0.000353551,3.18449E-05
1707,0.000E+00,0.000E+00,0.000E+00,0.000E+00,0.000E+00,0.000E+00,1.94306E-05,0.000325684,3.22019E-05
1708,0.000E+00,0.000E+00,0.000E+00,0.000E+00,0.000E+00,0.000E+00,1.97075E-05,0.000297817,3.25589E-05
1709,0.000E+00,0.000E+00,0.000E+00,0.000E+00,0.000E+00,0.000E+00,1.99844E-05,0.00026995,3.29159E-05
1710,0.000E+00,0.000E+00,0.000E+00,0.000E+00,0.000E+00,0.000E+00,2.02589E-05,0.000242096,3.327E-05
1711,0.000E+00,0.000E+00,0.000E+00,0.000E+00,0.000E+00,0.000E+00,2.03506E-05,0.000226791,3.36216E-05
1712,0.000E+00,0.000E+00,0.000E+00,0.000E+00,0.000E+00,0.000E+00,2.04275E-05,0.000218804,3.39072E-05
1713,0.000E+00,0.000E+00,0.000E+00,0.000E+00,0.000E+00,0.000E+00,2.05172E-05,0.00021221,3.41884E-05
1714,0.000E+00,0.000E+00,0.000E+00,0.000E+00,0.000E+00,0.000E+00,2.0607E-05,0.000205617,3.44695E-05
1715,0.000E+00,0.000E+00,0.000E+00,0.000E+00,0.000E+00,0.000E+00,2.06968E-05,0.000199023,3.47507E-05
1716,0.000E+00,0.000E+00,0.000E+00,0.000E+00,0.000E+00,0.000E+00,2.07866E-05,0.00019243,3.50318E-05
1717,0.000E+00,0.000E+00,0.000E+00,0.000E+00,0.000E+00,0.000E+00,2.08764E-05,0.000185836,3.5313E-05
1718,0.000E+00,0.000E+00,0.000E+00,0.000E+00,0.000E+00,0.000E+00,2.09662E-05,0.000179243,3.55941E-05
1719,0.000E+00,0.000E+00,0.000E+00,0.000E+00,0.000E+00,0.000E+00,2.1056E-05,0.00017265,3.58753E-05
1720,0.000E+00,0.000E+00,0.000E+00,0.000E+00,0.000E+00,0.000E+00,2.11457E-05,0.000166056,3.61564E-05
1721,0.000E+00,0.000E+00,0.000E+00,0.000E+00,0.000E+00,0.000E+00,2.12355E-05,0.000159463,3.64376E-05
1722,0.000E+00,0.000E+00,0.000E+00,0.000E+00,0.000E+00,0.000E+00,2.13253E-05,0.000152869,3.67187E-05
1723,0.000E+00,0.000E+00,0.000E+00,0.000E+00,0.000E+00,0.000E+00,2.14151E-05,0.000146276,3.69999E-05
1724,0.000E+00,0.000E+00,0.000E+00,0.000E+00,0.000E+00,0.000E+00,2.15049E-05,0.000139682,3.7281E-05
1725,0.000E+00,0.000E+00,0.000E+00,0.000E+00,0.000E+00,0.000E+00,2.15947E-05,0.000133089,3.75621E-05
1726,0.000E+00,0.000E+00,0.000E+00,0.000E+00,0.000E+00,0.000E+00,2.16844E-05,0.000126495,3.78433E-05
1727,0.000E+00,0.000E+00,0.000E+00,0.000E+00,0.000E+00,0.000E+00,2.17742E-05,0.000119902,3.81244E-05
1728,0.000E+00,0.000E+00,0.000E+00,0.000E+00,0.000E+00,0.000E+00,2.1864E-05,0.000113309,3.84056E-05
1729,0.000E+00,0.000E+00,0.000E+00,0.000E+00,0.000E+00,0.000E+00,2.19538E-05,0.000106715,3.86867E-05
1730,0.000E+00,0.000E+00,0.000E+00,0.000E+00,0.000E+00,0.000E+00,2.20436E-05,0.000100122,3.89679E-05
1731,0.000E+00,0.000E+00,0.000E+00,0.000E+00,0.000E+00,0.000E+00,2.19784E-05,9.56868E-05,3.88168E-05
1732,0.000E+00,0.000E+00,0.000E+00,0.000E+00,0.000E+00,0.000E+00,2.21776E-05,9.38804E-05,3.89714E-05
1733,0.000E+00,0.000E+00,0.000E+00,0.000E+00,0.000E+00,0.000E+00,2.25047E-05,9.29205E-05,3.93422E-05
1734,0.000E+00,0.000E+00,0.000E+00,0.000E+00,0.000E+00,0.000E+00,2.28317E-05,9.19607E-05,3.97131E-05
1735,0.000E+00,0.000E+00,0.000E+00,0.000E+00,0.000E+00,0.000E+00,2.31588E-05,9.10008E-05,4.00839E-05
1736,0.000E+00,0.000E+00,0.000E+00,0.000E+00,0.000E+00,0.000E+00,2.34859E-05,9.00409E-05,4.04547E-05
1737,0.000E+00,0.000E+00,0.000E+00,0.000E+00,0.000E+00,0.000E+00,2.38129E-05,8.9081E-05,4.08256E-05
1738,0.000E+00,0.000E+00,0.000E+00,0.000E+00,0.000E+00,0.000E+00,2.414E-05,8.81212E-05,4.11964E-05
1739,0.000E+00,0.000E+00,0.000E+00,0.000E+00,0.000E+00,0.000E+00,2.4467E-05,8.71613E-05,4.15673E-05
1740,0.000E+00,0.000E+00,0.000E+00,0.000E+00,0.000E+00,0.000E+00,2.47941E-05,8.62014E-05,4.19381E-05
1741,0.000E+00,0.000E+00,0.000E+00,0.000E+00,0.000E+00,0.000E+00,2.51211E-05,8.52415E-05,4.2309E-05
1742,0.000E+00,0.000E+00,0.000E+00,0.000E+00,0.000E+00,0.000E+00,2.54482E-05,8.42816E-05,4.26798E-05
1743,0.000E+00,0.000E+00,0.000E+00,0.000E+00,0.000E+00,0.000E+00,2.57752E-05,8.33218E-05,4.30506E-05
1744,0.000E+00,0.000E+00,0.000E+00,0.000E+00,0.000E+00,0.000E+00,2.61023E-05,8.23619E-05,4.34215E-05
1745,0.000E+00,0.000E+00,0.000E+00,0.000E+00,0.000E+00,0.000E+00,2.64294E-05,8.1402E-05,4.37923E-05
1746,0.000E+00,0.000E+00,0.000E+00,0.000E+00,0.000E+00,0.000E+00,2.67564E-05,8.04421E-05,4.41632E-05
1747,0.000E+00,0.000E+00,0.000E+00,0.000E+00,0.000E+00,0.000E+00,2.70835E-05,7.94822E-05,4.4534E-05
1748,0.000E+00,0.000E+00,0.000E+00,0.000E+00,0.000E+00,0.000E+00,2.74105E-05,7.85224E-05,4.49049E-05
1749,0.000E+00,0.000E+00,0.000E+00,0.000E+00,0.000E+00,0.000E+00,2.77376E-05,7.75625E-05,4.52757E-05
1750,0.000E+00,0.000E+00,0.000E+00,0.000E+00,0.000E+00,0.000E+00,2.80646E-05,7.66026E-05,4.56466E-05
1751,0.000E+00,0.000E+00,0.000E+00,0.000E+00,0.000E+00,0.000E+00,2.81488E-05,7.63243E-05,4.57408E-05
1752,0.000E+00,0.000E+00,0.000E+00,0.000E+00,0.000E+00,0.000E+00,2.82216E-05,7.6074E-05,4.58207E-05
1753,0.000E+00,0.000E+00,0.000E+00,0.000E+00,0.000E+00,0.000E+00,2.82944E-05,7.58237E-05,4.59005E-05
1754,0.000E+00,0.000E+00,0.000E+00,0.000E+00,0.000E+00,0.000E+00,2.83671E-05,7.55734E-05,4.59803E-05
1755,0.000E+00,0.000E+00,0.000E+00,0.000E+00,0.000E+00,0.000E+00,2.84399E-05,7.53231E-05,4.60602E-05
1756,0.000E+00,0.000E+00,0.000E+00,0.000E+00,0.000E+00,0.000E+00,2.85127E-05,7.50728E-05,4.614E-05
1757,0.000E+00,0.000E+00,0.000E+00,0.000E+00,0.000E+00,0.000E+00,2.85854E-05,7.48225E-05,4.62199E-05
1758,0.000E+00,0.000E+00,0.000E+00,0.000E+00,0.000E+00,0.000E+00,2.86582E-05,7.45722E-05,4.62997E-05
1759,0.000E+00,0.000E+00,0.000E+00,0.000E+00,0.000E+00,0.000E+00,2.8731E-05,7.43219E-05,4.63795E-05
1760,0.000E+00,0.000E+00,0.000E+00,0.000E+00,0.000E+00,0.000E+00,2.88038E-05,7.40716E-05,4.64594E-05
1761,0.000E+00,0.000E+00,0.000E+00,0.000E+00,0.000E+00,0.000E+00,2.88765E-05,7.38213E-05,4.65392E-05
1762,0.000E+00,0.000E+00,0.000E+00,0.000E+00,0.000E+00,0.000E+00,2.89493E-05,7.3571E-05,4.66191E-05
1763,0.000E+00,0.000E+00,0.000E+00,0.000E+00,0.000E+00,0.000E+00,2.90221E-05,7.33207E-05,4.66989E-05
1764,0.000E+00,0.000E+00,0.000E+00,0.000E+00,0.000E+00,0.000E+00,2.90948E-05,7.30704E-05,4.67787E-05
1765,0.000E+00,0.000E+00,0.000E+00,0.000E+00,0.000E+00,0.000E+00,2.91676E-05,7.28201E-05,4.68586E-05
1766,0.000E+00,0.000E+00,0.000E+00,0.000E+00,0.000E+00,0.000E+00,2.92404E-05,7.25698E-05,4.69384E-05
1767,0.000E+00,0.000E+00,0.000E+00,0.000E+00,0.000E+00,0.000E+00,2.93132E-05,7.23195E-05,4.70183E-05
1768,0.000E+00,0.000E+00,0.000E+00,0.000E+00,0.000E+00,0.000E+00,2.93859E-05,7.20692E-05,4.70981E-05
1769,0.000E+00,0.000E+00,0.000E+00,0.000E+00,0.000E+00,0.000E+00,2.94587E-05,7.18189E-05,4.71779E-05
1770,0.000E+00,0.000E+00,0.000E+00,0.000E+00,0.000E+00,0.000E+00,2.95315E-05,7.15687E-05,4.72578E-05
1771,0.000E+00,0.000E+00,0.000E+00,0.000E+00,0.000E+00,0.000E+00,2.95188E-05,7.14484E-05,4.74649E-05
1772,0.000E+00,0.000E+00,0.000E+00,0.000E+00,0.000E+00,0.000E+00,2.95047E-05,7.13316E-05,4.76748E-05
1773,0.000E+00,0.000E+00,0.000E+00,0.000E+00,0.000E+00,0.000E+00,2.94906E-05,7.12147E-05,4.78847E-05
1774,0.000E+00,0.000E+00,0.000E+00,0.000E+00,0.000E+00,0.000E+00,2.94765E-05,7.10978E-05,4.80945E-05
1775,0.000E+00,0.000E+00,0.000E+00,0.000E+00,0.000E+00,0.000E+00,2.94624E-05,7.09809E-05,4.83044E-05
1776,0.000E+00,0.000E+00,0.000E+00,0.000E+00,0.000E+00,0.000E+00,2.94483E-05,7.0864E-05,4.85142E-05
1777,0.000E+00,0.000E+00,0.000E+00,0.000E+00,0.000E+00,0.000E+00,2.94342E-05,7.07472E-05,4.87241E-05
1778,0.000E+00,0.000E+00,0.000E+00,0.000E+00,0.000E+00,0.000E+00,2.94201E-05,7.06303E-05,4.8934E-05
1779,0.000E+00,0.000E+00,0.000E+00,0.000E+00,0.000E+00,0.000E+00,2.9406E-05,7.05134E-05,4.91438E-05
1780,0.000E+00,0.000E+00,0.000E+00,0.000E+00,0.000E+00,0.000E+00,2.93919E-05,7.03965E-05,4.93537E-05
1781,0.000E+00,0.000E+00,0.000E+00,0.000E+00,0.000E+00,0.000E+00,2.93778E-05,7.02797E-05,4.95635E-05
1782,0.000E+00,0.000E+00,0.000E+00,0.000E+00,0.000E+00,0.000E+00,2.93637E-05,7.01628E-05,4.97734E-05
1783,0.000E+00,0.000E+00,0.000E+00,0.000E+00,0.000E+00,0.000E+00,2.93496E-05,7.00459E-05,4.99833E-05
1784,0.000E+00,0.000E+00,0.000E+00,0.000E+00,0.000E+00,0.000E+00,2.93355E-05,6.9929E-05,5.01931E-05
1785,0.000E+00,0.000E+00,0.000E+00,0.000E+00,0.000E+00,0.000E+00,2.93214E-05,6.98122E-05,5.0403E-05
1786,0.000E+00,0.000E+00,0.000E+00,0.000E+00,0.000E+00,0.000E+00,2.93073E-05,6.96953E-05,5.06128E-05
1787,0.000E+00,0.000E+00,0.000E+00,0.000E+00,0.000E+00,0.000E+00,2.92932E-05,6.95784E-05,5.08227E-05
1788,0.000E+00,0.000E+00,0.000E+00,0.000E+00,0.000E+00,0.000E+00,2.9279E-05,6.94615E-05,5.10326E-05
1789,0.000E+00,0.000E+00,0.000E+00,0.000E+00,0.000E+00,0.000E+00,2.92649E-05,6.93447E-05,5.12424E-05
1790,0.000E+00,0.000E+00,0.000E+00,0.000E+00,0.000E+00,0.000E+00,2.92508E-05,6.92278E-05,5.14523E-05
1791,0.000E+00,0.000E+00,0.000E+00,0.000E+00,0.000E+00,0.000E+00,2.94073E-05,6.93908E-05,5.17447E-05
1792,0.000E+00,0.000E+00,0.000E+00,0.000E+00,0.000E+00,0.000E+00,2.95979E-05,6.96159E-05,5.20371E-05
1793,0.000E+00,0.000E+00,0.000E+00,0.000E+00,0.000E+00,0.000E+00,2.97885E-05,6.98411E-05,5.23295E-05
1794,0.000E+00,0.000E+00,0.000E+00,0.000E+00,0.000E+00,0.000E+00,2.9979E-05,7.00662E-05,5.26219E-05
1795,0.000E+00,0.000E+00,0.000E+00,0.000E+00,0.000E+00,0.000E+00,3.01696E-05,7.02913E-05,5.29144E-05
1796,0.000E+00,0.000E+00,0.000E+00,0.000E+00,0.000E+00,0.000E+00,3.03602E-05,7.05164E-05,5.32068E-05
1797,0.000E+00,0.000E+00,0.000E+00,0.000E+00,0.000E+00,0.000E+00,3.05507E-05,7.07415E-05,5.34992E-05
1798,0.000E+00,0.000E+00,0.000E+00,0.000E+00,0.000E+00,0.000E+00,3.07413E-05,7.09666E-05,5.37916E-05
1799,0.000E+00,0.000E+00,0.000E+00,0.000E+00,0.000E+00,0.000E+00,3.09319E-05,7.11917E-05,5.40841E-05
1800,0.000E+00,0.000E+00,0.000E+00,0.000E+00,0.000E+00,0.000E+00,3.11224E-05,7.14168E-05,5.43765E-05
1801,0.000E+00,0.000E+00,0.000E+00,0.000E+00,0.000E+00,0.000E+00,3.1313E-05,7.16419E-05,5.46689E-05
1802,0.000E+00,0.000E+00,0.000E+00,0.000E+00,0.000E+00,0.000E+00,3.15036E-05,7.1867E-05,5.49613E-05
1803,0.000E+00,0.000E+00,0.000E+00,0.000E+00,0.000E+00,0.000E+00,3.16941E-05,7.20921E-05,5.52538E-05
1804,0.000E+00,0.000E+00,0.000E+00,0.000E+00,0.000E+00,0.000E+00,3.18847E-05,7.23172E-05,5.55462E-05
1805,0.000E+00,0.000E+00,0.000E+00,0.000E+00,0.000E+00,0.000E+00,3.20753E-05,7.25424E-05,5.58386E-05
1806,0.000E+00,0.000E+00,0.000E+00,0.000E+00,0.000E+00,0.000E+00,3.22658E-05,7.27675E-05,5.6131E-05
1807,0.000E+00,0.000E+00,0.000E+00,0.000E+00,0.000E+00,0.000E+00,3.24564E-05,7.29926E-05,5.64235E-05
1808,0.000E+00,0.000E+00,0.000E+00,0.000E+00,0.000E+00,0.000E+00,3.2647E-05,7.32177E-05,5.67159E-05
1809,0.000E+00,0.000E+00,0.000E+00,0.000E+00,0.000E+00,0.000E+00,3.28375E-05,7.34428E-05,5.70083E-05
1810,0.000E+00,0.000E+00,0.000E+00,0.000E+00,0.000E+00,0.000E+00,3.30281E-05,7.36679E-05,5.73007E-05
1811,0.000E+00,0.000E+00,0.000E+00,0.000E+00,0.000E+00,0.000E+00,3.32187E-05,7.3893E-05,5.75932E-05
1812,0.000E+00,0.000E+00,0.000E+00,0.000E+00,0.000E+00,0.000E+00,3.32608E-05,7.40949E-05,5.78574E-05
1813,0.000E+00,0.000E+00,0.000E+00,0.000E+00,0.000E+00,0.000E+00,3.30458E-05,7.42606E-05,5.80635E-05
1814,0.000E+00,0.000E+00,0.000E+00,0.000E+00,0.000E+00,0.000E+00,3.28308E-05,7.44264E-05,5.82696E-05
1815,0.000E+00,0.000E+00,0.000E+00,0.000E+00,0.000E+00,0.000E+00,3.26158E-05,7.45921E-05,5.84756E-05
1816,0.000E+00,0.000E+00,0.000E+00,0.000E+00,0.000E+00,0.000E+00,3.24009E-05,7.47579E-05,5.86817E-05
1817,0.000E+00,0.000E+00,0.000E+00,0.000E+00,0.000E+00,0.000E+00,3.21859E-05,7.49236E-05,5.88878E-05
1818,0.000E+00,0.000E+00,0.000E+00,0.000E+00,0.000E+00,0.000E+00,3.19709E-05,7.50894E-05,5.90939E-05
1819,0.000E+00,0.000E+00,0.000E+00,0.000E+00,0.000E+00,0.000E+00,3.17559E-05,7.52551E-05,5.92999E-05
1820,0.000E+00,0.000E+00,0.000E+00,0.000E+00,0.000E+00,0.000E+00,3.15409E-05,7.54209E-05,5.9506E-05
1821,0.000E+00,0.000E+00,0.000E+00,0.000E+00,0.000E+00,0.000E+00,3.13259E-05,7.55866E-05,5.97121E-05
1822,0.000E+00,0.000E+00,0.000E+00,0.000E+00,0.000E+00,0.000E+00,3.1111E-05,7.57524E-05,5.99181E-05
1823,0.000E+00,0.000E+00,0.000E+00,0.000E+00,0.000E+00,0.000E+00,3.0896E-05,7.59182E-05,6.01242E-05
1824,0.000E+00,0.000E+00,0.000E+00,0.000E+00,0.000E+00,0.000E+00,3.0681E-05,7.60839E-05,6.03303E-05
1825,0.000E+00,0.000E+00,0.000E+00,0.000E+00,0.000E+00,0.000E+00,3.0466E-05,7.62497E-05,6.05364E-05
1826,0.000E+00,0.000E+00,0.000E+00,0.000E+00,0.000E+00,0.000E+00,3.0251E-05,7.64154E-05,6.07424E-05
1827,0.000E+00,0.000E+00,0.000E+00,0.000E+00,0.000E+00,0.000E+00,3.0036E-05,7.65812E-05,6.09485E-05
1828,0.000E+00,0.000E+00,0.000E+00,0.000E+00,0.000E+00,0.000E+00,2.98211E-05,7.67469E-05,6.11546E-05
1829,0.000E+00,0.000E+00,0.000E+00,0.000E+00,0.000E+00,0.000E+00,2.96061E-05,7.69126E-05,6.13607E-05
1830,0.000E+00,0.000E+00,0.000E+00,0.000E+00,0.000E+00,0.000E+00,2.93911E-05,7.70784E-05,6.15667E-05
1831,0.000E+00,0.000E+00,0.000E+00,0.000E+00,0.000E+00,0.000E+00,2.9244E-05,7.72708E-05,6.18457E-05
1832,0.000E+00,0.000E+00,0.000E+00,0.000E+00,0.000E+00,0.000E+00,2.91772E-05,7.74826E-05,6.21932E-05
1833,0.000E+00,0.000E+00,0.000E+00,0.000E+00,0.000E+00,0.000E+00,2.91104E-05,7.76945E-05,6.25406E-05
1834,0.000E+00,0.000E+00,0.000E+00,0.000E+00,0.000E+00,0.000E+00,2.90435E-05,7.79064E-05,6.2888E-05
1835,0.000E+00,0.000E+00,0.000E+00,0.000E+00,0.000E+00,0.000E+00,2.89767E-05,7.81182E-05,6.32354E-05
1836,0.000E+00,0.000E+00,0.000E+00,0.000E+00,0.000E+00,0.000E+00,2.89099E-05,7.83301E-05,6.35828E-05
1837,0.000E+00,0.000E+00,0.000E+00,0.000E+00,0.000E+00,0.000E+00,2.88431E-05,7.85419E-05,6.39303E-05
1838,0.000E+00,0.000E+00,0.000E+00,0.000E+00,0.000E+00,0.000E+00,2.87763E-05,7.87538E-05,6.42777E-05
1839,0.000E+00,0.000E+00,0.000E+00,0.000E+00,0.000E+00,0.000E+00,2.87095E-05,7.89657E-05,6.46251E-05
1840,0.000E+00,0.000E+00,0.000E+00,0.000E+00,0.000E+00,0.000E+00,2.86427E-05,7.91775E-05,6.49725E-05
1841,0.000E+00,0.000E+00,0.000E+00,0.000E+00,0.000E+00,0.000E+00,2.85759E-05,7.93894E-05,6.53199E-05
1842,0.000E+00,0.000E+00,0.000E+00,0.000E+00,0.000E+00,0.000E+00,2.85091E-05,7.96012E-05,6.56673E-05
1843,0.000E+00,0.000E+00,0.000E+00,0.000E+00,0.000E+00,0.000E+00,2.84422E-05,7.98131E-05,6.60148E-05
1844,0.000E+00,0.000E+00,0.000E+00,0.000E+00,0.000E+00,0.000E+00,2.83754E-05,8.0025E-05,6.63622E-05
1845,0.000E+00,0.000E+00,0.000E+00,0.000E+00,0.000E+00,0.000E+00,2.83086E-05,8.02368E-05,6.67096E-05
1846,0.000E+00,0.000E+00,0.000E+00,0.000E+00,0.000E+00,0.000E+00,2.82418E-05,8.04487E-05,6.7057E-05
1847,0.000E+00,0.000E+00,0.000E+00,0.000E+00,0.000E+00,0.000E+00,2.8175E-05,8.06606E-05,6.74044E-05
1848,0.000E+00,0.000E+00,0.000E+00,0.000E+00,0.000E+00,0.000E+00,2.81082E-05,8.08724E-05,6.77519E-05
1849,0.000E+00,0.000E+00,0.000E+00,0.000E+00,0.000E+00,0.000E+00,2.80414E-05,8.10843E-05,6.80993E-05
1850,0.000E+00,0.000E+00,0.000E+00,0.000E+00,0.000E+00,0.000E+00,2.80674E-05,8.11889E-05,6.85658E-05
1851,0.000E+00,0.000E+00,0.000E+00,0.000E+00,0.000E+00,0.000E+00,2.81839E-05,8.11729E-05,6.91666E-05
1852,0.000E+00,0.000E+00,0.000E+00,0.000E+00,0.000E+00,0.000E+00,2.83004E-05,8.11568E-05,6.97674E-05
1853,0.000E+00,0.000E+00,0.000E+00,0.000E+00,0.000E+00,0.000E+00,2.84169E-05,8.11408E-05,7.03682E-05
1854,0.000E+00,0.000E+00,0.000E+00,0.000E+00,0.000E+00,0.000E+00,2.85333E-05,8.11248E-05,7.09691E-05
1855,0.000E+00,0.000E+00,0.000E+00,0.000E+00,0.000E+00,0.000E+00,2.86498E-05,8.11088E-05,7.15699E-05
1856,0.000E+00,0.000E+00,0.000E+00,0.000E+00,0.000E+00,0.000E+00,2.87663E-05,8.10927E-05,7.21707E-05
1857,0.000E+00,0.000E+00,0.000E+00,0.000E+00,0.000E+00,0.000E+00,2.88828E-05,8.10767E-05,7.27716E-05
1858,0.000E+00,0.000E+00,0.000E+00,0.000E+00,0.000E+00,0.000E+00,2.89992E-05,8.10607E-05,7.33724E-05
1859,0.000E+00,0.000E+00,0.000E+00,0.000E+00,0.000E+00,0.000E+00,2.91157E-05,8.10446E-05,7.39732E-05
1860,0.000E+00,0.000E+00,0.000E+00,0.000E+00,0.000E+00,0.000E+00,2.92322E-05,8.10286E-05,7.4574E-05
1861,0.000E+00,0.000E+00,0.000E+00,0.000E+00,0.000E+00,0.000E+00,2.93487E-05,8.10126E-05,7.51748E-05
1862,0.000E+00,0.000E+00,0.000E+00,0.000E+00,0.000E+00,0.000E+00,2.94651E-05,8.09966E-05,7.57756E-05
1863,0.000E+00,0.000E+00,0.000E+00,0.000E+00,0.000E+00,0.000E+00,2.95816E-05,8.09805E-05,7.63765E-05
1864,0.000E+00,0.000E+00,0.000E+00,0.000E+00,0.000E+00,0.000E+00,2.96981E-05,8.09645E-05,7.69773E-05
1865,0.000E+00,0.000E+00,0.000E+00,0.000E+00,0.000E+00,0.000E+00,2.98146E-05,8.09485E-05,7.75781E-05
1866,0.000E+00,0.000E+00,0.000E+00,0.000E+00,0.000E+00,0.000E+00,2.9931E-05,8.09325E-05,7.81789E-05
1867,0.000E+00,0.000E+00,0.000E+00,0.000E+00,0.000E+00,0.000E+00,3.00475E-05,8.09164E-05,7.87798E-05
1868,0.000E+00,0.000E+00,0.000E+00,0.000E+00,0.000E+00,0.000E+00,3.0164E-05,8.09004E-05,7.93806E-05
1869,0.000E+00,0.000E+00,0.000E+00,0.000E+00,0.000E+00,0.000E+00,3.07935E-05,8.10406E-05,8.05608E-05
1870,0.000E+00,0.000E+00,0.000E+00,0.000E+00,0.000E+00,0.000E+00,3.16988E-05,8.13589E-05,8.19311E-05
1871,0.000E+00,0.000E+00,0.000E+00,0.000E+00,0.000E+00,0.000E+00,3.24919E-05,8.17711E-05,8.29036E-05
1872,0.000E+00,0.000E+00,0.000E+00,0.000E+00,0.000E+00,0.000E+00,3.32849E-05,8.21832E-05,8.38762E-05
1873,0.000E+00,0.000E+00,0.000E+00,0.000E+00,0.000E+00,0.000E+00,3.4078E-05,8.25954E-05,8.48488E-05
1874,0.000E+00,0.000E+00,0.000E+00,0.000E+00,0.000E+00,0.000E+00,3.48711E-05,8.30075E-05,8.58213E-05
1875,0.000E+00,0.000E+00,0.000E+00,0.000E+00,0.000E+00,0.000E+00,3.56642E-05,8.34197E-05,8.67939E-05
1876,0.000E+00,0.000E+00,0.000E+00,0.000E+00,0.000E+00,0.000E+00,3.64572E-05,8.38318E-05,8.77665E-05
1877,0.000E+00,0.000E+00,0.000E+00,0.000E+00,0.000E+00,0.000E+00,3.72503E-05,8.4244E-05,8.8739E-05
1878,0.000E+00,0.000E+00,0.000E+00,0.000E+00,0.000E+00,0.000E+00,3.80434E-05,8.46561E-05,8.97116E-05
1879,0.000E+00,0.000E+00,0.000E+00,0.000E+00,0.000E+00,0.000E+00,3.88365E-05,8.50683E-05,9.06842E-05
1880,0.000E+00,0.000E+00,0.000E+00,0.000E+00,0.000E+00,0.000E+00,3.96295E-05,8.54804E-05,9.16568E-05
1881,0.000E+00,0.000E+00,0.000E+00,0.000E+00,0.000E+00,0.000E+00,4.04226E-05,8.58926E-05,9.26293E-05
1882,0.000E+00,0.000E+00,0.000E+00,0.000E+00,0.000E+00,0.000E+00,4.12157E-05,8.63047E-05,9.36019E-05
1883,0.000E+00,0.000E+00,0.000E+00,0.000E+00,0.000E+00,0.000E+00,4.20088E-05,8.67169E-05,9.45745E-05
1884,0.000E+00,0.000E+00,0.000E+00,0.000E+00,0.000E+00,0.000E+00,4.28019E-05,8.71291E-05,9.5547E-05
1885,0.000E+00,0.000E+00,0.000E+00,0.000E+00,0.000E+00,0.000E+00,4.35949E-05,8.75412E-05,9.65196E-05
1886,0.000E+00,0.000E+00,0.000E+00,0.000E+00,0.000E+00,0.000E+00,4.4388E-05,8.79533E-05,9.74922E-05
1887,0.000E+00,0.000E+00,0.000E+00,0.000E+00,0.000E+00,0.000E+00,4.51811E-05,8.83655E-05,9.84647E-05
1888,0.000E+00,0.000E+00,0.000E+00,0.000E+00,0.000E+00,0.000E+00,4.59742E-05,8.87777E-05,9.94373E-05
1889,0.000E+00,0.000E+00,0.000E+00,0.000E+00,0.000E+00,0.000E+00,4.67672E-05,8.91898E-05,0.00010041
1890,0.000E+00,0.000E+00,0.000E+00,0.000E+00,0.000E+00,0.000E+00,4.75603E-05,8.96019E-05,0.000101382
1891,0.000E+00,0.000E+00,0.000E+00,0.000E+00,0.000E+00,0.000E+00,4.69805E-05,8.88138E-05,0.000101878
1892,0.000E+00,0.000E+00,0.000E+00,0.000E+00,0.000E+00,0.000E+00,4.53354E-05,8.70844E-05,0.000102013
1893,0.000E+00,0.000E+00,0.000E+00,0.000E+00,0.000E+00,0.000E+00,4.36904E-05,8.53549E-05,0.000102149
1894,0.000E+00,0.000E+00,0.000E+00,0.000E+00,0.000E+00,0.000E+00,4.20454E-05,8.36255E-05,0.000102285
1895,0.000E+00,0.000E+00,0.000E+00,0.000E+00,0.000E+00,0.000E+00,4.04004E-05,8.18961E-05,0.00010242
1896,0.000E+00,0.000E+00,0.000E+00,0.000E+00,0.000E+00,0.000E+00,3.87554E-05,8.01667E-05,0.000102556
1897,0.000E+00,0.000E+00,0.000E+00,0.000E+00,0.000E+00,0.000E+00,3.71104E-05,7.84373E-05,0.000102692
1898,0.000E+00,0.000E+00,0.000E+00,0.000E+00,0.000E+00,0.000E+00,3.54654E-05,7.67079E-05,0.000102828
1899,0.000E+00,0.000E+00,0.000E+00,0.000E+00,0.000E+00,0.000E+00,3.38204E-05,7.49785E-05,0.000102963
1900,0.000E+00,0.000E+00,0.000E+00,0.000E+00,0.000E+00,0.000E+00,3.21754E-05,7.32491E-05,0.000103099
1901,0.000E+00,0.000E+00,0.000E+00,0.000E+00,0.000E+00,0.000E+00,3.06419E-05,7.16424E-05,0.000103281
1902,0.000E+00,0.000E+00,0.000E+00,0.000E+00,0.000E+00,0.000E+00,3.08765E-05,7.20619E-05,0.000104254
1903,0.000E+00,0.000E+00,0.000E+00,0.000E+00,0.000E+00,0.000E+00,3.11111E-05,7.24814E-05,0.000105228
1904,0.000E+00,0.000E+00,0.000E+00,0.000E+00,0.000E+00,0.000E+00,3.13458E-05,7.29009E-05,0.000106202
1905,0.000E+00,0.000E+00,0.000E+00,0.000E+00,0.000E+00,0.000E+00,3.15804E-05,7.33205E-05,0.000107176
1906,0.000E+00,0.000E+00,0.000E+00,0.000E+00,0.000E+00,0.000E+00,3.18151E-05,7.374E-05,0.000108149
1907,0.000E+00,0.000E+00,0.000E+00,0.000E+00,0.000E+00,0.000E+00,3.20497E-05,7.41595E-05,0.000109123
1908,0.000E+00,0.000E+00,0.000E+00,0.000E+00,0.000E+00,0.000E+00,3.22843E-05,7.4579E-05,0.000110097
1909,0.000E+00,0.000E+00,0.000E+00,0.000E+00,0.000E+00,0.000E+00,3.2519E-05,7.49985E-05,0.000111071
1910,0.000E+00,0.000E+00,0.000E+00,0.000E+00,0.000E+00,0.000E+00,3.27536E-05,7.54181E-05,0.000112045
1911,0.000E+00,0.000E+00,0.000E+00,0.000E+00,0.000E+00,0.000E+00,3.29883E-05,7.58376E-05,0.000113018
1912,0.000E+00,0.000E+00,0.000E+00,0.000E+00,0.000E+00,0.000E+00,3.32229E-05,7.62571E-05,0.000113992
1913,0.000E+00,0.000E+00,0.000E+00,0.000E+00,0.000E+00,0.000E+00,3.34576E-05,7.66767E-05,0.000114966
1914,0.000E+00,0.000E+00,0.000E+00,0.000E+00,0.000E+00,0.000E+00,3.36922E-05,7.70962E-05,0.00011594
1915,0.000E+00,0.000E+00,0.000E+00,0.000E+00,0.000E+00,0.000E+00,3.39184E-05,7.74851E-05,0.00011691
1916,0.000E+00,0.000E+00,0.000E+00,0.000E+00,0.000E+00,0.000E+00,3.40276E-05,7.76303E-05,0.000118379
1917,0.000E+00,0.000E+00,0.000E+00,0.000E+00,0.000E+00,0.000E+00,3.41324E-05,7.7798E-05,0.000119922
1918,0.000E+00,0.000E+00,0.000E+00,0.000E+00,0.000E+00,0.000E+00,3.42373E-05,7.79658E-05,0.000121464
1919,0.000E+00,0.000E+00,0.000E+00,0.000E+00,0.000E+00,0.000E+00,3.43422E-05,7.81335E-05,0.000123006
1920,0.000E+00,0.000E+00,0.000E+00,0.000E+00,0.000E+00,0.000E+00,3.44471E-05,7.83013E-05,0.000124549
1921,0.000E+00,0.000E+00,0.000E+00,0.000E+00,0.000E+00,0.000E+00,3.45519E-05,7.84691E-05,0.000126091
1922,0.000E+00,0.000E+00,0.000E+00,0.000E+00,0.000E+00,0.000E+00,3.46568E-05,7.86368E-05,0.000127634
1923,0.000E+00,0.000E+00,0.000E+00,0.000E+00,0.000E+00,0.000E+00,3.47617E-05,7.88046E-05,0.000129176
1924,0.000E+00,0.000E+00,0.000E+00,0.000E+00,0.000E+00,0.000E+00,3.48666E-05,7.89723E-05,0.000130719
1925,0.000E+00,0.000E+00,0.000E+00,0.000E+00,0.000E+00,0.000E+00,3.49715E-05,7.91401E-05,0.000132261
1926,0.000E+00,0.000E+00,0.000E+00,0.000E+00,0.000E+00,0.000E+00,3.50763E-05,7.93079E-05,0.000133804
1927,0.000E+00,0.000E+00,0.000E+00,0.000E+00,0.000E+00,0.000E+00,3.51812E-05,7.94756E-05,0.000135346
1928,0.000E+00,0.000E+00,0.000E+00,0.000E+00,0.000E+00,0.000E+00,3.52861E-05,7.96434E-05,0.000136888
1929,0.000E+00,0.000E+00,0.000E+00,0.000E+00,0.000E+00,0.000E+00,3.5391E-05,7.98111E-05,0.000138431
1930,0.000E+00,0.000E+00,0.000E+00,0.000E+00,0.000E+00,0.000E+00,3.54958E-05,7.99789E-05,0.000139973
1931,0.000E+00,0.000E+00,0.000E+00,0.000E+00,0.000E+00,0.000E+00,3.56007E-05,8.01467E-05,0.000141516
1932,0.000E+00,0.000E+00,0.000E+00,0.000E+00,0.000E+00,0.000E+00,3.57056E-05,8.03144E-05,0.000143058
1933,0.000E+00,0.000E+00,0.000E+00,0.000E+00,0.000E+00,0.000E+00,3.58105E-05,8.04822E-05,0.000144601
1934,0.000E+00,0.000E+00,0.000E+00,0.000E+00,0.000E+00,0.000E+00,3.59153E-05,8.06499E-05,0.000146143
1935,0.000E+00,0.000E+00,0.000E+00,0.000E+00,0.000E+00,0.000E+00,3.60202E-05,8.08177E-05,0.000147685
1936,0.000E+00,0.000E+00,0.000E+00,0.000E+00,0.000E+00,0.000E+00,3.66058E-05,8.19792E-05,0.000152738
1937,0.000E+00,0.000E+00,0.000E+00,0.000E+00,0.000E+00,0.000E+00,3.76198E-05,8.40162E-05,0.000160916
1938,0.000E+00,0.000E+00,0.000E+00,0.000E+00,0.000E+00,0.000E+00,3.86337E-05,8.60533E-05,0.000169094
1939,0.000E+00,0.000E+00,0.000E+00,0.000E+00,0.000E+00,0.000E+00,3.96476E-05,8.80903E-05,0.000177273
1940,0.000E+00,0.000E+00,0.000E+00,0.000E+00,0.000E+00,0.000E+00,4.06615E-05,9.01273E-05,0.000185451
1941,0.000E+00,0.000E+00,0.000E+00,0.000E+00,0.000E+00,0.000E+00,4.16755E-05,9.21644E-05,0.000193629
1942,0.000E+00,0.000E+00,0.000E+00,0.000E+00,0.000E+00,0.000E+00,4.26894E-05,9.42014E-05,0.000201807
1943,0.000E+00,0.000E+00,0.000E+00,0.000E+00,0.000E+00,0.000E+00,4.37033E-05,9.62384E-05,0.000209986
1944,0.000E+00,0.000E+00,0.000E+00,0.000E+00,0.000E+00,0.000E+00,4.47172E-05,9.82755E-05,0.000218164
1945,0.000E+00,0.000E+00,0.000E+00,0.000E+00,0.000E+00,0.000E+00,4.57311E-05,0.000100313,0.000226342
1946,0.000E+00,0.000E+00,0.000E+00,0.000E+00,0.000E+00,0.000E+00,4.67451E-05,0.00010235,0.00023452
1947,0.000E+00,0.000E+00,0.000E+00,0.000E+00,0.000E+00,0.000E+00,4.7759E-05,0.000104387,0.000242699
1948,0.000E+00,0.000E+00,0.000E+00,0.000E+00,0.000E+00,0.000E+00,4.87729E-05,0.000106424,0.000250877
1949,0.000E+00,0.000E+00,0.000E+00,0.000E+00,0.000E+00,0.000E+00,4.97868E-05,0.000108461,0.000259055
1950,0.000E+00,0.000E+00,0.000E+00,0.000E+00,0.000E+00,0.000E+00,5.08007E-05,0.000110498,0.000267234
1951,0.000E+00,0.000E+00,0.000E+00,0.000E+00,0.000E+00,0.000E+00,4.8613E-05,0.000107501,0.000258786
1952,0.000E+00,0.000E+00,0.000E+00,0.000E+00,0.000E+00,0.000E+00,4.60631E-05,0.000103934,0.000248459
1953,0.000E+00,0.000E+00,0.000E+00,0.000E+00,0.000E+00,0.000E+00,4.35132E-05,0.000100368,0.000238131
1954,0.000E+00,0.000E+00,0.000E+00,0.000E+00,0.000E+00,0.000E+00,4.09634E-05,9.68012E-05,0.000227803
1955,0.000E+00,0.000E+00,0.000E+00,0.000E+00,0.000E+00,0.000E+00,3.84135E-05,9.32348E-05,0.000217475
1956,0.000E+00,0.000E+00,0.000E+00,0.000E+00,0.000E+00,0.000E+00,3.58664E-05,8.96754E-05,0.000207165
1957,0.000E+00,0.000E+00,0.000E+00,0.000E+00,0.000E+00,0.000E+00,3.59774E-05,9.01295E-05,0.000210973
1958,0.000E+00,0.000E+00,0.000E+00,0.000E+00,0.000E+00,0.000E+00,3.63454E-05,9.09436E-05,0.000216211
1959,0.000E+00,0.000E+00,0.000E+00,0.000E+00,0.000E+00,0.000E+00,3.67134E-05,9.17579E-05,0.000221449
1960,0.000E+00,0.000E+00,0.000E+00,0.000E+00,0.000E+00,0.000E+00,3.70814E-05,9.2572E-05,0.000226686
1961,0.000E+00,0.000E+00,0.000E+00,0.000E+00,0.000E+00,0.000E+00,3.74494E-05,9.33862E-05,0.000231924
1962,0.000E+00,0.000E+00,0.000E+00,0.000E+00,0.000E+00,0.000E+00,3.78174E-05,9.42004E-05,0.000237162
1963,0.000E+00,0.000E+00,0.000E+00,0.000E+00,0.000E+00,0.000E+00,3.81854E-05,9.50146E-05,0.0002424
1964,0.000E+00,0.000E+00,0.000E+00,0.000E+00,0.000E+00,0.000E+00,3.85534E-05,9.58288E-05,0.000247638
1965,0.000E+00,0.000E+00,0.000E+00,0.000E+00,0.000E+00,0.000E+00,3.89214E-05,9.6643E-05,0.000252876
1966,0.000E+00,0.000E+00,0.000E+00,0.000E+00,0.000E+00,0.000E+00,3.92893E-05,9.74571E-05,0.000258114
1967,0.000E+00,0.000E+00,0.000E+00,0.000E+00,0.000E+00,0.000E+00,3.96573E-05,9.82713E-05,0.000263352
1968,0.000E+00,0.000E+00,0.000E+00,0.000E+00,0.000E+00,0.000E+00,4.00253E-05,9.90855E-05,0.000268589
1969,0.000E+00,0.000E+00,0.000E+00,0.000E+00,0.000E+00,0.000E+00,4.03933E-05,9.98997E-05,0.000273827
1970,0.000E+00,0.000E+00,0.000E+00,0.000E+00,0.000E+00,0.000E+00,4.06533E-05,0.000100562,0.000278933
1971,0.000E+00,0.000E+00,0.000E+00,0.000E+00,0.000E+00,0.000E+00,4.0087E-05,9.99371E-05,0.000280862
1972,0.000E+00,0.000E+00,0.000E+00,0.000E+00,0.000E+00,0.000E+00,3.98635E-05,9.96044E-05,0.000282484
1973,0.000E+00,0.000E+00,0.000E+00,0.000E+00,0.000E+00,0.000E+00,3.964E-05,9.92717E-05,0.000284106
1974,0.000E+00,0.000E+00,0.000E+00,0.000E+00,0.000E+00,0.000E+00,3.94166E-05,9.8939E-05,0.000285727
1975,0.000E+00,0.000E+00,0.000E+00,0.000E+00,0.000E+00,0.000E+00,3.91931E-05,9.86063E-05,0.000287349
1976,0.000E+00,0.000E+00,0.000E+00,0.000E+00,0.000E+00,0.000E+00,3.89696E-05,9.82736E-05,0.00028897
1977,0.000E+00,0.000E+00,0.000E+00,0.000E+00,0.000E+00,0.000E+00,3.87461E-05,9.7941E-05,0.000290592
1978,0.000E+00,0.000E+00,0.000E+00,0.000E+00,0.000E+00,0.000E+00,3.85226E-05,9.76083E-05,0.000292214
1979,0.000E+00,0.000E+00,0.000E+00,0.000E+00,0.000E+00,0.000E+00,3.82991E-05,9.72756E-05,0.000293835
1980,0.000E+00,0.000E+00,0.000E+00,0.000E+00,0.000E+00,0.000E+00,3.80757E-05,9.69429E-05,0.000295457
1981,0.000E+00,0.000E+00,0.000E+00,0.000E+00,0.000E+00,0.000E+00,3.78522E-05,9.66102E-05,0.000297078
1982,0.000E+00,0.000E+00,0.000E+00,0.000E+00,0.000E+00,0.000E+00,3.76287E-05,9.62775E-05,0.0002987
1983,0.000E+00,0.000E+00,0.000E+00,0.000E+00,0.000E+00,0.000E+00,3.74052E-05,9.59448E-05,0.000300322
1984,0.000E+00,0.000E+00,0.000E+00,0.000E+00,0.000E+00,0.000E+00,3.71817E-05,9.56121E-05,0.000301943
1985,0.000E+00,0.000E+00,0.000E+00,0.000E+00,0.000E+00,0.000E+00,3.69582E-05,9.52795E-05,0.000303565
1986,0.000E+00,0.000E+00,0.000E+00,0.000E+00,0.000E+00,0.000E+00,3.67348E-05,9.49468E-05,0.000305186
1987,0.000E+00,0.000E+00,0.000E+00,0.000E+00,0.000E+00,0.000E+00,3.65113E-05,9.46141E-05,0.000306808
1988,0.000E+00,0.000E+00,0.000E+00,0.000E+00,0.000E+00,0.000E+00,3.62878E-05,9.42814E-05,0.00030843
1989,0.000E+00,0.000E+00,0.000E+00,0.000E+00,0.000E+00,0.000E+00,3.60643E-05,9.39487E-05,0.000310051
1990,0.000E+00,0.000E+00,0.000E+00,0.000E+00,0.000E+00,0.000E+00,3.58444E-05,9.36153E-05,0.000311736
1991,0.000E+00,0.000E+00,0.000E+00,0.000E+00,0.000E+00,0.000E+00,3.58305E-05,9.35303E-05,0.000316316
1992,0.000E+00,0.000E+00,0.000E+00,0.000E+00,0.000E+00,0.000E+00,3.58191E-05,9.34524E-05,0.000320918
1993,0.000E+00,0.000E+00,0.000E+00,0.000E+00,0.000E+00,0.000E+00,3.58077E-05,9.33745E-05,0.000325521
1994,0.000E+00,0.000E+00,0.000E+00,0.000E+00,0.000E+00,0.000E+00,3.57963E-05,9.32967E-05,0.000330124
1995,0.000E+00,0.000E+00,0.000E+00,0.000E+00,0.000E+00,0.000E+00,3.57849E-05,9.32188E-05,0.000334726
1996,0.000E+00,0.000E+00,0.000E+00,0.000E+00,0.000E+00,0.000E+00,3.57735E-05,9.31409E-05,0.000339329
1997,0.000E+00,0.000E+00,0.000E+00,0.000E+00,0.000E+00,0.000E+00,3.57621E-05,9.30631E-05,0.000343932
1998,0.000E+00,0.000E+00,0.000E+00,0.000E+00,0.000E+00,0.000E+00,3.57507E-05,9.29852E-05,0.000348534
1999,0.000E+00,0.000E+00,0.000E+00,0.000E+00,0.000E+00,0.000E+00,3.57393E-05,9.29073E-05,0.000353137
2000,0.000E+00,0.000E+00,0.000E+00,0.000E+00,0.000E+00,0.000E+00,3.57279E-05,9.28294E-05,0.00035774
2001,0.000E+00,0.000E+00,0.000E+00,0.000E+00,0.000E+00,0.000E+00,3.57165E-05,9.27516E-05,0.000362342
2002,0.000E+00,0.000E+00,0.000E+00,0.000E+00,0.000E+00,0.000E+00,3.57051E-05,9.26737E-05,0.000366945
2003,0.000E+00,0.000E+00,0.000E+00,0.000E+00,0.000E+00,0.000E+00,3.56937E-05,9.25958E-05,0.000371548
2004,0.000E+00,0.000E+00,0.000E+00,0.000E+00,0.000E+00,0.000E+00,3.56823E-05,9.2518E-05,0.00037615
2005,0.000E+00,0.000E+00,0.000E+00,0.000E+00,0.000E+00,0.000E+00,3.56709E-05,9.24401E-05,0.000380753
2006,0.000E+00,0.000E+00,0.000E+00,0.000E+00,0.000E+00,0.000E+00,3.56595E-05,9.23623E-05,0.000385356
2007,0.000E+00,0.000E+00,0.000E+00,0.000E+00,0.000E+00,0.000E+00,3.56481E-05,9.22844E-05,0.000389958
2008,0.000E+00,0.000E+00,0.000E+00,0.000E+00,0.000E+00,0.000E+00,3.56367E-05,9.22065E-05,0.000394561
2009,0.000E+00,0.000E+00,0.000E+00,0.000E+00,0.000E+00,0.000E+00,3.56253E-05,9.21286E-05,0.000399164
2010,0.000E+00,0.000E+00,0.000E+00,0.000E+00,0.000E+00,0.000E+00,3.55869E-05,9.19416E-05,0.000404741
2011,0.000E+00,0.000E+00,0.000E+00,0.000E+00,0.000E+00,0.000E+00,3.52594E-05,9.05715E-05,0.000420828
2012,0.000E+00,0.000E+00,0.000E+00,0.000E+00,0.000E+00,0.000E+00,3.49318E-05,8.92014E-05,0.000436916
2013,0.000E+00,0.000E+00,0.000E+00,0.000E+00,0.000E+00,0.000E+00,3.46043E-05,8.78313E-05,0.000453004
2014,0.000E+00,0.000E+00,0.000E+00,0.000E+00,0.000E+00,0.000E+00,3.42767E-05,8.64612E-05,0.000469091
2015,0.000E+00,0.000E+00,0.000E+00,0.000E+00,0.000E+00,0.000E+00,3.39492E-05,8.50911E-05,0.000485179
2016,0.000E+00,0.000E+00,0.000E+00,0.000E+00,0.000E+00,0.000E+00,3.36217E-05,8.3721E-05,0.000501267
2017,0.000E+00,0.000E+00,0.000E+00,0.000E+00,0.000E+00,0.000E+00,3.32941E-05,8.23509E-05,0.000517354
2018,0.000E+00,0.000E+00,0.000E+00,0.000E+00,0.000E+00,0.000E+00,3.29666E-05,8.09808E-05,0.000533442
2019,0.000E+00,0.000E+00,0.000E+00,0.000E+00,0.000E+00,0.000E+00,3.2639E-05,7.96107E-05,0.000549529
2020,0.000E+00,0.000E+00,0.000E+00,0.000E+00,0.000E+00,0.000E+00,3.23115E-05,7.82406E-05,0.000565617
2021,0.000E+00,0.000E+00,0.000E+00,0.000E+00,0.000E+00,0.000E+00,3.19839E-05,7.68705E-05,0.000581704
2022,0.000E+00,0.000E+00,0.000E+00,0.000E+00,0.000E+00,0.000E+00,3.16564E-05,7.55003E-05,0.000597792
2023,0.000E+00,0.000E+00,0.000E+00,0.000E+00,0.000E+00,0.000E+00,3.13288E-05,7.41303E-05,0.00061388
2024,0.000E+00,0.000E+00,0.000E+00,0.000E+00,0.000E+00,0.000E+00,3.10013E-05,7.27602E-05,0.000629967
2025,0.000E+00,0.000E+00,0.000E+00,0.000E+00,0.000E+00,0.000E+00,3.06737E-05,7.139E-05,0.000646055
2026,0.000E+00,0.000E+00,0.000E+00,0.000E+00,0.000E+00,0.000E+00,3.03462E-05,7.00199E-05,0.000662143
2027,0.000E+00,0.000E+00,0.000E+00,0.000E+00,0.000E+00,0.000E+00,3.00186E-05,6.86498E-05,0.00067823
2028,0.000E+00,0.000E+00,0.000E+00,0.000E+00,0.000E+00,0.000E+00,2.96911E-05,6.72797E-05,0.000694318
2029,0.000E+00,0.000E+00,0.000E+00,0.000E+00,0.000E+00,0.000E+00,2.93635E-05,6.59096E-05,0.000710406
2030,0.000E+00,0.000E+00,0.000E+00,0.000E+00,0.000E+00,0.000E+00,2.9036E-05,6.45395E-05,0.000726493
2031,0.000E+00,0.000E+00,0.000E+00,0.000E+00,0.000E+00,0.000E+00,2.90747E-05,6.43561E-05,0.000765849
2032,0.000E+00,0.000E+00,0.000E+00,0.000E+00,0.000E+00,0.000E+00,2.91318E-05,6.4229E-05,0.000806355
2033,0.000E+00,0.000E+00,0.000E+00,0.000E+00,0.000E+00,0.000E+00,2.91888E-05,6.41018E-05,0.00084686
2034,0.000E+00,0.000E+00,0.000E+00,0.000E+00,0.000E+00,0.000E+00,2.92459E-05,6.39746E-05,0.000887365
2035,0.000E+00,0.000E+00,0.000E+00,0.000E+00,0.000E+00,0.000E+00,2.93029E-05,6.38475E-05,0.000927871
2036,0.000E+00,0.000E+00,0.000E+00,0.000E+00,0.000E+00,0.000E+00,2.936E-05,6.37203E-05,0.000968376
2037,0.000E+00,0.000E+00,0.000E+00,0.000E+00,0.000E+00,0.000E+00,2.9417E-05,6.35931E-05,0.001008881
2038,0.000E+00,0.000E+00,0.000E+00,0.000E+00,0.000E+00,0.000E+00,2.94741E-05,6.3466E-05,0.001049387
2039,0.000E+00,0.000E+00,0.000E+00,0.000E+00,0.000E+00,0.000E+00,3.01644E-05,6.37524E-05,0.001106639
2040,0.000E+00,0.000E+00,0.000E+00,0.000E+00,0.000E+00,0.000E+00,3.08251E-05,6.39913E-05,0.001165524
2041,0.000E+00,0.000E+00,0.000E+00,0.000E+00,0.000E+00,0.000E+00,3.12433E-05,6.38661E-05,0.001234827
2042,0.000E+00,0.000E+00,0.000E+00,0.000E+00,0.000E+00,0.000E+00,3.16654E-05,6.37829E-05,0.001304709
2043,0.000E+00,0.000E+00,0.000E+00,0.000E+00,0.000E+00,0.000E+00,3.21546E-05,6.45198E-05,0.00138546
2044,0.000E+00,0.000E+00,0.000E+00,0.000E+00,0.000E+00,0.000E+00,3.25963E-05,6.52051E-05,0.001467888
2045,0.000E+00,0.000E+00,0.000E+00,0.000E+00,0.000E+00,0.000E+00,3.25721E-05,6.53614E-05,0.001566063
2046,0.000E+00,0.000E+00,0.000E+00,0.000E+00,0.000E+00,0.000E+00,3.24624E-05,6.53788E-05,0.001666437
2047,0.000E+00,0.000E+00,0.000E+00,0.000E+00,0.000E+00,0.000E+00,3.16513E-05,6.43419E-05,0.001784948
2048,0.000E+00,0.000E+00,0.000E+00,0.000E+00,0.000E+00,0.000E+00,3.08402E-05,6.33051E-05,0.001903459
2049,0.000E+00,0.000E+00,0.000E+00,0.000E+00,0.000E+00,0.000E+00,3.03807E-05,6.27597E-05,0.002048397
2050,0.000E+00,0.000E+00,0.000E+00,0.000E+00,0.000E+00,0.000E+00,2.9935E-05,6.2234E-05,0.002194369
2051,0.000E+00,0.000E+00,0.000E+00,0.000E+00,0.000E+00,0.000E+00,2.9792E-05,6.20864E-05,0.002358768
2052,0.000E+00,0.000E+00,0.000E+00,0.000E+00,0.000E+00,0.000E+00,2.97867E-05,6.21246E-05,0.002535949
2053,0.000E+00,0.000E+00,0.000E+00,0.000E+00,0.000E+00,0.000E+00,2.97333E-05,6.21422E-05,0.00274052
2054,0.000E+00,0.000E+00,0.000E+00,0.000E+00,0.000E+00,0.000E+00,2.96947E-05,6.22511E-05,0.002951094
2055,0.000E+00,0.000E+00,0.000E+00,0.000E+00,0.000E+00,0.000E+00,2.97566E-05,6.2985E-05,0.003202143
2056,0.000E+00,0.000E+00,0.000E+00,0.000E+00,0.000E+00,0.000E+00,2.97882E-05,6.36853E-05,0.003458216
2057,0.000E+00,0.000E+00,0.000E+00,0.000E+00,0.000E+00,0.000E+00,2.95648E-05,6.40939E-05,0.00375608
2058,0.000E+00,0.000E+00,0.000E+00,0.000E+00,0.000E+00,0.000E+00,2.94087E-05,6.45988E-05,0.004062536
2059,0.000E+00,0.000E+00,0.000E+00,0.000E+00,0.000E+00,0.000E+00,2.97423E-05,6.58164E-05,0.004433448
2060,0.000E+00,0.000E+00,0.000E+00,0.000E+00,0.000E+00,0.000E+00,3.00714E-05,6.70275E-05,0.004804967
2061,0.000E+00,0.000E+00,0.000E+00,0.000E+00,0.000E+00,0.000E+00,2.99641E-05,6.77172E-05,0.005250685
2062,0.000E+00,0.000E+00,0.000E+00,0.000E+00,0.000E+00,0.000E+00,2.98831E-05,6.84379E-05,0.005701673
2063,0.000E+00,0.000E+00,0.000E+00,0.000E+00,0.000E+00,0.000E+00,3.04009E-05,6.98708E-05,0.006261148
2064,0.000E+00,0.000E+00,0.000E+00,0.000E+00,0.000E+00,0.000E+00,3.09265E-05,7.13033E-05,0.006829407
2065,0.000E+00,0.000E+00,0.000E+00,0.000E+00,0.000E+00,0.000E+00,3.1575E-05,7.2718E-05,0.007535417
2066,0.000E+00,0.000E+00,0.000E+00,0.000E+00,0.000E+00,0.000E+00,3.22235E-05,7.41327E-05,0.008241428
2067,0.000E+00,0.000E+00,0.000E+00,0.000E+00,0.000E+00,0.000E+00,3.24513E-05,7.48154E-05,0.008857613
2068,0.000E+00,0.000E+00,0.000E+00,0.000E+00,0.000E+00,0.000E+00,3.25648E-05,7.53252E-05,0.009487334
2069,0.000E+00,0.000E+00,0.000E+00,0.000E+00,0.000E+00,0.000E+00,3.28789E-05,7.63744E-05,0.010567324
2070,0.000E+00,0.000E+00,0.000E+00,0.000E+00,0.000E+00,0.000E+00,3.31931E-05,7.74236E-05,0.011647313
2071,0.000E+00,0.000E+00,0.000E+00,0.000E+00,0.000E+00,0.000E+00,3.46709E-05,8.06328E-05,0.012739751
2072,0.000E+00,0.000E+00,0.000E+00,0.000E+00,0.000E+00,0.000E+00,3.60695E-05,8.37189E-05,0.013861075
2073,0.000E+00,0.000E+00,0.000E+00,0.000E+00,0.000E+00,0.000E+00,3.5708E-05,8.40463E-05,0.015610704
2074,0.000E+00,0.000E+00,0.000E+00,0.000E+00,0.000E+00,0.000E+00,3.53884E-05,8.4403E-05,0.017360333
2075,0.000E+00,0.000E+00,0.000E+00,0.000E+00,0.000E+00,0.000E+00,3.56621E-05,8.51749E-05,0.019110071
2076,0.000E+00,0.000E+00,0.000E+00,0.000E+00,0.000E+00,0.000E+00,3.59359E-05,8.59469E-05,0.020859802
2077,0.000E+00,0.000E+00,0.000E+00,0.000E+00,0.000E+00,0.000E+00,3.68106E-05,8.79371E-05,0.023527628
2078,0.000E+00,0.000E+00,0.000E+00,0.000E+00,0.000E+00,0.000E+00,3.77675E-05,9.00926E-05,0.026320633
2079,0.000E+00,0.000E+00,0.000E+00,0.000E+00,0.000E+00,0.000E+00,3.92279E-05,9.26808E-05,0.029353175
2080,0.000E+00,0.000E+00,0.000E+00,0.000E+00,0.000E+00,0.000E+00,4.08307E-05,9.53915E-05,0.032453556
2081,0.000E+00,0.000E+00,0.000E+00,0.000E+00,0.000E+00,0.000E+00,4.26154E-05,9.88182E-05,0.036132854
2082,0.000E+00,0.000E+00,0.000E+00,0.000E+00,0.000E+00,0.000E+00,4.44976E-05,0.000102621,0.040116713
2083,0.000E+00,0.000E+00,0.000E+00,0.000E+00,0.000E+00,0.000E+00,4.56511E-05,0.000105225,0.045222867
2084,0.000E+00,0.000E+00,0.000E+00,0.000E+00,0.000E+00,0.000E+00,4.6486E-05,0.000107304,0.050821099
2085,0.000E+00,0.000E+00,0.000E+00,0.000E+00,0.000E+00,0.000E+00,4.6986E-05,0.000109582,0.056852374
2086,0.000E+00,0.000E+00,0.000E+00,0.000E+00,0.000E+00,0.000E+00,4.73294E-05,0.000111949,0.063085541
2087,0.000E+00,0.000E+00,0.000E+00,0.000E+00,0.000E+00,0.000E+00,4.79423E-05,0.000114736,0.071366265
2088,0.000E+00,0.000E+00,0.000E+00,0.000E+00,0.000E+00,0.000E+00,4.86357E-05,0.000117649,0.080257677
2089,0.000E+00,0.000E+00,0.000E+00,0.000E+00,0.000E+00,0.000E+00,4.92063E-05,0.000121141,0.090661116
2090,0.000E+00,0.000E+00,0.000E+00,0.000E+00,0.000E+00,0.000E+00,4.9727E-05,0.000124865,0.101669982
2091,0.000E+00,0.000E+00,0.000E+00,0.000E+00,0.000E+00,0.000E+00,5.09241E-05,0.000129661,0.113642618
2092,0.000E+00,0.000E+00,0.000E+00,0.000E+00,0.000E+00,0.000E+00,5.23733E-05,0.00013486,0.125975206
2093,0.000E+00,0.000E+00,0.000E+00,0.000E+00,0.000E+00,0.000E+00,5.42936E-05,0.000142171,0.141772717
2094,0.000E+00,0.000E+00,0.000E+00,0.000E+00,0.000E+00,0.000E+00,5.6345E-05,0.000150072,0.158537745
2095,0.000E+00,0.000E+00,0.000E+00,0.000E+00,0.000E+00,0.000E+00,5.93453E-05,0.000160758,0.17933844
2096,0.000E+00,0.000E+00,0.000E+00,0.000E+00,0.000E+00,0.000E+00,6.24165E-05,0.000171656,0.200408429
2097,0.000E+00,0.000E+00,0.000E+00,0.000E+00,0.000E+00,0.000E+00,6.5869E-05,0.000183729,0.222931162
2098,0.000E+00,0.000E+00,0.000E+00,0.000E+00,0.000E+00,0.000E+00,6.94483E-05,0.000196191,0.245938152
2099,0.000E+00,0.000E+00,0.000E+00,0.000E+00,0.000E+00,0.000E+00,7.3678E-05,0.000210514,0.275641799
2100,0.000E+00,0.000E+00,0.000E+00,0.000E+00,0.000E+00,0.000E+00,7.80869E-05,0.000225335,0.306908041
2101,0.000E+00,0.000E+00,0.000E+00,0.000E+00,0.000E+00,0.000E+00,8.30669E-05,0.00024151,0.338901699
2102,0.000E+00,0.000E+00,0.000E+00,0.000E+00,0.000E+00,0.000E+00,8.82941E-05,0.00025828,0.371217132
2103,0.000E+00,0.000E+00,0.000E+00,0.000E+00,0.000E+00,0.000E+00,9.3476E-05,0.000275249,0.407788128
2104,0.000E+00,0.000E+00,0.000E+00,0.000E+00,0.000E+00,0.000E+00,9.86406E-05,0.000292256,0.445359766
2105,0.000E+00,0.000E+00,0.000E+00,0.000E+00,0.000E+00,0.000E+00,0.000103907,0.00030925,0.486533731
2106,0.000E+00,0.000E+00,0.000E+00,0.000E+00,0.000E+00,0.000E+00,0.000109207,0.000326223,0.528710485
2107,0.000E+00,0.000E+00,0.000E+00,0.000E+00,0.000E+00,0.000E+00,0.000114784,0.000343772,0.561116695
2108,0.000E+00,0.000E+00,0.000E+00,0.000E+00,0.000E+00,0.000E+00,0.000120381,0.000361364,0.592696667
2109,0.000E+00,0.000E+00,0.000E+00,0.000E+00,0.000E+00,0.000E+00,0.000125654,0.000378656,0.631134212
2110,0.000E+00,0.000E+00,0.000E+00,0.000E+00,0.000E+00,0.000E+00,0.000130733,0.000395771,0.673666
2111,0.000E+00,0.000E+00,0.000E+00,0.000E+00,0.000E+00,0.000E+00,0.000135165,0.000411371,0.706712902
2112,0.000E+00,0.000E+00,0.000E+00,0.000E+00,0.000E+00,0.000E+00,0.000139231,0.000426115,0.734383523
2113,0.000E+00,0.000E+00,0.000E+00,0.000E+00,0.000E+00,0.000E+00,0.000143001,0.00044054,0.759524763
2114,0.000E+00,0.000E+00,0.000E+00,0.000E+00,0.000E+00,0.000E+00,0.000146582,0.000454691,0.783470571
2115,0.000E+00,0.000E+00,0.000E+00,0.000E+00,0.000E+00,0.000E+00,0.000149079,0.000465979,0.807949424
2116,0.000E+00,0.000E+00,0.000E+00,0.000E+00,0.000E+00,0.000E+00,0.000151576,0.000477267,0.832428157
2117,0.000E+00,0.000E+00,0.000E+00,0.000E+00,0.000E+00,0.000E+00,0.000153351,0.000486579,0.850122631
2118,0.000E+00,0.000E+00,0.000E+00,0.000E+00,0.000E+00,0.000E+00,0.000154767,0.000494906,0.864421189
2119,0.000E+00,0.000E+00,0.000E+00,0.000E+00,0.000E+00,0.000E+00,0.000156033,0.00050235,0.873491287
2120,0.000E+00,0.000E+00,0.000E+00,0.000E+00,0.000E+00,0.000E+00,0.000157251,0.000509606,0.885427713
2121,0.000E+00,0.000E+00,0.000E+00,0.000E+00,0.000E+00,0.000E+00,0.000157915,0.000516118,0.894616663
2122,0.000E+00,0.000E+00,0.000E+00,0.000E+00,0.000E+00,0.000E+00,0.000158579,0.000522602,0.90377152
2123,0.000E+00,0.000E+00,0.000E+00,0.000E+00,0.000E+00,0.000E+00,0.000159412,0.000526875,0.910645068
2124,0.000E+00,0.000E+00,0.000E+00,0.000E+00,0.000E+00,0.000E+00,0.000160246,0.000531144,0.91741246
2125,0.000E+00,0.000E+00,0.000E+00,0.000E+00,0.000E+00,0.000E+00,0.000161076,0.000535276,0.92049861
2126,0.000E+00,0.000E+00,0.000E+00,0.000E+00,0.000E+00,0.000E+00,0.000161908,0.000539394,0.923634768
2127,0.000E+00,0.000E+00,0.000E+00,0.000E+00,0.000E+00,0.000E+00,0.000162817,0.000542988,0.92857188
2128,0.000E+00,0.000E+00,0.000E+00,0.000E+00,0.000E+00,0.000E+00,0.000163584,0.00054626,0.933001637
2129,0.000E+00,0.000E+00,0.000E+00,0.000E+00,0.000E+00,0.000E+00,0.000163652,0.000547628,0.934683025
2130,0.000E+00,0.000E+00,0.000E+00,0.000E+00,0.000E+00,0.000E+00,0.000163592,0.000548428,0.935641289
2131,0.000E+00,0.000E+00,0.000E+00,0.000E+00,0.000E+00,0.000E+00,0.000164334,0.000547983,0.93785274
2132,0.000E+00,0.000E+00,0.000E+00,0.000E+00,0.000E+00,0.000E+00,0.000165165,0.000547282,0.940044224
2133,0.000E+00,0.000E+00,0.000E+00,0.000E+00,0.000E+00,0.000E+00,0.000165467,0.000546478,0.941256344
2134,0.000E+00,0.000E+00,0.000E+00,0.000E+00,0.000E+00,0.000E+00,0.00016574,0.000545651,0.942435622
2135,0.000E+00,0.000E+00,0.000E+00,0.000E+00,0.000E+00,0.000E+00,0.000166023,0.000544781,0.944517851
2136,0.000E+00,0.000E+00,0.000E+00,0.000E+00,0.000E+00,0.000E+00,0.000166205,0.000543926,0.946174264
2137,0.000E+00,0.000E+00,0.000E+00,0.000E+00,0.000E+00,0.000E+00,0.000166018,0.000543145,0.945790291
2138,0.000E+00,0.000E+00,0.000E+00,0.000E+00,0.000E+00,0.000E+00,0.000165938,0.000542182,0.945785105
2139,0.000E+00,0.000E+00,0.000E+00,0.000E+00,0.000E+00,0.000E+00,0.000166274,0.000540511,0.94725287
2140,0.000E+00,0.000E+00,0.000E+00,0.000E+00,0.000E+00,0.000E+00,0.00016657,0.000538966,0.948580146
2141,0.000E+00,0.000E+00,0.000E+00,0.000E+00,0.000E+00,0.000E+00,0.000166426,0.000538762,0.948421538
2142,0.000E+00,0.000E+00,0.000E+00,0.000E+00,0.000E+00,0.000E+00,0.000166297,0.000538575,0.948316336
2143,0.000E+00,0.000E+00,0.000E+00,0.000E+00,0.000E+00,0.000E+00,0.000166458,0.000538718,0.949219227
2144,0.000E+00,0.000E+00,0.000E+00,0.000E+00,0.000E+00,0.000E+00,0.000166614,0.000538836,0.950172603
2145,0.000E+00,0.000E+00,0.000E+00,0.000E+00,0.000E+00,0.000E+00,0.000166622,0.000538294,0.952450871
2146,0.000E+00,0.000E+00,0.000E+00,0.000E+00,0.000E+00,0.000E+00,0.000166631,0.000537752,0.954729021
2147,0.000E+00,0.000E+00,0.000E+00,0.000E+00,0.000E+00,0.000E+00,0.000166886,0.000537007,0.956050754
2148,0.000E+00,0.000E+00,0.000E+00,0.000E+00,0.000E+00,0.000E+00,0.000167153,0.000536254,0.957337618
2149,0.000E+00,0.000E+00,0.000E+00,0.000E+00,0.000E+00,0.000E+00,0.000167634,0.00053769,0.957012773
2150,0.000E+00,0.000E+00,0.000E+00,0.000E+00,0.000E+00,0.000E+00,0.000168135,0.000539327,0.956542671
2151,0.000E+00,0.000E+00,0.000E+00,0.000E+00,0.000E+00,0.000E+00,0.000168039,0.000539074,0.958881259
2152,0.000E+00,0.000E+00,0.000E+00,0.000E+00,0.000E+00,0.000E+00,0.000167889,0.000538676,0.961170316
2153,0.000E+00,0.000E+00,0.000E+00,0.000E+00,0.000E+00,0.000E+00,0.000167732,0.000538439,0.961369574
2154,0.000E+00,0.000E+00,0.000E+00,0.000E+00,0.000E+00,0.000E+00,0.000167593,0.000538192,0.961647689
2155,0.000E+00,0.000E+00,0.000E+00,0.000E+00,0.000E+00,0.000E+00,0.000167617,0.000537892,0.962648749
2156,0.000E+00,0.000E+00,0.000E+00,0.000E+00,0.000E+00,0.000E+00,0.000167633,0.000537602,0.963620186
2157,0.000E+00,0.000E+00,0.000E+00,0.000E+00,0.000E+00,0.000E+00,0.0001673,0.000537644,0.963517487
2158,0.000E+00,0.000E+00,0.000E+00,0.000E+00,0.000E+00,0.000E+00,0.000166967,0.000537686,0.963415086
2159,0.000E+00,0.000E+00,0.000E+00,0.000E+00,0.000E+00,0.000E+00,0.000166726,0.000536721,0.963785648
2160,0.000E+00,0.000E+00,0.000E+00,0.000E+00,0.000E+00,0.000E+00,0.000166628,0.000535146,0.965442181
2161,0.000E+00,0.000E+00,0.000E+00,0.000E+00,0.000E+00,0.000E+00,0.0001667,0.000534552,0.967292249
2162,0.000E+00,0.000E+00,0.000E+00,0.000E+00,0.000E+00,0.000E+00,0.000166762,0.000534346,0.967027843
2163,0.000E+00,0.000E+00,0.000E+00,0.000E+00,0.000E+00,0.000E+00,0.00016663,0.000534141,0.967296958
2164,0.000E+00,0.000E+00,0.000E+00,0.000E+00,0.000E+00,0.000E+00,0.000166407,0.000533934,0.967818141
2165,0.000E+00,0.000E+00,0.000E+00,0.000E+00,0.000E+00,0.000E+00,0.000166025,0.000533564,0.968571365
2166,0.000E+00,0.000E+00,0.000E+00,0.000E+00,0.000E+00,0.000E+00,0.00016557,0.000533118,0.969431341
2167,0.000E+00,0.000E+00,0.000E+00,0.000E+00,0.000E+00,0.000E+00,0.000165342,0.000532798,0.970319808
2168,0.000E+00,0.000E+00,0.000E+00,0.000E+00,0.000E+00,0.000E+00,0.000165326,0.000532594,0.971235037
2169,0.000E+00,0.000E+00,0.000E+00,0.000E+00,0.000E+00,0.000E+00,0.000165035,0.000532607,0.97077316
2170,0.000E+00,0.000E+00,0.000E+00,0.000E+00,0.000E+00,0.000E+00,0.000164439,0.000532853,0.968796551
2171,0.000E+00,0.000E+00,0.000E+00,0.000E+00,0.000E+00,0.000E+00,0.000164094,0.000532659,0.969500542
2172,0.000E+00,0.000E+00,0.000E+00,0.000E+00,0.000E+00,0.000E+00,0.000163852,0.000532274,0.971330106
2173,0.000E+00,0.000E+00,0.000E+00,0.000E+00,0.000E+00,0.000E+00,0.000163709,0.00053169,0.972260833
2174,0.000E+00,0.000E+00,0.000E+00,0.000E+00,0.000E+00,0.000E+00,0.000163648,0.000530943,0.97244066
2175,0.000E+00,0.000E+00,0.000E+00,0.000E+00,0.000E+00,0.000E+00,0.000163656,0.000530251,0.971809685
2176,0.000E+00,0.000E+00,0.000E+00,0.000E+00,0.000E+00,0.000E+00,0.000163706,0.000529593,0.970692337
2177,0.000E+00,0.000E+00,0.000E+00,0.000E+00,0.000E+00,0.000E+00,0.000163619,0.00052878,0.970028043
2178,0.000E+00,0.000E+00,0.000E+00,0.000E+00,0.000E+00,0.000E+00,0.000163369,0.000527783,0.969909072
2179,0.000E+00,0.000E+00,0.000E+00,0.000E+00,0.000E+00,0.000E+00,0.000163297,0.0005272,0.971038699
2180,0.000E+00,0.000E+00,0.000E+00,0.000E+00,0.000E+00,0.000E+00,0.000163303,0.000526797,0.972697556
2181,0.000E+00,0.000E+00,0.000E+00,0.000E+00,0.000E+00,0.000E+00,0.000163162,0.000527099,0.973087013
2182,0.000E+00,0.000E+00,0.000E+00,0.000E+00,0.000E+00,0.000E+00,0.00016302,0.0005274,0.973476708
2183,0.000E+00,0.000E+00,0.000E+00,0.000E+00,0.000E+00,0.000E+00,0.000162914,0.000527859,0.975028932
2184,0.000E+00,0.000E+00,0.000E+00,0.000E+00,0.000E+00,0.000E+00,0.00016282,0.000528411,0.977088869
2185,0.000E+00,0.000E+00,0.000E+00,0.000E+00,0.000E+00,0.000E+00,0.000162579,0.000528954,0.977401495
2186,0.000E+00,0.000E+00,0.000E+00,0.000E+00,0.000E+00,0.000E+00,0.000162338,0.000529497,0.977714181
2187,0.000E+00,0.000E+00,0.000E+00,0.000E+00,0.000E+00,0.000E+00,0.000162363,0.000530134,0.978595853
2188,0.000E+00,0.000E+00,0.000E+00,0.000E+00,0.000E+00,0.000E+00,0.000162508,0.000530813,0.979736328
2189,0.000E+00,0.000E+00,0.000E+00,0.000E+00,0.000E+00,0.000E+00,0.000162479,0.000530765,0.979929566
2190,0.000E+00,0.000E+00,0.000E+00,0.000E+00,0.000E+00,0.000E+00,0.00016244,0.000530676,0.980067968
2191,0.000E+00,0.000E+00,0.000E+00,0.000E+00,0.000E+00,0.000E+00,0.00016249,0.000530065,0.980184555
2192,0.000E+00,0.000E+00,0.000E+00,0.000E+00,0.000E+00,0.000E+00,0.000162556,0.000529346,0.9802351
2193,0.000E+00,0.000E+00,0.000E+00,0.000E+00,0.000E+00,0.000E+00,0.000162625,0.00052853,0.97922796
2194,0.000E+00,0.000E+00,0.000E+00,0.000E+00,0.000E+00,0.000E+00,0.000162694,0.000527714,0.978220761
2195,0.000E+00,0.000E+00,0.000E+00,0.000E+00,0.000E+00,0.000E+00,0.00016302,0.000527192,0.979918659
2196,0.000E+00,0.000E+00,0.000E+00,0.000E+00,0.000E+00,0.000E+00,0.000163369,0.000526634,0.979463041
2197,0.000E+00,0.000E+00,0.000E+00,0.000E+00,0.000E+00,0.000E+00,0.000163409,0.000525791,0.979205191
2198,0.000E+00,0.000E+00,0.000E+00,0.000E+00,0.000E+00,0.000E+00,0.000163448,0.000524962,0.978982806
2199,0.000E+00,0.000E+00,0.000E+00,0.000E+00,0.000E+00,0.000E+00,0.00016359,0.000525027,0.980911434
2200,0.000E+00,0.000E+00,0.000E+00,0.000E+00,0.000E+00,0.000E+00,0.000163732,0.000525091,0.982839763
2201,0.000E+00,0.000E+00,0.000E+00,0.000E+00,0.000E+00,0.000E+00,0.000163744,0.000524807,0.981939793
2202,0.000E+00,0.000E+00,0.000E+00,0.000E+00,0.000E+00,0.000E+00,0.000163724,0.000524409,0.98064363
2203,0.000E+00,0.000E+00,0.000E+00,0.000E+00,0.000E+00,0.000E+00,0.00016355,0.000522969,0.978536069
2204,0.000E+00,0.000E+00,0.000E+00,0.000E+00,0.000E+00,0.000E+00,0.00016347,0.000520162,0.9773435
2205,0.000E+00,0.000E+00,0.000E+00,0.000E+00,0.000E+00,0.000E+00,0.000163071,0.000518498,0.975412428
2206,0.000E+00,0.000E+00,0.000E+00,0.000E+00,0.000E+00,0.000E+00,0.000162668,0.000518068,0.974784315
2207,0.000E+00,0.000E+00,0.000E+00,0.000E+00,0.000E+00,0.000E+00,0.000162269,0.000517959,0.974467039
2208,0.000E+00,0.000E+00,0.000E+00,0.000E+00,0.000E+00,0.000E+00,0.000161803,0.000517473,0.972861052
2209,0.000E+00,0.000E+00,0.000E+00,0.000E+00,0.000E+00,0.000E+00,0.000161419,0.000516542,0.973176599
2210,0.000E+00,0.000E+00,0.000E+00,0.000E+00,0.000E+00,0.000E+00,0.000161118,0.000515514,0.975017071
2211,0.000E+00,0.000E+00,0.000E+00,0.000E+00,0.000E+00,0.000E+00,0.000160965,0.000514874,0.975576818
2212,0.000E+00,0.000E+00,0.000E+00,0.000E+00,0.000E+00,0.000E+00,0.000160948,0.000514587,0.974969745
2213,0.000E+00,0.000E+00,0.000E+00,0.000E+00,0.000E+00,0.000E+00,0.000160994,0.000515535,0.975829661
2214,0.000E+00,0.000E+00,0.000E+00,0.000E+00,0.000E+00,0.000E+00,0.000160881,0.000517491,0.975145817
2215,0.000E+00,0.000E+00,0.000E+00,0.000E+00,0.000E+00,0.000E+00,0.000160996,0.000517699,0.975192428
2216,0.000E+00,0.000E+00,0.000E+00,0.000E+00,0.000E+00,0.000E+00,0.000161125,0.000517631,0.975335181
2217,0.000E+00,0.000E+00,0.000E+00,0.000E+00,0.000E+00,0.000E+00,0.000161411,0.00051739,0.975621104
2218,0.000E+00,0.000E+00,0.000E+00,0.000E+00,0.000E+00,0.000E+00,0.000161743,0.0005171,0.976901174
2219,0.000E+00,0.000E+00,0.000E+00,0.000E+00,0.000E+00,0.000E+00,0.000161814,0.000517111,0.976985157
2220,0.000E+00,0.000E+00,0.000E+00,0.000E+00,0.000E+00,0.000E+00,0.000161765,0.000517261,0.976517439
2221,0.000E+00,0.000E+00,0.000E+00,0.000E+00,0.000E+00,0.000E+00,0.000161783,0.00051729,0.976644933
2222,0.000E+00,0.000E+00,0.000E+00,0.000E+00,0.000E+00,0.000E+00,0.000161863,0.000517247,0.977231324
2223,0.000E+00,0.000E+00,0.000E+00,0.000E+00,0.000E+00,0.000E+00,0.000162123,0.000517404,0.97778213
2224,0.000E+00,0.000E+00,0.000E+00,0.000E+00,0.000E+00,0.000E+00,0.000162383,0.000517559,0.978353441
2225,0.000E+00,0.000E+00,0.000E+00,0.000E+00,0.000E+00,0.000E+00,0.00016254,0.000517625,0.980721951
2226,0.000E+00,0.000E+00,0.000E+00,0.000E+00,0.000E+00,0.000E+00,0.000162636,0.000517725,0.98022759
2227,0.000E+00,0.000E+00,0.000E+00,0.000E+00,0.000E+00,0.000E+00,0.000162568,0.000517926,0.981476605
2228,0.000E+00,0.000E+00,0.000E+00,0.000E+00,0.000E+00,0.000E+00,0.000162538,0.000518235,0.981152534
2229,0.000E+00,0.000E+00,0.000E+00,0.000E+00,0.000E+00,0.000E+00,0.000162558,0.000518482,0.980933309
2230,0.000E+00,0.000E+00,0.000E+00,0.000E+00,0.000E+00,0.000E+00,0.00016269,0.000518495,0.98104161
2231,0.000E+00,0.000E+00,0.000E+00,0.000E+00,0.000E+00,0.000E+00,0.000162748,0.000518453,0.98118633
2232,0.000E+00,0.000E+00,0.000E+00,0.000E+00,0.000E+00,0.000E+00,0.000162443,0.000518243,0.981506467
2233,0.000E+00,0.000E+00,0.000E+00,0.000E+00,0.000E+00,0.000E+00,0.000162279,0.000518236,0.981824756
2234,0.000E+00,0.000E+00,0.000E+00,0.000E+00,0.000E+00,0.000E+00,0.000162242,0.000518411,0.982141435
2235,0.000E+00,0.000E+00,0.000E+00,0.000E+00,0.000E+00,0.000E+00,0.00016226,0.000518881,0.982568741
2236,0.000E+00,0.000E+00,0.000E+00,0.000E+00,0.000E+00,0.000E+00,0.000162338,0.000519671,0.983115137
2237,0.000E+00,0.000E+00,0.000E+00,0.000E+00,0.000E+00,0.000E+00,0.000162371,0.000520324,0.984517515
2238,0.000E+00,0.000E+00,0.000E+00,0.000E+00,0.000E+00,0.000E+00,0.000162398,0.000520961,0.986061335
2239,0.000E+00,0.000E+00,0.000E+00,0.000E+00,0.000E+00,0.000E+00,0.000162528,0.000521636,0.985731781
2240,0.000E+00,0.000E+00,0.000E+00,0.000E+00,0.000E+00,0.000E+00,0.000162684,0.000522332,0.98681736
2241,0.000E+00,0.000E+00,0.000E+00,0.000E+00,0.000E+00,0.000E+00,0.000162834,0.000523062,0.987845302
2242,0.000E+00,0.000E+00,0.000E+00,0.000E+00,0.000E+00,0.000E+00,0.000163054,0.000524295,0.988481104
2243,0.000E+00,0.000E+00,0.000E+00,0.000E+00,0.000E+00,0.000E+00,0.000163222,0.00052558,0.988944471
2244,0.000E+00,0.000E+00,0.000E+00,0.000E+00,0.000E+00,0.000E+00,0.000163251,0.000526603,0.98874253
2245,0.000E+00,0.000E+00,0.000E+00,0.000E+00,0.000E+00,0.000E+00,0.000163569,0.000527567,0.98956573
2246,0.000E+00,0.000E+00,0.000E+00,0.000E+00,0.000E+00,0.000E+00,0.000164127,0.000528377,0.989808857
2247,0.000E+00,0.000E+00,0.000E+00,0.000E+00,0.000E+00,0.000E+00,0.000164674,0.000529143,0.98984313
2248,0.000E+00,0.000E+00,0.000E+00,0.000E+00,0.000E+00,0.000E+00,0.000165173,0.000529714,0.988939404
2249,0.000E+00,0.000E+00,0.000E+00,0.000E+00,0.000E+00,0.000E+00,0.000165688,0.000530316,0.987960935
2250,0.000E+00,0.000E+00,0.000E+00,0.000E+00,0.000E+00,0.000E+00,0.000166299,0.000530951,0.986400843
2251,0.000E+00,0.000E+00,0.000E+00,0.000E+00,0.000E+00,0.000E+00,0.00016693,0.000531471,0.984990716
2252,0.000E+00,0.000E+00,0.000E+00,0.000E+00,0.000E+00,0.000E+00,0.000167584,0.000531864,0.983745337
2253,0.000E+00,0.000E+00,0.000E+00,0.000E+00,0.000E+00,0.000E+00,0.000168293,0.000532444,0.982655466
2254,0.000E+00,0.000E+00,0.000E+00,0.000E+00,0.000E+00,0.000E+00,0.000168922,0.000533043,0.981576622
2255,0.000E+00,0.000E+00,0.000E+00,0.000E+00,0.000E+00,0.000E+00,0.000169092,0.000533374,0.980409801
2256,0.000E+00,0.000E+00,0.000E+00,0.000E+00,0.000E+00,0.000E+00,0.000169133,0.000533552,0.979278684
2257,0.000E+00,0.000E+00,0.000E+00,0.000E+00,0.000E+00,0.000E+00,0.000168862,0.000533486,0.97821629
2258,0.000E+00,0.000E+00,0.000E+00,0.000E+00,0.000E+00,0.000E+00,0.000168959,0.000534214,0.977074206
2259,0.000E+00,0.000E+00,0.000E+00,0.000E+00,0.000E+00,0.000E+00,0.000169059,0.000534951,0.975931168
2260,0.000E+00,0.000E+00,0.000E+00,0.000E+00,0.000E+00,0.000E+00,0.000169565,0.000535717,0.975972116
2261,0.000E+00,0.000E+00,0.000E+00,0.000E+00,0.000E+00,0.000E+00,0.000170056,0.000536621,0.977857769
2262,0.000E+00,0.000E+00,0.000E+00,0.000E+00,0.000E+00,0.000E+00,0.000170514,0.000537581,0.980426788
2263,0.000E+00,0.000E+00,0.000E+00,0.000E+00,0.000E+00,0.000E+00,0.000170638,0.000538286,0.97530973
2264,0.000E+00,0.000E+00,0.000E+00,0.000E+00,0.000E+00,0.000E+00,0.000171051,0.000539088,0.975049019
2265,0.000E+00,0.000E+00,0.000E+00,0.000E+00,0.000E+00,0.000E+00,0.000171834,0.00054024,0.975306094
2266,0.000E+00,0.000E+00,0.000E+00,0.000E+00,0.000E+00,0.000E+00,0.000173021,0.000541799,0.976113558
2267,0.000E+00,0.000E+00,0.000E+00,0.000E+00,0.000E+00,0.000E+00,0.000174108,0.000543534,0.978448272
2268,0.000E+00,0.000E+00,0.000E+00,0.000E+00,0.000E+00,0.000E+00,0.000175074,0.000545383,0.979408205
2269,0.000E+00,0.000E+00,0.000E+00,0.000E+00,0.000E+00,0.000E+00,0.000176039,0.000547268,0.98045975
2270,0.000E+00,0.000E+00,0.000E+00,0.000E+00,0.000E+00,0.000E+00,0.000176969,0.000549794,0.982837677
2271,0.000E+00,0.000E+00,0.000E+00,0.000E+00,0.000E+00,0.000E+00,0.000177906,0.000552315,0.985587656
2272,0.000E+00,0.000E+00,0.000E+00,0.000E+00,0.000E+00,0.000E+00,0.000178864,0.000554823,0.989505231
2273,0.000E+00,0.000E+00,0.000E+00,0.000E+00,0.000E+00,0.000E+00,0.000179555,0.000557543,0.991796255
2274,0.000E+00,0.000E+00,0.000E+00,0.000E+00,0.000E+00,0.000E+00,0.000180064,0.000560172,0.993862391
2275,0.000E+00,0.000E+00,0.000E+00,0.000E+00,0.000E+00,0.000E+00,0.00018011,0.000562336,0.996353626
2276,0.000E+00,0.000E+00,0.000E+00,0.000E+00,0.000E+00,0.000E+00,0.000180349,0.00056423,0.998117566
2277,0.000E+00,0.000E+00,0.000E+00,0.000E+00,0.000E+00,0.000E+00,0.000180741,0.000565937,0.999310076
2278,0.000E+00,0.000E+00,0.000E+00,0.000E+00,0.000E+00,0.000E+00,0.000180839,0.00056718,1
2279,0.000E+00,0.000E+00,0.000E+00,0.000E+00,0.000E+00,0.000E+00,0.000180215,0.000567373,0.997842729
2280,0.000E+00,0.000E+00,0.000E+00,0.000E+00,0.000E+00,0.000E+00,0.00017944,0.000567273,0.994307518
2281,0.000E+00,0.000E+00,0.000E+00,0.000E+00,0.000E+00,0.000E+00,0.000178085,0.000565717,0.985593855
2282,0.000E+00,0.000E+00,0.000E+00,0.000E+00,0.000E+00,0.000E+00,0.000176504,0.000563205,0.975451708
2283,0.000E+00,0.000E+00,0.000E+00,0.000E+00,0.000E+00,0.000E+00,0.00017459,0.00055874,0.960922062
2284,0.000E+00,0.000E+00,0.000E+00,0.000E+00,0.000E+00,0.000E+00,0.000172479,0.00055282,0.942932725
2285,0.000E+00,0.000E+00,0.000E+00,0.000E+00,0.000E+00,0.000E+00,0.00016978,0.000545402,0.919498861
2286,0.000E+00,0.000E+00,0.000E+00,0.000E+00,0.000E+00,0.000E+00,0.000166775,0.000537201,0.893234015
2287,0.000E+00,0.000E+00,0.000E+00,0.000E+00,0.000E+00,0.000E+00,0.00016242,0.00052571,0.858578801
2288,0.000E+00,0.000E+00,0.000E+00,0.000E+00,0.000E+00,0.000E+00,0.000157973,0.000513852,0.822954953
2289,0.000E+00,0.000E+00,0.000E+00,0.000E+00,0.000E+00,0.000E+00,0.000152917,0.000498955,0.780520856
2290,0.000E+00,0.000E+00,0.000E+00,0.000E+00,0.000E+00,0.000E+00,0.000147643,0.000483,0.736130059
2291,0.000E+00,0.000E+00,0.000E+00,0.000E+00,0.000E+00,0.000E+00,0.000141814,0.000464142,0.687567532
2292,0.000E+00,0.000E+00,0.000E+00,0.000E+00,0.000E+00,0.000E+00,0.000135978,0.000445263,0.638959587
2293,0.000E+00,0.000E+00,0.000E+00,0.000E+00,0.000E+00,0.000E+00,0.000129895,0.00042542,0.58918637
2294,0.000E+00,0.000E+00,0.000E+00,0.000E+00,0.000E+00,0.000E+00,0.000123184,0.000403987,0.54031539
2295,0.000E+00,0.000E+00,0.000E+00,0.000E+00,0.000E+00,0.000E+00,0.000116288,0.000382093,0.491695106
2296,0.000E+00,0.000E+00,0.000E+00,0.000E+00,0.000E+00,0.000E+00,0.000109575,0.000359986,0.445389539
2297,0.000E+00,0.000E+00,0.000E+00,0.000E+00,0.000E+00,0.000E+00,0.000103001,0.000337715,0.400872439
2298,0.000E+00,0.000E+00,0.000E+00,0.000E+00,0.000E+00,0.000E+00,9.67779E-05,0.000316318,0.358644515
2299,0.000E+00,0.000E+00,0.000E+00,0.000E+00,0.000E+00,0.000E+00,9.12984E-05,0.000296764,0.321267754
2300,0.000E+00,0.000E+00,0.000E+00,0.000E+00,0.000E+00,0.000E+00,8.57946E-05,0.000277309,0.284053206
2301,0.000E+00,0.000E+00,0.000E+00,0.000E+00,0.000E+00,0.000E+00,7.98039E-05,0.000259687,0.2522012
2302,0.000E+00,0.000E+00,0.000E+00,0.000E+00,0.000E+00,0.000E+00,7.37965E-05,0.000242748,0.225401431
2303,0.000E+00,0.000E+00,0.000E+00,0.000E+00,0.000E+00,0.000E+00,6.94589E-05,0.000228113,0.201357543
2304,0.000E+00,0.000E+00,0.000E+00,0.000E+00,0.000E+00,0.000E+00,6.55493E-05,0.000214445,0.178324893
2305,0.000E+00,0.000E+00,0.000E+00,0.000E+00,0.000E+00,0.000E+00,6.29576E-05,0.000204393,0.158332035
2306,0.000E+00,0.000E+00,0.000E+00,0.000E+00,0.000E+00,0.000E+00,6.03327E-05,0.000194346,0.138676032
2307,0.000E+00,0.000E+00,0.000E+00,0.000E+00,0.000E+00,0.000E+00,5.78254E-05,0.00018453,0.123594336
2308,0.000E+00,0.000E+00,0.000E+00,0.000E+00,0.000E+00,0.000E+00,5.57943E-05,0.000175078,0.109954007
2309,0.000E+00,0.000E+00,0.000E+00,0.000E+00,0.000E+00,0.000E+00,5.36908E-05,0.000166376,0.098214775
2310,0.000E+00,0.000E+00,0.000E+00,0.000E+00,0.000E+00,0.000E+00,5.18934E-05,0.000158567,0.087091349
2311,0.000E+00,0.000E+00,0.000E+00,0.000E+00,0.000E+00,0.000E+00,5.05063E-05,0.000152022,0.07789132
2312,0.000E+00,0.000E+00,0.000E+00,0.000E+00,0.000E+00,0.000E+00,4.8787E-05,0.000145878,0.069236167
2313,0.000E+00,0.000E+00,0.000E+00,0.000E+00,0.000E+00,0.000E+00,4.6546E-05,0.000141048,0.061988797
2314,0.000E+00,0.000E+00,0.000E+00,0.000E+00,0.000E+00,0.000E+00,4.48533E-05,0.000136045,0.055051033
2315,0.000E+00,0.000E+00,0.000E+00,0.000E+00,0.000E+00,0.000E+00,4.43002E-05,0.000131659,0.049372338
2316,0.000E+00,0.000E+00,0.000E+00,0.000E+00,0.000E+00,0.000E+00,4.48101E-05,0.000129167,0.04450085
2317,0.000E+00,0.000E+00,0.000E+00,0.000E+00,0.000E+00,0.000E+00,4.44825E-05,0.000126867,0.040017087
2318,0.000E+00,0.000E+00,0.000E+00,0.000E+00,0.000E+00,0.000E+00,4.4233E-05,0.000125768,0.036177903
2319,0.000E+00,0.000E+00,0.000E+00,0.000E+00,0.000E+00,0.000E+00,4.48081E-05,0.000125368,0.0328601
2320,0.000E+00,0.000E+00,0.000E+00,0.000E+00,0.000E+00,0.000E+00,4.51167E-05,0.000125037,0.029466141
2321,0.000E+00,0.000E+00,0.000E+00,0.000E+00,0.000E+00,0.000E+00,4.45686E-05,0.000125117,0.026836766
2322,0.000E+00,0.000E+00,0.000E+00,0.000E+00,0.000E+00,0.000E+00,4.41897E-05,0.000125111,0.024087615
2323,0.000E+00,0.000E+00,0.000E+00,0.000E+00,0.000E+00,0.000E+00,4.41024E-05,0.000124753,0.021937801
2324,0.000E+00,0.000E+00,0.000E+00,0.000E+00,0.000E+00,0.000E+00,4.40072E-05,0.000124499,0.01983479
2325,0.000E+00,0.000E+00,0.000E+00,0.000E+00,0.000E+00,0.000E+00,4.38646E-05,0.000124941,0.018036364
2326,0.000E+00,0.000E+00,0.000E+00,0.000E+00,0.000E+00,0.000E+00,4.37896E-05,0.000125486,0.016273031
2327,0.000E+00,0.000E+00,0.000E+00,0.000E+00,0.000E+00,0.000E+00,4.43827E-05,0.000127091,0.014857053
2328,0.000E+00,0.000E+00,0.000E+00,0.000E+00,0.000E+00,0.000E+00,4.48203E-05,0.000128415,0.013420237
2329,0.000E+00,0.000E+00,0.000E+00,0.000E+00,0.000E+00,0.000E+00,4.58237E-05,0.000129523,0.012322859
2330,0.000E+00,0.000E+00,0.000E+00,0.000E+00,0.000E+00,0.000E+00,4.6273E-05,0.000129765,0.011154226
2331,0.000E+00,0.000E+00,0.000E+00,0.000E+00,0.000E+00,0.000E+00,4.66667E-05,0.000130047,0.01030831
2332,0.000E+00,0.000E+00,0.000E+00,0.000E+00,0.000E+00,0.000E+00,4.79446E-05,0.000131336,0.009640893
2333,0.000E+00,0.000E+00,0.000E+00,0.000E+00,0.000E+00,0.000E+00,4.91134E-05,0.000132643,0.008820605
2334,0.000E+00,0.000E+00,0.000E+00,0.000E+00,0.000E+00,0.000E+00,4.94235E-05,0.00013308,0.008062974
2335,0.000E+00,0.000E+00,0.000E+00,0.000E+00,0.000E+00,0.000E+00,4.94639E-05,0.000132318,0.007383225
2336,0.000E+00,0.000E+00,0.000E+00,0.000E+00,0.000E+00,0.000E+00,5.0488E-05,0.000133379,0.006772046
2337,0.000E+00,0.000E+00,0.000E+00,0.000E+00,0.000E+00,0.000E+00,5.18278E-05,0.000135374,0.006238672
2338,0.000E+00,0.000E+00,0.000E+00,0.000E+00,0.000E+00,0.000E+00,5.31675E-05,0.00013737,0.0057053
2339,0.000E+00,0.000E+00,0.000E+00,0.000E+00,0.000E+00,0.000E+00,5.49624E-05,0.000140784,0.005262731
2340,0.000E+00,0.000E+00,0.000E+00,0.000E+00,0.000E+00,0.000E+00,5.67589E-05,0.00014422,0.004825677
2341,0.000E+00,0.000E+00,0.000E+00,0.000E+00,0.000E+00,0.000E+00,5.79144E-05,0.000146535,0.004458541
2342,0.000E+00,0.000E+00,0.000E+00,0.000E+00,0.000E+00,0.000E+00,5.91148E-05,0.000148908,0.004093403
2343,0.000E+00,0.000E+00,0.000E+00,0.000E+00,0.000E+00,0.000E+00,6.15388E-05,0.000153354,0.003784023
2344,0.000E+00,0.000E+00,0.000E+00,0.000E+00,0.000E+00,0.000E+00,6.40115E-05,0.000157901,0.003477208
2345,0.000E+00,0.000E+00,0.000E+00,0.000E+00,0.000E+00,0.000E+00,6.73795E-05,0.000164361,0.00321871
2346,0.000E+00,0.000E+00,0.000E+00,0.000E+00,0.000E+00,0.000E+00,7.07052E-05,0.000170649,0.002963294
2347,0.000E+00,0.000E+00,0.000E+00,0.000E+00,0.000E+00,0.000E+00,7.34745E-05,0.000174631,0.002748921
2348,0.000E+00,0.000E+00,0.000E+00,0.000E+00,0.000E+00,0.000E+00,7.62066E-05,0.000178556,0.00253692
2349,0.000E+00,0.000E+00,0.000E+00,0.000E+00,0.000E+00,0.000E+00,7.84328E-05,0.000181712,0.002357197
2350,0.000E+00,0.000E+00,0.000E+00,0.000E+00,0.000E+00,0.000E+00,8.05932E-05,0.000184676,0.002180678
2351,0.000E+00,0.000E+00,0.000E+00,0.000E+00,0.000E+00,0.000E+00,8.22305E-05,0.0001861,0.002029667
2352,0.000E+00,0.000E+00,0.000E+00,0.000E+00,0.000E+00,0.000E+00,8.37737E-05,0.000187451,0.001881247
2353,0.000E+00,0.000E+00,0.000E+00,0.000E+00,0.000E+00,0.000E+00,8.45293E-05,0.000188151,0.001755884
2354,0.000E+00,0.000E+00,0.000E+00,0.000E+00,0.000E+00,0.000E+00,8.50426E-05,0.0001884,0.001631506
2355,0.000E+00,0.000E+00,0.000E+00,0.000E+00,0.000E+00,0.000E+00,8.19128E-05,0.00018184,0.00152201
2356,0.000E+00,0.000E+00,0.000E+00,0.000E+00,0.000E+00,0.000E+00,7.87829E-05,0.000175279,0.001412515
2357,0.000E+00,0.000E+00,0.000E+00,0.000E+00,0.000E+00,0.000E+00,7.76827E-05,0.000172834,0.001322772
2358,0.000E+00,0.000E+00,0.000E+00,0.000E+00,0.000E+00,0.000E+00,7.66683E-05,0.000170567,0.001233908
2359,0.000E+00,0.000E+00,0.000E+00,0.000E+00,0.000E+00,0.000E+00,7.31769E-05,0.000164394,0.001151942
2360,0.000E+00,0.000E+00,0.000E+00,0.000E+00,0.000E+00,0.000E+00,6.94473E-05,0.000158165,0.001073085
2361,0.000E+00,0.000E+00,0.000E+00,0.000E+00,0.000E+00,0.000E+00,6.80907E-05,0.000157326,0.001005845
2362,0.000E+00,0.000E+00,0.000E+00,0.000E+00,0.000E+00,0.000E+00,6.78165E-05,0.000158457,0.000942332
2363,0.000E+00,0.000E+00,0.000E+00,0.000E+00,0.000E+00,0.000E+00,6.85946E-05,0.00016012,0.000886992
2364,0.000E+00,0.000E+00,0.000E+00,0.000E+00,0.000E+00,0.000E+00,6.97296E-05,0.000161959,0.000834403
2365,0.000E+00,0.000E+00,0.000E+00,0.000E+00,0.000E+00,0.000E+00,7.26179E-05,0.00016761,0.00079211
2366,0.000E+00,0.000E+00,0.000E+00,0.000E+00,0.000E+00,0.000E+00,7.5832E-05,0.000173956,0.00075174
2367,0.000E+00,0.000E+00,0.000E+00,0.000E+00,0.000E+00,0.000E+00,7.60651E-05,0.000175219,0.000716311
2368,0.000E+00,0.000E+00,0.000E+00,0.000E+00,0.000E+00,0.000E+00,7.39864E-05,0.000172532,0.000684734
2369,0.000E+00,0.000E+00,0.000E+00,0.000E+00,0.000E+00,0.000E+00,7.19078E-05,0.000169844,0.000653156
2370,0.000E+00,0.000E+00,0.000E+00,0.000E+00,0.000E+00,0.000E+00,6.98292E-05,0.000167157,0.000621579
2371,0.000E+00,0.000E+00,0.000E+00,0.000E+00,0.000E+00,0.000E+00,6.77506E-05,0.000164469,0.000590001
2372,0.000E+00,0.000E+00,0.000E+00,0.000E+00,0.000E+00,0.000E+00,6.5672E-05,0.000161782,0.000558424
2373,0.000E+00,0.000E+00,0.000E+00,0.000E+00,0.000E+00,0.000E+00,6.35934E-05,0.000159094,0.000526847
2374,0.000E+00,0.000E+00,0.000E+00,0.000E+00,0.000E+00,0.000E+00,6.15148E-05,0.000156407,0.000495269
2375,0.000E+00,0.000E+00,0.000E+00,0.000E+00,0.000E+00,0.000E+00,5.94362E-05,0.000153719,0.000463692
2376,0.000E+00,0.000E+00,0.000E+00,0.000E+00,0.000E+00,0.000E+00,5.73576E-05,0.000151031,0.000432114
2377,0.000E+00,0.000E+00,0.000E+00,0.000E+00,0.000E+00,0.000E+00,5.5279E-05,0.000148344,0.000400537
2378,0.000E+00,0.000E+00,0.000E+00,0.000E+00,0.000E+00,0.000E+00,5.32004E-05,0.000145656,0.000368959
2379,0.000E+00,0.000E+00,0.000E+00,0.000E+00,0.000E+00,0.000E+00,5.11218E-05,0.000142969,0.000337382
2380,0.000E+00,0.000E+00,0.000E+00,0.000E+00,0.000E+00,0.000E+00,5.0452E-05,0.0001421,0.000321003
2381,0.000E+00,0.000E+00,0.000E+00,0.000E+00,0.000E+00,0.000E+00,5.04486E-05,0.000142092,0.000311808
2382,0.000E+00,0.000E+00,0.000E+00,0.000E+00,0.000E+00,0.000E+00,5.04452E-05,0.000142083,0.000302614
2383,0.000E+00,0.000E+00,0.000E+00,0.000E+00,0.000E+00,0.000E+00,5.04418E-05,0.000142074,0.000293419
2384,0.000E+00,0.000E+00,0.000E+00,0.000E+00,0.000E+00,0.000E+00,5.04384E-05,0.000142066,0.000284225
2385,0.000E+00,0.000E+00,0.000E+00,0.000E+00,0.000E+00,0.000E+00,5.0435E-05,0.000142057,0.00027503
2386,0.000E+00,0.000E+00,0.000E+00,0.000E+00,0.000E+00,0.000E+00,5.04316E-05,0.000142049,0.000265836
2387,0.000E+00,0.000E+00,0.000E+00,0.000E+00,0.000E+00,0.000E+00,5.04282E-05,0.00014204,0.000256641
2388,0.000E+00,0.000E+00,0.000E+00,0.000E+00,0.000E+00,0.000E+00,5.04248E-05,0.000142031,0.000247447
2389,0.000E+00,0.000E+00,0.000E+00,0.000E+00,0.000E+00,0.000E+00,5.04214E-05,0.000142023,0.000238252
2390,0.000E+00,0.000E+00,0.000E+00,0.000E+00,0.000E+00,0.000E+00,5.0418E-05,0.000142014,0.000229058
2391,0.000E+00,0.000E+00,0.000E+00,0.000E+00,0.000E+00,0.000E+00,5.04146E-05,0.000142006,0.000219863
2392,0.000E+00,0.000E+00,0.000E+00,0.000E+00,0.000E+00,0.000E+00,5.04112E-05,0.000141997,0.000210669
2393,0.000E+00,0.000E+00,0.000E+00,0.000E+00,0.000E+00,0.000E+00,5.04077E-05,0.000141988,0.000201474
2394,0.000E+00,0.000E+00,0.000E+00,0.000E+00,0.000E+00,0.000E+00,5.04044E-05,0.00014198,0.00019228
2395,0.000E+00,0.000E+00,0.000E+00,0.000E+00,0.000E+00,0.000E+00,5.0401E-05,0.000141971,0.000183085
2396,0.000E+00,0.000E+00,0.000E+00,0.000E+00,0.000E+00,0.000E+00,5.03975E-05,0.000141963,0.000173891
2397,0.000E+00,0.000E+00,0.000E+00,0.000E+00,0.000E+00,0.000E+00,5.03941E-05,0.000141954,0.000164696
2398,0.000E+00,0.000E+00,0.000E+00,0.000E+00,0.000E+00,0.000E+00,5.03907E-05,0.000141945,0.000155502
2399,0.000E+00,0.000E+00,0.000E+00,0.000E+00,0.000E+00,0.000E+00,5.03873E-05,0.000141937,0.000146307
2400,0.000E+00,0.000E+00,0.000E+00,0.000E+00,0.000E+00,0.000E+00,5.14658E-05,0.000143469,0.00014267
2401,0.000E+00,0.000E+00,0.000E+00,0.000E+00,0.000E+00,0.000E+00,5.30523E-05,0.000145726,0.000141637
2402,0.000E+00,0.000E+00,0.000E+00,0.000E+00,0.000E+00,0.000E+00,5.46388E-05,0.000147982,0.000140604
2403,0.000E+00,0.000E+00,0.000E+00,0.000E+00,0.000E+00,0.000E+00,5.62253E-05,0.000150238,0.000139571
2404,0.000E+00,0.000E+00,0.000E+00,0.000E+00,0.000E+00,0.000E+00,5.78118E-05,0.000152495,0.000138538
2405,0.000E+00,0.000E+00,0.000E+00,0.000E+00,0.000E+00,0.000E+00,5.93983E-05,0.000154751,0.000137505
2406,0.000E+00,0.000E+00,0.000E+00,0.000E+00,0.000E+00,0.000E+00,6.09848E-05,0.000157007,0.000136472
2407,0.000E+00,0.000E+00,0.000E+00,0.000E+00,0.000E+00,0.000E+00,6.25713E-05,0.000159263,0.000135439
2408,0.000E+00,0.000E+00,0.000E+00,0.000E+00,0.000E+00,0.000E+00,6.41578E-05,0.00016152,0.000134407
2409,0.000E+00,0.000E+00,0.000E+00,0.000E+00,0.000E+00,0.000E+00,6.57443E-05,0.000163776,0.000133374
2410,0.000E+00,0.000E+00,0.000E+00,0.000E+00,0.000E+00,0.000E+00,6.73308E-05,0.000166032,0.000132341
2411,0.000E+00,0.000E+00,0.000E+00,0.000E+00,0.000E+00,0.000E+00,6.89173E-05,0.000168289,0.000131308
2412,0.000E+00,0.000E+00,0.000E+00,0.000E+00,0.000E+00,0.000E+00,7.05038E-05,0.000170545,0.000130275
2413,0.000E+00,0.000E+00,0.000E+00,0.000E+00,0.000E+00,0.000E+00,7.20903E-05,0.000172801,0.000129242
2414,0.000E+00,0.000E+00,0.000E+00,0.000E+00,0.000E+00,0.000E+00,7.36769E-05,0.000175057,0.000128209
2415,0.000E+00,0.000E+00,0.000E+00,0.000E+00,0.000E+00,0.000E+00,7.52634E-05,0.000177314,0.000127176
2416,0.000E+00,0.000E+00,0.000E+00,0.000E+00,0.000E+00,0.000E+00,7.68499E-05,0.00017957,0.000126143
2417,0.000E+00,0.000E+00,0.000E+00,0.000E+00,0.000E+00,0.000E+00,7.84364E-05,0.000181826,0.00012511
2418,0.000E+00,0.000E+00,0.000E+00,0.000E+00,0.000E+00,0.000E+00,8.00229E-05,0.000184083,0.000124077
2419,0.000E+00,0.000E+00,0.000E+00,0.000E+00,0.000E+00,0.000E+00,8.16094E-05,0.000186339,0.000123044
2420,0.000E+00,0.000E+00,0.000E+00,0.000E+00,0.000E+00,0.000E+00,8.22415E-05,0.000186733,0.000121286
2421,0.000E+00,0.000E+00,0.000E+00,0.000E+00,0.000E+00,0.000E+00,8.05831E-05,0.00018267,0.000117768
2422,0.000E+00,0.000E+00,0.000E+00,0.000E+00,0.000E+00,0.000E+00,7.89247E-05,0.000178607,0.000114251
2423,0.000E+00,0.000E+00,0.000E+00,0.000E+00,0.000E+00,0.000E+00,7.72662E-05,0.000174544,0.000110734
2424,0.000E+00,0.000E+00,0.000E+00,0.000E+00,0.000E+00,0.000E+00,7.56078E-05,0.000170481,0.000107217
2425,0.000E+00,0.000E+00,0.000E+00,0.000E+00,0.000E+00,0.000E+00,7.39494E-05,0.000166418,0.0001037
2426,0.000E+00,0.000E+00,0.000E+00,0.000E+00,0.000E+00,0.000E+00,7.22909E-05,0.000162355,0.000100182
2427,0.000E+00,0.000E+00,0.000E+00,0.000E+00,0.000E+00,0.000E+00,7.06325E-05,0.000158292,9.66653E-05
2428,0.000E+00,0.000E+00,0.000E+00,0.000E+00,0.000E+00,0.000E+00,6.89741E-05,0.000154229,9.31481E-05
2429,0.000E+00,0.000E+00,0.000E+00,0.000E+00,0.000E+00,0.000E+00,6.73157E-05,0.000150166,8.96309E-05
2430,0.000E+00,0.000E+00,0.000E+00,0.000E+00,0.000E+00,0.000E+00,6.56572E-05,0.000146103,8.61137E-05
2431,0.000E+00,0.000E+00,0.000E+00,0.000E+00,0.000E+00,0.000E+00,6.39988E-05,0.00014204,8.25965E-05
2432,0.000E+00,0.000E+00,0.000E+00,0.000E+00,0.000E+00,0.000E+00,6.23404E-05,0.000137977,7.90793E-05
2433,0.000E+00,0.000E+00,0.000E+00,0.000E+00,0.000E+00,0.000E+00,6.0682E-05,0.000133914,7.55621E-05
2434,0.000E+00,0.000E+00,0.000E+00,0.000E+00,0.000E+00,0.000E+00,5.90235E-05,0.000129851,7.20449E-05
2435,0.000E+00,0.000E+00,0.000E+00,0.000E+00,0.000E+00,0.000E+00,5.73651E-05,0.000125787,6.85277E-05
2436,0.000E+00,0.000E+00,0.000E+00,0.000E+00,0.000E+00,0.000E+00,5.57067E-05,0.000121724,6.50105E-05
2437,0.000E+00,0.000E+00,0.000E+00,0.000E+00,0.000E+00,0.000E+00,5.40482E-05,0.000117661,6.14933E-05
2438,0.000E+00,0.000E+00,0.000E+00,0.000E+00,0.000E+00,0.000E+00,5.23898E-05,0.000113598,5.79761E-05
2439,0.000E+00,0.000E+00,0.000E+00,0.000E+00,0.000E+00,0.000E+00,5.07314E-05,0.000109535,5.44589E-05
2440,0.000E+00,0.000E+00,0.000E+00,0.000E+00,0.000E+00,0.000E+00,5.08638E-05,0.000108944,5.36189E-05
2441,0.000E+00,0.000E+00,0.000E+00,0.000E+00,0.000E+00,0.000E+00,5.10875E-05,0.000108533,5.29177E-05
2442,0.000E+00,0.000E+00,0.000E+00,0.000E+00,0.000E+00,0.000E+00,5.13112E-05,0.000108121,5.22166E-05
2443,0.000E+00,0.000E+00,0.000E+00,0.000E+00,0.000E+00,0.000E+00,5.15348E-05,0.00010771,5.15154E-05
2444,0.000E+00,0.000E+00,0.000E+00,0.000E+00,0.000E+00,0.000E+00,5.17585E-05,0.000107298,5.08143E-05
2445,0.000E+00,0.000E+00,0.000E+00,0.000E+00,0.000E+00,0.000E+00,5.19822E-05,0.000106887,5.01132E-05
2446,0.000E+00,0.000E+00,0.000E+00,0.000E+00,0.000E+00,0.000E+00,5.22059E-05,0.000106475,4.9412E-05
2447,0.000E+00,0.000E+00,0.000E+00,0.000E+00,0.000E+00,0.000E+00,5.24296E-05,0.000106064,4.87109E-05
2448,0.000E+00,0.000E+00,0.000E+00,0.000E+00,0.000E+00,0.000E+00,5.26533E-05,0.000105652,4.80097E-05
2449,0.000E+00,0.000E+00,0.000E+00,0.000E+00,0.000E+00,0.000E+00,5.2877E-05,0.000105241,4.73086E-05
2450,0.000E+00,0.000E+00,0.000E+00,0.000E+00,0.000E+00,0.000E+00,5.31006E-05,0.000104829,4.66075E-05
2451,0.000E+00,0.000E+00,0.000E+00,0.000E+00,0.000E+00,0.000E+00,5.33243E-05,0.000104418,4.59063E-05
2452,0.000E+00,0.000E+00,0.000E+00,0.000E+00,0.000E+00,0.000E+00,5.3548E-05,0.000104006,4.52052E-05
2453,0.000E+00,0.000E+00,0.000E+00,0.000E+00,0.000E+00,0.000E+00,5.37717E-05,0.000103595,4.4504E-05
2454,0.000E+00,0.000E+00,0.000E+00,0.000E+00,0.000E+00,0.000E+00,5.39954E-05,0.000103183,4.38029E-05
2455,0.000E+00,0.000E+00,0.000E+00,0.000E+00,0.000E+00,0.000E+00,5.42191E-05,0.000102772,4.31018E-05
2456,0.000E+00,0.000E+00,0.000E+00,0.000E+00,0.000E+00,0.000E+00,5.44427E-05,0.00010236,4.24006E-05
2457,0.000E+00,0.000E+00,0.000E+00,0.000E+00,0.000E+00,0.000E+00,5.46664E-05,0.000101949,4.16995E-05
2458,0.000E+00,0.000E+00,0.000E+00,0.000E+00,0.000E+00,0.000E+00,5.48901E-05,0.000101537,4.09983E-05
2459,0.000E+00,0.000E+00,0.000E+00,0.000E+00,0.000E+00,0.000E+00,5.51138E-05,0.000101126,4.02972E-05
2460,0.000E+00,0.000E+00,0.000E+00,0.000E+00,0.000E+00,0.000E+00,5.50451E-05,0.000100727,3.95438E-05
2461,0.000E+00,0.000E+00,0.000E+00,0.000E+00,0.000E+00,0.000E+00,5.48509E-05,0.000100333,3.87672E-05
2462,0.000E+00,0.000E+00,0.000E+00,0.000E+00,0.000E+00,0.000E+00,5.46566E-05,9.99397E-05,3.79907E-05
2463,0.000E+00,0.000E+00,0.000E+00,0.000E+00,0.000E+00,0.000E+00,5.44624E-05,9.95461E-05,3.72141E-05
2464,0.000E+00,0.000E+00,0.000E+00,0.000E+00,0.000E+00,0.000E+00,5.42682E-05,9.91525E-05,3.64375E-05
2465,0.000E+00,0.000E+00,0.000E+00,0.000E+00,0.000E+00,0.000E+00,5.40739E-05,9.87589E-05,3.56609E-05
2466,0.000E+00,0.000E+00,0.000E+00,0.000E+00,0.000E+00,0.000E+00,5.38797E-05,9.83653E-05,3.48843E-05
2467,0.000E+00,0.000E+00,0.000E+00,0.000E+00,0.000E+00,0.000E+00,5.36854E-05,9.79717E-05,3.41077E-05
2468,0.000E+00,0.000E+00,0.000E+00,0.000E+00,0.000E+00,0.000E+00,5.34912E-05,9.7578E-05,3.33311E-05
2469,0.000E+00,0.000E+00,0.000E+00,0.000E+00,0.000E+00,0.000E+00,5.32969E-05,9.71844E-05,3.25545E-05
2470,0.000E+00,0.000E+00,0.000E+00,0.000E+00,0.000E+00,0.000E+00,5.31027E-05,9.67908E-05,3.17779E-05
2471,0.000E+00,0.000E+00,0.000E+00,0.000E+00,0.000E+00,0.000E+00,5.29084E-05,9.63972E-05,3.10014E-05
2472,0.000E+00,0.000E+00,0.000E+00,0.000E+00,0.000E+00,0.000E+00,5.27142E-05,9.60036E-05,3.02248E-05
2473,0.000E+00,0.000E+00,0.000E+00,0.000E+00,0.000E+00,0.000E+00,5.252E-05,9.561E-05,2.94482E-05
2474,0.000E+00,0.000E+00,0.000E+00,0.000E+00,0.000E+00,0.000E+00,5.23257E-05,9.52164E-05,2.86716E-05
2475,0.000E+00,0.000E+00,0.000E+00,0.000E+00,0.000E+00,0.000E+00,5.21315E-05,9.48227E-05,2.7895E-05
2476,0.000E+00,0.000E+00,0.000E+00,0.000E+00,0.000E+00,0.000E+00,5.19372E-05,9.44291E-05,2.71184E-05
2477,0.000E+00,0.000E+00,0.000E+00,0.000E+00,0.000E+00,0.000E+00,5.1743E-05,9.40355E-05,2.63418E-05
2478,0.000E+00,0.000E+00,0.000E+00,0.000E+00,0.000E+00,0.000E+00,5.15488E-05,9.36419E-05,2.55653E-05
2479,0.000E+00,0.000E+00,0.000E+00,0.000E+00,0.000E+00,0.000E+00,5.13545E-05,9.32483E-05,2.47887E-05
2480,0.000E+00,0.000E+00,0.000E+00,0.000E+00,0.000E+00,0.000E+00,4.98979E-05,9.07984E-05,2.37832E-05
2481,0.000E+00,0.000E+00,0.000E+00,0.000E+00,0.000E+00,0.000E+00,4.8158E-05,8.78995E-05,2.27282E-05
2482,0.000E+00,0.000E+00,0.000E+00,0.000E+00,0.000E+00,0.000E+00,4.64181E-05,8.50007E-05,2.16732E-05
2483,0.000E+00,0.000E+00,0.000E+00,0.000E+00,0.000E+00,0.000E+00,4.46782E-05,8.21018E-05,2.06182E-05
2484,0.000E+00,0.000E+00,0.000E+00,0.000E+00,0.000E+00,0.000E+00,4.29383E-05,7.9203E-05,1.95632E-05
2485,0.000E+00,0.000E+00,0.000E+00,0.000E+00,0.000E+00,0.000E+00,4.11983E-05,7.63041E-05,1.85082E-05
2486,0.000E+00,0.000E+00,0.000E+00,0.000E+00,0.000E+00,0.000E+00,3.94584E-05,7.34053E-05,1.74532E-05
2487,0.000E+00,0.000E+00,0.000E+00,0.000E+00,0.000E+00,0.000E+00,3.77185E-05,7.05064E-05,1.63982E-05
2488,0.000E+00,0.000E+00,0.000E+00,0.000E+00,0.000E+00,0.000E+00,3.59786E-05,6.76076E-05,1.53432E-05
2489,0.000E+00,0.000E+00,0.000E+00,0.000E+00,0.000E+00,0.000E+00,3.42387E-05,6.47087E-05,1.42882E-05
2490,0.000E+00,0.000E+00,0.000E+00,0.000E+00,0.000E+00,0.000E+00,3.24988E-05,6.18099E-05,1.32332E-05
2491,0.000E+00,0.000E+00,0.000E+00,0.000E+00,0.000E+00,0.000E+00,3.07588E-05,5.8911E-05,1.21782E-05
2492,0.000E+00,0.000E+00,0.000E+00,0.000E+00,0.000E+00,0.000E+00,2.90189E-05,5.60122E-05,1.11232E-05
2493,0.000E+00,0.000E+00,0.000E+00,0.000E+00,0.000E+00,0.000E+00,2.7279E-05,5.31133E-05,1.00682E-05
2494,0.000E+00,0.000E+00,0.000E+00,0.000E+00,0.000E+00,0.000E+00,2.55391E-05,5.02144E-05,9.01319E-06
2495,0.000E+00,0.000E+00,0.000E+00,0.000E+00,0.000E+00,0.000E+00,2.37992E-05,4.73156E-05,7.95819E-06
2496,0.000E+00,0.000E+00,0.000E+00,0.000E+00,0.000E+00,0.000E+00,2.20592E-05,4.44167E-05,6.90318E-06
2497,0.000E+00,0.000E+00,0.000E+00,0.000E+00,0.000E+00,0.000E+00,2.03193E-05,4.15179E-05,5.84818E-06
2498,0.000E+00,0.000E+00,0.000E+00,0.000E+00,0.000E+00,0.000E+00,1.85794E-05,3.8619E-05,4.79318E-06
2499,0.000E+00,0.000E+00,0.000E+00,0.000E+00,0.000E+00,0.000E+00,1.68395E-05,3.57202E-05,3.73818E-06
2500,0.000E+00,0.000E+00,0.000E+00,0.000E+00,0.000E+00,0.000E+00,1.50996E-05,3.28213E-05,2.68317E-06
