SR_WL,S2A_SR_AV_B1,S2A_SR_AV_B2,S2A_SR_AV_B3,S2A_SR_AV_B4,S2A_SR_AV_B5,S2A_SR_AV_B6,S2A_SR_AV_B7,S2A_SR_AV_B8,S2A_SR_AV_B8A,S2A_SR_AV_B9,S2A_SR_AV_B10,S2A_SR_AV_B11,S2A_SR_AV_B12,,,,,,,,,,,,,,,,,,,,
300,0,0,0,0,0,0,0,0,0,0,0,0,0,,,,,,,,,,,,,,,,,,,,
301,0,0,0,0,0,0,0,0,0,0,0,0,0,,,,,,,,,,,,,,,,,,,,
302,0,0,0,0,0,0,0,0,0,0,0,0,0,,,,,,,,,,,,,,,,,,,,
303,0,0,0,0,0,0,0,0,0,0,0,0,0,,,,,,,,,,,,,,,,,,,,
304,0,0,0,0,0,0,0,0,0,0,0,0,0,,,,,,,,,,,,,,,,,,,,
305,0,0,0,0,0,0,0,0,0,0,0,0,0,,,,,,,,,,,,,,,,,,,,
306,0,0,0,0,0,0,0,0,0,0,0,0,0,,,,,,,,,,,,,,,,,,,,
307,0,0,0,0,0,0,0,0,0,0,0,0,0,,,,,,,,,,,,,,,,,,,,
308,0,0,0,0,0,0,0,0,0,0,0,0,0,,,,,,,,,,,,,,,,,,,,
309,0,0,0,0,0,0,0,0,0,0,0,0,0,,,,,,,,,,,,,,,,,,,,
310,0,0,0,0,0,0,0,0,0,0,0,0,0,,,,,,,,,,,,,,,,,,,,
311,0,0,0,0,0,0,0,0,0,0,0,0,0,,,,,,,,,,,,,,,,,,,,
312,0,0,0,0,0,0,0,0,0,0,0,0,0,,,,,,,,,,,,,,,,,,,,
313,0,0,0,0,0,0,0,0,0,0,0,0,0,,,,,,,,,,,,,,,,,,,,
314,0,0,0,0,0,0,0,0,0,0,0,0,0,,,,,,,,,,,,,,,,,,,,
315,0,0,0,0,0,0,0,0,0,0,0,0,0,,,,,,,,,,,,,,,,,,,,
316,0,0,0,0,0,0,0,0,0,0,0,0,0,,,,,,,,,,,,,,,,,,,,
317,0,0,0,0,0,0,0,0,0,0,0,0,0,,,,,,,,,,,,,,,,,,,,
318,0,0,0,0,0,0,0,0,0,0,0,0,0,,,,,,,,,,,,,,,,,,,,
319,0,0,0,0,0,0,0,0,0,0,0,0,0,,,,,,,,,,,,,,,,,,,,
320,0,0,0,0,0,0,0,0,0,0,0,0,0,,,,,,,,,,,,,,,,,,,,
321,0,0,0,0,0,0,0,0,0,0,0,0,0,,,,,,,,,,,,,,,,,,,,
322,0,0,0,0,0,0,0,0,0,0,0,0,0,,,,,,,,,,,,,,,,,,,,
323,0,0,0,0,0,0,0,0,0,0,0,0,0,,,,,,,,,,,,,,,,,,,,
324,0,0,0,0,0,0,0,0,0,0,0,0,0,,,,,,,,,,,,,,,,,,,,
325,0,0,0,0,0,0,0,0,0,0,0,0,0,,,,,,,,,,,,,,,,,,,,
326,0,0,0,0,0,0,0,0,0,0,0,0,0,,,,,,,,,,,,,,,,,,,,
327,0,0,0,0,0,0,0,0,0,0,0,0,0,,,,,,,,,,,,,,,,,,,,
328,0,0,0,0,0,0,0,0,0,0,0,0,0,,,,,,,,,,,,,,,,,,,,
329,0,0,0,0,0,0,0,0,0,0,0,0,0,,,,,,,,,,,,,,,,,,,,
330,0,0,0,0,0,0,0,0,0,0,0,0,0,,,,,,,,,,,,,,,,,,,,
331,0,0,0,0,0,0,0,0,0,0,0,0,0,,,,,,,,,,,,,,,,,,,,
332,0,0,0,0,0,0,0,0,0,0,0,0,0,,,,,,,,,,,,,,,,,,,,
333,0,0,0,0,0,0,0,0,0,0,0,0,0,,,,,,,,,,,,,,,,,,,,
334,0,0,0,0,0,0,0,0,0,0,0,0,0,,,,,,,,,,,,,,,,,,,,
335,0,0,0,0,0,0,0,0,0,0,0,0,0,,,,,,,,,,,,,,,,,,,,
336,0,0,0,0,0,0,0,0,0,0,0,0,0,,,,,,,,,,,,,,,,,,,,
337,0,0,0,0,0,0,0,0,0,0,0,0,0,,,,,,,,,,,,,,,,,,,,
338,0,0,0,0,0,0,0,0,0,0,0,0,0,,,,,,,,,,,,,,,,,,,,
339,0,0,0,0,0,0,0,0,0,0,0,0,0,,,,,,,,,,,,,,,,,,,,
340,0,0,0,0,0,0,0,0,0,0,0,0,0,,,,,,,,,,,,,,,,,,,,
341,0,0,0,0,0,0,0,0,0,0,0,0,0,,,,,,,,,,,,,,,,,,,,
342,0,0,0,0,0,0,0,0,0,0,0,0,0,,,,,,,,,,,,,,,,,,,,
343,0,0,0,0,0,0,0,0,0,0,0,0,0,,,,,,,,,,,,,,,,,,,,
344,0,0,0,0,0,0,0,0,0,0,0,0,0,,,,,,,,,,,,,,,,,,,,
345,0,0,0,0,0,0,0,0,0,0,0,0,0,,,,,,,,,,,,,,,,,,,,
346,0,0,0,0,0,0,0,0,0,0,0,0,0,,,,,,,,,,,,,,,,,,,,
347,0,0,0,0,0,0,0,0,0,0,0,0,0,,,,,,,,,,,,,,,,,,,,
348,0,0,0,0,0,0,0,0,0,0,0,0,0,,,,,,,,,,,,,,,,,,,,
349,0,0,0,0,0,0,0,0,0,0,0,0,0,,,,,,,,,,,,,,,,,,,,
350,0,0,0,0,0,0,0,0,0,0,0,0,0,,,,,,,,,,,,,,,,,,,,
351,0,0,0,0,0,0,0,0,0,0,0,0,0,,,,,,,,,,,,,,,,,,,,
352,0,0,0,0,0,0,0,0,0,0,0,0,0,,,,,,,,,,,,,,,,,,,,
353,0,0,0,0,0,0,0,0,0,0,0,0,0,,,,,,,,,,,,,,,,,,,,
354,0,0,0,0,0,0,0,0,0,0,0,0,0,,,,,,,,,,,,,,,,,,,,
355,0,0,0,0,0,0,0,0,0,0,0,0,0,,,,,,,,,,,,,,,,,,,,
356,0,0,0,0,0,0,0,0,0,0,0,0,0,,,,,,,,,,,,,,,,,,,,
357,0,0,0,0,0,0,0,0,0,0,0,0,0,,,,,,,,,,,,,,,,,,,,
358,0,0,0,0,0,0,0,0,0,0,0,0,0,,,,,,,,,,,,,,,,,,,,
359,0,0,0,0,0,0,0,0,0,0,0,0,0,,,,,,,,,,,,,,,,,,,,
360,0,0,0,0,0,0,0,0,0,0,0,0,0,,,,,,,,,,,,,,,,,,,,
361,0,0,0,0,0,0,0,0,0,0,0,0,0,,,,,,,,,,,,,,,,,,,,
362,0,0,0,0,0,0,0,0,0,0,0,0,0,,,,,,,,,,,,,,,,,,,,
363,0,0,0,0,0,0,0,0,0,0,0,0,0,,,,,,,,,,,,,,,,,,,,
364,0,0,0,0,0,0,0,0,0,0,0,0,0,,,,,,,,,,,,,,,,,,,,
365,0,0,0,0,0,0,0,0,0,0,0,0,0,,,,,,,,,,,,,,,,,,,,
366,0,0,0,0,0,0,0,0,0,0,0,0,0,,,,,,,,,,,,,,,,,,,,
367,0,0,0,0,0,0,0,0,0,0,0,0,0,,,,,,,,,,,,,,,,,,,,
368,0,0,0,0,0,0,0,0,0,0,0,0,0,,,,,,,,,,,,,,,,,,,,
369,0,0,0,0,0,0,0,0,0,0,0,0,0,,,,,,,,,,,,,,,,,,,,
370,0,0,0,0,0,0,0,0,0,0,0,0,0,,,,,,,,,,,,,,,,,,,,
371,0,0,0,0,0,0,0,0,0,0,0,0,0,,,,,,,,,,,,,,,,,,,,
372,0,0,0,0,0,0,0,0,0,0,0,0,0,,,,,,,,,,,,,,,,,,,,
373,0,0,0,0,0,0,0,0,0,0,0,0,0,,,,,,,,,,,,,,,,,,,,
374,0,0,0,0,0,0,0,0,0,0,0,0,0,,,,,,,,,,,,,,,,,,,,
375,0,0,0,0,0,0,0,0,0,0,0,0,0,,,,,,,,,,,,,,,,,,,,
376,0,0,0,0,0,0,0,0,0,0,0,0,0,,,,,,,,,,,,,,,,,,,,
377,0,0,0,0,0,0,0,0,0,0,0,0,0,,,,,,,,,,,,,,,,,,,,
378,0,0,0,0,0,0,0,0,0,0,0,0,0,,,,,,,,,,,,,,,,,,,,
379,0,0,0,0,0,0,0,0,0,0,0,0,0,,,,,,,,,,,,,,,,,,,,
380,0,0,0,0,0,0,0,0,0,0,0,0,0,,,,,,,,,,,,,,,,,,,,
381,0,0,0,0,0,0,0,0,0,0,0,0,0,,,,,,,,,,,,,,,,,,,,
382,0,0,0,0,0,0,0,0,0,0,0,0,0,,,,,,,,,,,,,,,,,,,,
383,0,0,0,0,0,0,0,0,0,0,0,0,0,,,,,,,,,,,,,,,,,,,,
384,0,0,0,0,0,0,0,0,0,0,0,0,0,,,,,,,,,,,,,,,,,,,,
385,0,0,0,0,0,0,0,0,0,0,0,0,0,,,,,,,,,,,,,,,,,,,,
386,0,0,0,0,0,0,0,0,0,0,0,0,0,,,,,,,,,,,,,,,,,,,,
387,0,0,0,0,0,0,0,0,0,0,0,0,0,,,,,,,,,,,,,,,,,,,,
388,0,0,0,0,0,0,0,0,0,0,0,0,0,,,,,,,,,,,,,,,,,,,,
389,0,0,0,0,0,0,0,0,0,0,0,0,0,,,,,,,,,,,,,,,,,,,,
390,0,0,0,0,0,0,0,0,0,0,0,0,0,,,,,,,,,,,,,,,,,,,,
391,0,0,0,0,0,0,0,0,0,0,0,0,0,,,,,,,,,,,,,,,,,,,,
392,0,0,0,0,0,0,0,0,0,0,0,0,0,,,,,,,,,,,,,,,,,,,,
393,0,0,0,0,0,0,0,0,0,0,0,0,0,,,,,,,,,,,,,,,,,,,,
394,0,0,0,0,0,0,0,0,0,0,0,0,0,,,,,,,,,,,,,,,,,,,,
395,0,0,0,0,0,0,0,0,0,0,0,0,0,,,,,,,,,,,,,,,,,,,,
396,0,0,0,0,0,0,0,0,0,0,0,0,0,,,,,,,,,,,,,,,,,,,,
397,0,0,0,0,0,0,0,0,0,0,0,0,0,,,,,,,,,,,,,,,,,,,,
398,0,0,0,0,0,0,0,0,0,0,0,0,0,,,,,,,,,,,,,,,,,,,,
399,0,0,0,0,0,0,0,0,0,0,0,0,0,,,,,,,,,,,,,,,,,,,,
400,0,0,0,0,0,0,0,0,0,0,0,0,0,,,,,,,,,,,,,,,,,,,,
401,0,0,0,0,0,0,0,0,0,0,0,0,0,,,,,,,,,,,,,,,,,,,,
402,0,0,0,0,0,0,0,0,0,0,0,0,0,,,,,,,,,,,,,,,,,,,,
403,0,0,0,0,0,0,0,0,0,0,0,0,0,,,,,,,,,,,,,,,,,,,,
404,0,0,0,0,0,0,0,0,0,0,0,0,0,,,,,,,,,,,,,,,,,,,,
405,0,0,0,0,0,0,0,0,0,0,0,0,0,,,,,,,,,,,,,,,,,,,,
406,0,0,0,0,0,0,0,0,0,0,0,0,0,,,,,,,,,,,,,,,,,,,,
407,0,0,0,0,0,0,0,0,0,0,0,0,0,,,,,,,,,,,,,,,,,,,,
408,0,0,0,0,0,0,0,0,0,0,0,0,0,,,,,,,,,,,,,,,,,,,,
409,0,0,0,0,0,0,0,0,0,0,0,0,0,,,,,,,,,,,,,,,,,,,,
410,0,0,0,0,0,0,0,0,0,0,0,0,0,,,,,,,,,,,,,,,,,,,,
411,0.00312055,0,0,0,0,0,0,0,0,0,0,0,0,,,,,,,,,,,,,,,,,,,,
412,0.006008096,0,0,0,0,0,0,0,0,0,0,0,0,,,,,,,,,,,,,,,,,,,,
413,0.004051446,0,0,0,0,0,0,0,0,0,0,0,0,,,,,,,,,,,,,,,,,,,,
414,0.005023967,0,0,0,0,0,0,0,0,0,0,0,0,,,,,,,,,,,,,,,,,,,,
415,0.004521365,0,0,0,0,0,0,0,0,0,0,0,0,,,,,,,,,,,,,,,,,,,,
416,0.006140832,0,0,0,0,0,0,0,0,0,0,0,0,,,,,,,,,,,,,,,,,,,,
417,0.003939581,0,0,0,0,0,0,0,0,0,0,0,0,,,,,,,,,,,,,,,,,,,,
418,0.004466866,0,0,0,0,0,0,0,0,0,0,0,0,,,,,,,,,,,,,,,,,,,,
419,0.002814767,0,0,0,0,0,0,0,0,0,0,0,0,,,,,,,,,,,,,,,,,,,,
420,0.002160572,0,0,0,0,0,0,0,0,0,0,0,0,,,,,,,,,,,,,,,,,,,,
421,0.000975267,0,0,0,0,0,0,0,0,0,0,0,0,,,,,,,,,,,,,,,,,,,,
422,0.001636602,0,0,0,0,0,0,0,0,0,0,0,0,,,,,,,,,,,,,,,,,,,,
423,0.001703367,0,0,0,0,0,0,0,0,0,0,0,0,,,,,,,,,,,,,,,,,,,,
424,0.002833957,0,0,0,0,0,0,0,0,0,0,0,0,,,,,,,,,,,,,,,,,,,,
425,0.002273421,0,0,0,0,0,0,0,0,0,0,0,0,,,,,,,,,,,,,,,,,,,,
426,0.001930828,0,0,0,0,0,0,0,0,0,0,0,0,,,,,,,,,,,,,,,,,,,,
427,0.002084928,0,0,0,0,0,0,0,0,0,0,0,0,,,,,,,,,,,,,,,,,,,,
428,0.003014169,0,0,0,0,0,0,0,0,0,0,0,0,,,,,,,,,,,,,,,,,,,,
429,0.008658016,0,0,0,0,0,0,0,0,0,0,0,0,,,,,,,,,,,,,,,,,,,,
430,0.03951244,0,0,0,0,0,0,0,0,0,0,0,0,,,,,,,,,,,,,,,,,,,,
431,0.152623487,0,0,0,0,0,0,0,0,0,0,0,0,,,,,,,,,,,,,,,,,,,,
432,0.389145644,0,0,0,0,0,0,0,0,0,0,0,0,,,,,,,,,,,,,,,,,,,,
433,0.647948989,0,0,0,0,0,0,0,0,0,0,0,0,,,,,,,,,,,,,,,,,,,,
434,0.777359802,0,0,0,0,0,0,0,0,0,0,0,0,,,,,,,,,,,,,,,,,,,,
435,0.813265559,0,0,0,0,0,0,0,0,0,0,0,0,,,,,,,,,,,,,,,,,,,,
436,0.832008988,0,0,0,0,0,0,0,0,0,0,0,0,,,,,,,,,,,,,,,,,,,,
437,0.850388413,0,0,0,0,0,0,0,0,0,0,0,0,,,,,,,,,,,,,,,,,,,,
438,0.860900978,0,0,0,0,0,0,0,0,0,0,0,0,,,,,,,,,,,,,,,,,,,,
439,0.875039463,0,0,0,0,0,0,0,0,0,0,0,0,,,,,,,,,,,,,,,,,,,,
440,0.896699524,0,0,0,0,0,0,0,0,0,0,0,0,,,,,,,,,,,,,,,,,,,,
441,0.907854569,0,0,0,0,0,0,0,0,0,0,0,0,,,,,,,,,,,,,,,,,,,,
442,0.91904813,0,0,0,0,0,0,0,0,0,0,0,0,,,,,,,,,,,,,,,,,,,,
443,0.947114736,0,0,0,0,0,0,0,0,0,0,0,0,,,,,,,,,,,,,,,,,,,,
444,0.990836723,0,0,0,0,0,0,0,0,0,0,0,0,,,,,,,,,,,,,,,,,,,,
445,1,0,0,0,0,0,0,0,0,0,0,0,0,,,,,,,,,,,,,,,,,,,,
446,0.975360921,0,0,0,0,0,0,0,0,0,0,0,0,,,,,,,,,,,,,,,,,,,,
447,0.948723445,0,0,0,0,0,0,0,0,0,0,0,0,,,,,,,,,,,,,,,,,,,,
448,0.919916796,0,0,0,0,0,0,0,0,0,0,0,0,,,,,,,,,,,,,,,,,,,,
449,0.884312499,0,0,0,0,0,0,0,0,0,0,0,0,,,,,,,,,,,,,,,,,,,,
450,0.852796273,0,0,0,0,0,0,0,0,0,0,0,0,,,,,,,,,,,,,,,,,,,,
451,0.793869579,0,0,0,0,0,0,0,0,0,0,0,0,,,,,,,,,,,,,,,,,,,,
452,0.605847483,0,0,0,0,0,0,0,0,0,0,0,0,,,,,,,,,,,,,,,,,,,,
453,0.317406204,0,0,0,0,0,0,0,0,0,0,0,0,,,,,,,,,,,,,,,,,,,,
454,0.116044227,0,0,0,0,0,0,0,0,0,0,0,0,,,,,,,,,,,,,,,,,,,,
455,0.03705172,0,0,0,0,0,0,0,0,0,0,0,0,,,,,,,,,,,,,,,,,,,,
456,0.011800393,0.04892536,0,0,0,0,0,0,0,0,0,0,0,,,,,,,,,,,,,,,,,,,,
457,0,0.09617449,0,0,0,0,0,0,0,0,0,0,0,,,,,,,,,,,,,,,,,,,,
458,0,0.202866865,0,0,0,0,0,0,0,0,0,0,0,,,,,,,,,,,,,,,,,,,,
459,0,0.395176975,0,0,0,0,0,0,0,0,0,0,0,,,,,,,,,,,,,,,,,,,,
460,0,0.602495835,0,0,0,0,0,0,0,0,0,0,0,,,,,,,,,,,,,,,,,,,,
461,0,0.743266685,0,0,0,0,0,0,0,0,0,0,0,,,,,,,,,,,,,,,,,,,,
462,0,0.78802135,0,0,0,0,0,0,0,0,0,0,0,,,,,,,,,,,,,,,,,,,,
463,0,0.791579035,0,0,0,0,0,0,0,0,0,0,0,,,,,,,,,,,,,,,,,,,,
464,0,0.795250935,0,0,0,0,0,0,0,0,0,0,0,,,,,,,,,,,,,,,,,,,,
465,0,0.80039774,0,0,0,0,0,0,0,0,0,0,0,,,,,,,,,,,,,,,,,,,,
466,0,0.812718555,0,0,0,0,0,0,0,0,0,0,0,,,,,,,,,,,,,,,,,,,,
467,0,0.833756455,0,0,0,0,0,0,0,0,0,0,0,,,,,,,,,,,,,,,,,,,,
468,0,0.860164975,0,0,0,0,0,0,0,0,0,0,0,,,,,,,,,,,,,,,,,,,,
469,0,0.891115065,0,0,0,0,0,0,0,0,0,0,0,,,,,,,,,,,,,,,,,,,,
470,0,0.91442637,0,0,0,0,0,0,0,0,0,0,0,,,,,,,,,,,,,,,,,,,,
471,0,0.92502755,0,0,0,0,0,0,0,0,0,0,0,,,,,,,,,,,,,,,,,,,,
472,0,0.92307358,0,0,0,0,0,0,0,0,0,0,0,,,,,,,,,,,,,,,,,,,,
473,0,0.91465272,0,0,0,0,0,0,0,0,0,0,0,,,,,,,,,,,,,,,,,,,,
474,0,0.90293545,0,0,0,0,0,0,0,0,0,0,0,,,,,,,,,,,,,,,,,,,,
475,0,0.89367604,0,0,0,0,0,0,0,0,0,0,0,,,,,,,,,,,,,,,,,,,,
476,0,0.89249577,0,0,0,0,0,0,0,0,0,0,0,,,,,,,,,,,,,,,,,,,,
477,0,0.89230191,0,0,0,0,0,0,0,0,0,0,0,,,,,,,,,,,,,,,,,,,,
478,0,0.9023895,0,0,0,0,0,0,0,0,0,0,0,,,,,,,,,,,,,,,,,,,,
479,0,0.915567395,0,0,0,0,0,0,0,0,0,0,0,,,,,,,,,,,,,,,,,,,,
480,0,0.92538555,0,0,0,0,0,0,0,0,0,0,0,,,,,,,,,,,,,,,,,,,,
481,0,0.92345248,0,0,0,0,0,0,0,0,0,0,0,,,,,,,,,,,,,,,,,,,,
482,0,0.92058763,0,0,0,0,0,0,0,0,0,0,0,,,,,,,,,,,,,,,,,,,,
483,0,0.904252505,0,0,0,0,0,0,0,0,0,0,0,,,,,,,,,,,,,,,,,,,,
484,0,0.878961465,0,0,0,0,0,0,0,0,0,0,0,,,,,,,,,,,,,,,,,,,,
485,0,0.85193791,0,0,0,0,0,0,0,0,0,0,0,,,,,,,,,,,,,,,,,,,,
486,0,0.828625505,0,0,0,0,0,0,0,0,0,0,0,,,,,,,,,,,,,,,,,,,,
487,0,0.81215222,0,0,0,0,0,0,0,0,0,0,0,,,,,,,,,,,,,,,,,,,,
488,0,0.814774905,0,0,0,0,0,0,0,0,0,0,0,,,,,,,,,,,,,,,,,,,,
489,0,0.82495889,0,0,0,0,0,0,0,0,0,0,0,,,,,,,,,,,,,,,,,,,,
490,0,0.84501913,0,0,0,0,0,0,0,0,0,0,0,,,,,,,,,,,,,,,,,,,,
491,0,0.865288605,0,0,0,0,0,0,0,0,0,0,0,,,,,,,,,,,,,,,,,,,,
492,0,0.895954495,0,0,0,0,0,0,0,0,0,0,0,,,,,,,,,,,,,,,,,,,,
493,0,0.92827594,0,0,0,0,0,0,0,0,0,0,0,,,,,,,,,,,,,,,,,,,,
494,0,0.96065066,0,0,0,0,0,0,0,0,0,0,0,,,,,,,,,,,,,,,,,,,,
495,0,0.97498567,0,0,0,0,0,0,0,0,0,0,0,,,,,,,,,,,,,,,,,,,,
496,0,0.982866555,0,0,0,0,0,0,0,0,0,0,0,,,,,,,,,,,,,,,,,,,,
497,0,0.98229289,0,0,0,0,0,0,0,0,0,0,0,,,,,,,,,,,,,,,,,,,,
498,0,0.974915025,0,0,0,0,0,0,0,0,0,0,0,,,,,,,,,,,,,,,,,,,,
499,0,0.96889738,0,0,0,0,0,0,0,0,0,0,0,,,,,,,,,,,,,,,,,,,,
500,0,0.966066805,0,0,0,0,0,0,0,0,0,0,0,,,,,,,,,,,,,,,,,,,,
501,0,0.961958535,0,0,0,0,0,0,0,0,0,0,0,,,,,,,,,,,,,,,,,,,,
502,0,0.95988758,0,0,0,0,0,0,0,0,0,0,0,,,,,,,,,,,,,,,,,,,,
503,0,0.959493745,0,0,0,0,0,0,0,0,0,0,0,,,,,,,,,,,,,,,,,,,,
504,0,0.95753758,0,0,0,0,0,0,0,0,0,0,0,,,,,,,,,,,,,,,,,,,,
505,0,0.95084859,0,0,0,0,0,0,0,0,0,0,0,,,,,,,,,,,,,,,,,,,,
506,0,0.94184624,0,0,0,0,0,0,0,0,0,0,0,,,,,,,,,,,,,,,,,,,,
507,0,0.93047717,0,0,0,0,0,0,0,0,0,0,0,,,,,,,,,,,,,,,,,,,,
508,0,0.91345308,0,0,0,0,0,0,0,0,0,0,0,,,,,,,,,,,,,,,,,,,,
509,0,0.89576845,0,0,0,0,0,0,0,0,0,0,0,,,,,,,,,,,,,,,,,,,,
510,0,0.88156375,0,0,0,0,0,0,0,0,0,0,0,,,,,,,,,,,,,,,,,,,,
511,0,0.871401775,0,0,0,0,0,0,0,0,0,0,0,,,,,,,,,,,,,,,,,,,,
512,0,0.866688605,0,0,0,0,0,0,0,0,0,0,0,,,,,,,,,,,,,,,,,,,,
513,0,0.869817025,0,0,0,0,0,0,0,0,0,0,0,,,,,,,,,,,,,,,,,,,,
514,0,0.87940597,0,0,0,0,0,0,0,0,0,0,0,,,,,,,,,,,,,,,,,,,,
515,0,0.896316405,0,0,0,0,0,0,0,0,0,0,0,,,,,,,,,,,,,,,,,,,,
516,0,0.920714895,0,0,0,0,0,0,0,0,0,0,0,,,,,,,,,,,,,,,,,,,,
517,0,0.95131604,0,0,0,0,0,0,0,0,0,0,0,,,,,,,,,,,,,,,,,,,,
518,0,0.97862771,0,0,0,0,0,0,0,0,0,0,0,,,,,,,,,,,,,,,,,,,,
519,0,0.99265829,0,0,0,0,0,0,0,0,0,0,0,,,,,,,,,,,,,,,,,,,,
520,0,0.99072357,0,0,0,0,0,0,0,0,0,0,0,,,,,,,,,,,,,,,,,,,,
521,0,0.97115256,0,0,0,0,0,0,0,0,0,0,0,,,,,,,,,,,,,,,,,,,,
522,0,0.90211199,0,0,0,0,0,0,0,0,0,0,0,,,,,,,,,,,,,,,,,,,,
523,0,0.73792237,0,0,0,0,0,0,0,0,0,0,0,,,,,,,,,,,,,,,,,,,,
524,0,0.512281155,0,0,0,0,0,0,0,0,0,0,0,,,,,,,,,,,,,,,,,,,,
525,0,0.31864795,0,0,0,0,0,0,0,0,0,0,0,,,,,,,,,,,,,,,,,,,,
526,0,0.18748401,0,0,0,0,0,0,0,0,0,0,0,,,,,,,,,,,,,,,,,,,,
527,0,0.112354795,0,0,0,0,0,0,0,0,0,0,0,,,,,,,,,,,,,,,,,,,,
528,0,0.07050448,0,0,0,0,0,0,0,0,0,0,0,,,,,,,,,,,,,,,,,,,,
529,0,0.0465095,0,0,0,0,0,0,0,0,0,0,0,,,,,,,,,,,,,,,,,,,,
530,0,0.029375725,0,0,0,0,0,0,0,0,0,0,0,,,,,,,,,,,,,,,,,,,,
531,0,0.014720885,0,0,0,0,0,0,0,0,0,0,0,,,,,,,,,,,,,,,,,,,,
532,0,0.003568815,0,0,0,0,0,0,0,0,0,0,0,,,,,,,,,,,,,,,,,,,,
533,0,0.00040911,0,0,0,0,0,0,0,0,0,0,0,,,,,,,,,,,,,,,,,,,,
534,0,0,0,0,0,0,0,0,0,0,0,0,0,,,,,,,,,,,,,,,,,,,,
535,0,0,0,0,0,0,0,0,0,0,0,0,0,,,,,,,,,,,,,,,,,,,,
536,0,0,0.000940195,0,0,0,0,0,0,0,0,0,0,,,,,,,,,,,,,,,,,,,,
537,0,0,0.007729515,0,0,0,0,0,0,0,0,0,0,,,,,,,,,,,,,,,,,,,,
538,0,0,0.025542975,0,0,0,0,0,0,0,0,0,0,,,,,,,,,,,,,,,,,,,,
539,0,0,0.05761417,0,0,0,0,0,0,0,0,0,0,,,,,,,,,,,,,,,,,,,,
540,0,0,0.12132111,0,0,0,0,0,0,0,0,0,0,,,,,,,,,,,,,,,,,,,,
541,0,0,0.243615585,0,0,0,0,0,0,0,0,0,0,,,,,,,,,,,,,,,,,,,,
542,0,0,0.451421095,0,0,0,0,0,0,0,0,0,0,,,,,,,,,,,,,,,,,,,,
543,0,0,0.681193455,0,0,0,0,0,0,0,0,0,0,,,,,,,,,,,,,,,,,,,,
544,0,0,0.83082253,0,0,0,0,0,0,0,0,0,0,,,,,,,,,,,,,,,,,,,,
545,0,0,0.89681295,0,0,0,0,0,0,0,0,0,0,,,,,,,,,,,,,,,,,,,,
546,0,0,0.923355145,0,0,0,0,0,0,0,0,0,0,,,,,,,,,,,,,,,,,,,,
547,0,0,0.93261406,0,0,0,0,0,0,0,0,0,0,,,,,,,,,,,,,,,,,,,,
548,0,0,0.927092595,0,0,0,0,0,0,0,0,0,0,,,,,,,,,,,,,,,,,,,,
549,0,0,0.91189813,0,0,0,0,0,0,0,0,0,0,,,,,,,,,,,,,,,,,,,,
550,0,0,0.8944848,0,0,0,0,0,0,0,0,0,0,,,,,,,,,,,,,,,,,,,,
551,0,0,0.88241177,0,0,0,0,0,0,0,0,0,0,,,,,,,,,,,,,,,,,,,,
552,0,0,0.876326625,0,0,0,0,0,0,0,0,0,0,,,,,,,,,,,,,,,,,,,,
553,0,0,0.879605375,0,0,0,0,0,0,0,0,0,0,,,,,,,,,,,,,,,,,,,,
554,0,0,0.89262373,0,0,0,0,0,0,0,0,0,0,,,,,,,,,,,,,,,,,,,,
555,0,0,0.91209667,0,0,0,0,0,0,0,0,0,0,,,,,,,,,,,,,,,,,,,,
556,0,0,0.93512729,0,0,0,0,0,0,0,0,0,0,,,,,,,,,,,,,,,,,,,,
557,0,0,0.96150823,0,0,0,0,0,0,0,0,0,0,,,,,,,,,,,,,,,,,,,,
558,0,0,0.98008987,0,0,0,0,0,0,0,0,0,0,,,,,,,,,,,,,,,,,,,,
559,0,0,0.98982702,0,0,0,0,0,0,0,0,0,0,,,,,,,,,,,,,,,,,,,,
560,0,0,0.989006625,0,0,0,0,0,0,0,0,0,0,,,,,,,,,,,,,,,,,,,,
561,0,0,0.97580627,0,0,0,0,0,0,0,0,0,0,,,,,,,,,,,,,,,,,,,,
562,0,0,0.95369901,0,0,0,0,0,0,0,0,0,0,,,,,,,,,,,,,,,,,,,,
563,0,0,0.9194061,0,0,0,0,0,0,0,0,0,0,,,,,,,,,,,,,,,,,,,,
564,0,0,0.883797865,0,0,0,0,0,0,0,0,0,0,,,,,,,,,,,,,,,,,,,,
565,0,0,0.852036615,0,0,0,0,0,0,0,0,0,0,,,,,,,,,,,,,,,,,,,,
566,0,0,0.828750175,0,0,0,0,0,0,0,0,0,0,,,,,,,,,,,,,,,,,,,,
567,0,0,0.810341285,0,0,0,0,0,0,0,0,0,0,,,,,,,,,,,,,,,,,,,,
568,0,0,0.796892615,0,0,0,0,0,0,0,0,0,0,,,,,,,,,,,,,,,,,,,,
569,0,0,0.791347945,0,0,0,0,0,0,0,0,0,0,,,,,,,,,,,,,,,,,,,,
570,0,0,0.79843025,0,0,0,0,0,0,0,0,0,0,,,,,,,,,,,,,,,,,,,,
571,0,0,0.812670975,0,0,0,0,0,0,0,0,0,0,,,,,,,,,,,,,,,,,,,,
572,0,0,0.827562775,0,0,0,0,0,0,0,0,0,0,,,,,,,,,,,,,,,,,,,,
573,0,0,0.833542125,0,0,0,0,0,0,0,0,0,0,,,,,,,,,,,,,,,,,,,,
574,0,0,0.832832135,0,0,0,0,0,0,0,0,0,0,,,,,,,,,,,,,,,,,,,,
575,0,0,0.8112397,0,0,0,0,0,0,0,0,0,0,,,,,,,,,,,,,,,,,,,,
576,0,0,0.72504736,0,0,0,0,0,0,0,0,0,0,,,,,,,,,,,,,,,,,,,,
577,0,0,0.54232635,0,0,0,0,0,0,0,0,0,0,,,,,,,,,,,,,,,,,,,,
578,0,0,0.325675655,0,0,0,0,0,0,0,0,0,0,,,,,,,,,,,,,,,,,,,,
579,0,0,0.171537815,0,0,0,0,0,0,0,0,0,0,,,,,,,,,,,,,,,,,,,,
580,0,0,0.083027205,0,0,0,0,0,0,0,0,0,0,,,,,,,,,,,,,,,,,,,,
581,0,0,0.036788095,0,0,0,0,0,0,0,0,0,0,,,,,,,,,,,,,,,,,,,,
582,0,0,0.01182299,0,0,0,0,0,0,0,0,0,0,,,,,,,,,,,,,,,,,,,,
583,0,0,0.00054294,0,0,0,0,0,0,0,0,0,0,,,,,,,,,,,,,,,,,,,,
584,0,0,0,0,0,0,0,0,0,0,0,0,0,,,,,,,,,,,,,,,,,,,,
585,0,0,0,0,0,0,0,0,0,0,0,0,0,,,,,,,,,,,,,,,,,,,,
586,0,0,0,0,0,0,0,0,0,0,0,0,0,,,,,,,,,,,,,,,,,,,,
587,0,0,0,0,0,0,0,0,0,0,0,0,0,,,,,,,,,,,,,,,,,,,,
588,0,0,0,0,0,0,0,0,0,0,0,0,0,,,,,,,,,,,,,,,,,,,,
589,0,0,0,0,0,0,0,0,0,0,0,0,0,,,,,,,,,,,,,,,,,,,,
590,0,0,0,0,0,0,0,0,0,0,0,0,0,,,,,,,,,,,,,,,,,,,,
591,0,0,0,0,0,0,0,0,0,0,0,0,0,,,,,,,,,,,,,,,,,,,,
592,0,0,0,0,0,0,0,0,0,0,0,0,0,,,,,,,,,,,,,,,,,,,,
593,0,0,0,0,0,0,0,0,0,0,0,0,0,,,,,,,,,,,,,,,,,,,,
594,0,0,0,0,0,0,0,0,0,0,0,0,0,,,,,,,,,,,,,,,,,,,,
595,0,0,0,0,0,0,0,0,0,0,0,0,0,,,,,,,,,,,,,,,,,,,,
596,0,0,0,0,0,0,0,0,0,0,0,0,0,,,,,,,,,,,,,,,,,,,,
597,0,0,0,0,0,0,0,0,0,0,0,0,0,,,,,,,,,,,,,,,,,,,,
598,0,0,0,0,0,0,0,0,0,0,0,0,0,,,,,,,,,,,,,,,,,,,,
599,0,0,0,0,0,0,0,0,0,0,0,0,0,,,,,,,,,,,,,,,,,,,,
600,0,0,0,0,0,0,0,0,0,0,0,0,0,,,,,,,,,,,,,,,,,,,,
601,0,0,0,0,0,0,0,0,0,0,0,0,0,,,,,,,,,,,,,,,,,,,,
602,0,0,0,0,0,0,0,0,0,0,0,0,0,,,,,,,,,,,,,,,,,,,,
603,0,0,0,0,0,0,0,0,0,0,0,0,0,,,,,,,,,,,,,,,,,,,,
604,0,0,0,0,0,0,0,0,0,0,0,0,0,,,,,,,,,,,,,,,,,,,,
605,0,0,0,0,0,0,0,0,0,0,0,0,0,,,,,,,,,,,,,,,,,,,,
606,0,0,0,0,0,0,0,0,0,0,0,0,0,,,,,,,,,,,,,,,,,,,,
607,0,0,0,0,0,0,0,0,0,0,0,0,0,,,,,,,,,,,,,,,,,,,,
608,0,0,0,0,0,0,0,0,0,0,0,0,0,,,,,,,,,,,,,,,,,,,,
609,0,0,0,0,0,0,0,0,0,0,0,0,0,,,,,,,,,,,,,,,,,,,,
610,0,0,0,0,0,0,0,0,0,0,0,0,0,,,,,,,,,,,,,,,,,,,,
611,0,0,0,0,0,0,0,0,0,0,0,0,0,,,,,,,,,,,,,,,,,,,,
612,0,0,0,0,0,0,0,0,0,0,0,0,0,,,,,,,,,,,,,,,,,,,,
613,0,0,0,0,0,0,0,0,0,0,0,0,0,,,,,,,,,,,,,,,,,,,,
614,0,0,0,0,0,0,0,0,0,0,0,0,0,,,,,,,,,,,,,,,,,,,,
615,0,0,0,0,0,0,0,0,0,0,0,0,0,,,,,,,,,,,,,,,,,,,,
616,0,0,0,0,0,0,0,0,0,0,0,0,0,,,,,,,,,,,,,,,,,,,,
617,0,0,0,0,0,0,0,0,0,0,0,0,0,,,,,,,,,,,,,,,,,,,,
618,0,0,0,0,0,0,0,0,0,0,0,0,0,,,,,,,,,,,,,,,,,,,,
619,0,0,0,0,0,0,0,0,0,0,0,0,0,,,,,,,,,,,,,,,,,,,,
620,0,0,0,0,0,0,0,0,0,0,0,0,0,,,,,,,,,,,,,,,,,,,,
621,0,0,0,0,0,0,0,0,0,0,0,0,0,,,,,,,,,,,,,,,,,,,,
622,0,0,0,0,0,0,0,0,0,0,0,0,0,,,,,,,,,,,,,,,,,,,,
623,0,0,0,0,0,0,0,0,0,0,0,0,0,,,,,,,,,,,,,,,,,,,,
624,0,0,0,0,0,0,0,0,0,0,0,0,0,,,,,,,,,,,,,,,,,,,,
625,0,0,0,0,0,0,0,0,0,0,0,0,0,,,,,,,,,,,,,,,,,,,,
626,0,0,0,0,0,0,0,0,0,0,0,0,0,,,,,,,,,,,,,,,,,,,,
627,0,0,0,0,0,0,0,0,0,0,0,0,0,,,,,,,,,,,,,,,,,,,,
628,0,0,0,0,0,0,0,0,0,0,0,0,0,,,,,,,,,,,,,,,,,,,,
629,0,0,0,0,0,0,0,0,0,0,0,0,0,,,,,,,,,,,,,,,,,,,,
630,0,0,0,0,0,0,0,0,0,0,0,0,0,,,,,,,,,,,,,,,,,,,,
631,0,0,0,0,0,0,0,0,0,0,0,0,0,,,,,,,,,,,,,,,,,,,,
632,0,0,0,0,0,0,0,0,0,0,0,0,0,,,,,,,,,,,,,,,,,,,,
633,0,0,0,0,0,0,0,0,0,0,0,0,0,,,,,,,,,,,,,,,,,,,,
634,0,0,0,0,0,0,0,0,0,0,0,0,0,,,,,,,,,,,,,,,,,,,,
635,0,0,0,0,0,0,0,0,0,0,0,0,0,,,,,,,,,,,,,,,,,,,,
636,0,0,0,0,0,0,0,0,0,0,0,0,0,,,,,,,,,,,,,,,,,,,,
637,0,0,0,0,0,0,0,0,0,0,0,0,0,,,,,,,,,,,,,,,,,,,,
638,0,0,0,0,0,0,0,0,0,0,0,0,0,,,,,,,,,,,,,,,,,,,,
639,0,0,0,0,0,0,0,0,0,0,0,0,0,,,,,,,,,,,,,,,,,,,,
640,0,0,0,0,0,0,0,0,0,0,0,0,0,,,,,,,,,,,,,,,,,,,,
641,0,0,0,0,0,0,0,0,0,0,0,0,0,,,,,,,,,,,,,,,,,,,,
642,0,0,0,0,0,0,0,0,0,0,0,0,0,,,,,,,,,,,,,,,,,,,,
643,0,0,0,0,0,0,0,0,0,0,0,0,0,,,,,,,,,,,,,,,,,,,,
644,0,0,0,0,0,0,0,0,0,0,0,0,0,,,,,,,,,,,,,,,,,,,,
645,0,0,0,0,0,0,0,0,0,0,0,0,0,,,,,,,,,,,,,,,,,,,,
646,0,0,0,0.003204395,0,0,0,0,0,0,0,0,0,,,,,,,,,,,,,,,,,,,,
647,0,0,0,0.026164005,0,0,0,0,0,0,0,0,0,,,,,,,,,,,,,,,,,,,,
648,0,0,0,0.117781525,0,0,0,0,0,0,0,0,0,,,,,,,,,,,,,,,,,,,,
649,0,0,0,0.36204508,0,0,0,0,0,0,0,0,0,,,,,,,,,,,,,,,,,,,,
650,0,0,0,0.67386395,0,0,0,0,0,0,0,0,0,,,,,,,,,,,,,,,,,,,,
651,0,0,0,0.87548923,0,0,0,0,0,0,0,0,0,,,,,,,,,,,,,,,,,,,,
652,0,0,0,0.94582064,0,0,0,0,0,0,0,0,0,,,,,,,,,,,,,,,,,,,,
653,0,0,0,0.95792718,0,0,0,0,0,0,0,0,0,,,,,,,,,,,,,,,,,,,,
654,0,0,0,0.958385835,0,0,0,0,0,0,0,0,0,,,,,,,,,,,,,,,,,,,,
655,0,0,0,0.951485735,0,0,0,0,0,0,0,0,0,,,,,,,,,,,,,,,,,,,,
656,0,0,0,0.94460147,0,0,0,0,0,0,0,0,0,,,,,,,,,,,,,,,,,,,,
657,0,0,0,0.93573549,0,0,0,0,0,0,0,0,0,,,,,,,,,,,,,,,,,,,,
658,0,0,0,0.918705645,0,0,0,0,0,0,0,0,0,,,,,,,,,,,,,,,,,,,,
659,0,0,0,0.88914176,0,0,0,0,0,0,0,0,0,,,,,,,,,,,,,,,,,,,,
660,0,0,0,0.859105325,0,0,0,0,0,0,0,0,0,,,,,,,,,,,,,,,,,,,,
661,0,0,0,0.840283845,0,0,0,0,0,0,0,0,0,,,,,,,,,,,,,,,,,,,,
662,0,0,0,0.83547493,0,0,0,0,0,0,0,0,0,,,,,,,,,,,,,,,,,,,,
663,0,0,0,0.844501165,0,0,0,0,0,0,0,0,0,,,,,,,,,,,,,,,,,,,,
664,0,0,0,0.86265125,0,0,0,0,0,0,0,0,0,,,,,,,,,,,,,,,,,,,,
665,0,0,0,0.883044125,0,0,0,0,0,0,0,0,0,,,,,,,,,,,,,,,,,,,,
666,0,0,0,0.90233756,0,0,0,0,0,0,0,0,0,,,,,,,,,,,,,,,,,,,,
667,0,0,0,0.921951955,0,0,0,0,0,0,0,0,0,,,,,,,,,,,,,,,,,,,,
668,0,0,0,0.93920064,0,0,0,0,0,0,0,0,0,,,,,,,,,,,,,,,,,,,,
669,0,0,0,0.955693835,0,0,0,0,0,0,0,0,0,,,,,,,,,,,,,,,,,,,,
670,0,0,0,0.9665463,0,0,0,0,0,0,0,0,0,,,,,,,,,,,,,,,,,,,,
671,0,0,0,0.97149701,0,0,0,0,0,0,0,0,0,,,,,,,,,,,,,,,,,,,,
672,0,0,0,0.96934486,0,0,0,0,0,0,0,0,0,,,,,,,,,,,,,,,,,,,,
673,0,0,0,0.962963845,0,0,0,0,0,0,0,0,0,,,,,,,,,,,,,,,,,,,,
674,0,0,0,0.95645204,0,0,0,0,0,0,0,0,0,,,,,,,,,,,,,,,,,,,,
675,0,0,0,0.9497757,0,0,0,0,0,0,0,0,0,,,,,,,,,,,,,,,,,,,,
676,0,0,0,0.938393725,0,0,0,0,0,0,0,0,0,,,,,,,,,,,,,,,,,,,,
677,0,0,0,0.9184247,0,0,0,0,0,0,0,0,0,,,,,,,,,,,,,,,,,,,,
678,0,0,0,0.8651513,0,0,0,0,0,0,0,0,0,,,,,,,,,,,,,,,,,,,,
679,0,0,0,0.72092695,0,0,0,0,0,0,0,0,0,,,,,,,,,,,,,,,,,,,,
680,0,0,0,0.48580661,0,0,0,0,0,0,0,0,0,,,,,,,,,,,,,,,,,,,,
681,0,0,0,0.25423237,0,0,0,0,0,0,0,0,0,,,,,,,,,,,,,,,,,,,,
682,0,0,0,0.094509165,0,0,0,0,0,0,0,0,0,,,,,,,,,,,,,,,,,,,,
683,0,0,0,0.028228885,0,0,0,0,0,0,0,0,0,,,,,,,,,,,,,,,,,,,,
684,0,0,0,0.00581312,0,0,0,0,0,0,0,0,0,,,,,,,,,,,,,,,,,,,,
685,0,0,0,0.00043574,0,0,0,0,0,0,0,0,0,,,,,,,,,,,,,,,,,,,,
686,0,0,0,0,0,0,0,0,0,0,0,0,0,,,,,,,,,,,,,,,,,,,,
687,0,0,0,0,0,0,0,0,0,0,0,0,0,,,,,,,,,,,,,,,,,,,,
688,0,0,0,0,0,0,0,0,0,0,0,0,0,,,,,,,,,,,,,,,,,,,,
689,0,0,0,0,0,0,0,0,0,0,0,0,0,,,,,,,,,,,,,,,,,,,,
690,0,0,0,0,0,0,0,0,0,0,0,0,0,,,,,,,,,,,,,,,,,,,,
691,0,0,0,0,0,0,0,0,0,0,0,0,0,,,,,,,,,,,,,,,,,,,,
692,0,0,0,0,0,0,0,0,0,0,0,0,0,,,,,,,,,,,,,,,,,,,,
693,0,0,0,0,0,0,0,0,0,0,0,0,0,,,,,,,,,,,,,,,,,,,,
694,0,0,0,0,0.005213095,0,0,0,0,0,0,0,0,,,,,,,,,,,,,,,,,,,,
695,0,0,0,0,0.04274806,0,0,0,0,0,0,0,0,,,,,,,,,,,,,,,,,,,,
696,0,0,0,0,0.169153115,0,0,0,0,0,0,0,0,,,,,,,,,,,,,,,,,,,,
697,0,0,0,0,0.47047238,0,0,0,0,0,0,0,0,,,,,,,,,,,,,,,,,,,,
698,0,0,0,0,0.816006175,0,0,0,0,0,0,0,0,,,,,,,,,,,,,,,,,,,,
699,0,0,0,0,0.969583425,0,0,0,0,0,0,0,0,,,,,,,,,,,,,,,,,,,,
700,0,0,0,0,0.99496975,0,0,0,0,0,0,0,0,,,,,,,,,,,,,,,,,,,,
701,0,0,0,0,1,0,0,0,0,0,0,0,0,,,,,,,,,,,,,,,,,,,,
702,0,0,0,0,0.994625665,0,0,0,0,0,0,0,0,,,,,,,,,,,,,,,,,,,,
703,0,0,0,0,0.985366225,0,0,0,0,0,0,0,0,,,,,,,,,,,,,,,,,,,,
704,0,0,0,0,0.973070655,0,0,0,0,0,0,0,0,,,,,,,,,,,,,,,,,,,,
705,0,0,0,0,0.95941684,0,0,0,0,0,0,0,0,,,,,,,,,,,,,,,,,,,,
706,0,0,0,0,0.942951435,0,0,0,0,0,0,0,0,,,,,,,,,,,,,,,,,,,,
707,0,0,0,0,0.92251576,0,0,0,0,0,0,0,0,,,,,,,,,,,,,,,,,,,,
708,0,0,0,0,0.90572931,0,0,0,0,0,0,0,0,,,,,,,,,,,,,,,,,,,,
709,0,0,0,0,0.880034485,0,0,0,0,0,0,0,0,,,,,,,,,,,,,,,,,,,,
710,0,0,0,0,0.778032015,0,0,0,0,0,0,0,0,,,,,,,,,,,,,,,,,,,,
711,0,0,0,0,0.545345515,0,0,0,0,0,0,0,0,,,,,,,,,,,,,,,,,,,,
712,0,0,0,0,0.221462605,0,0,0,0,0,0,0,0,,,,,,,,,,,,,,,,,,,,
713,0,0,0,0,0.04527451,0,0,0,0,0,0,0,0,,,,,,,,,,,,,,,,,,,,
714,0,0,0,0,0.004296795,0,0,0,0,0,0,0,0,,,,,,,,,,,,,,,,,,,,
715,0,0,0,0,0,0,0,0,0,0,0,0,0,,,,,,,,,,,,,,,,,,,,
716,0,0,0,0,0,0,0,0,0,0,0,0,0,,,,,,,,,,,,,,,,,,,,
717,0,0,0,0,0,0,0,0,0,0,0,0,0,,,,,,,,,,,,,,,,,,,,
718,0,0,0,0,0,0,0,0,0,0,0,0,0,,,,,,,,,,,,,,,,,,,,
719,0,0,0,0,0,0,0,0,0,0,0,0,0,,,,,,,,,,,,,,,,,,,,
720,0,0,0,0,0,0,0,0,0,0,0,0,0,,,,,,,,,,,,,,,,,,,,
721,0,0,0,0,0,0,0,0,0,0,0,0,0,,,,,,,,,,,,,,,,,,,,
722,0,0,0,0,0,0,0,0,0,0,0,0,0,,,,,,,,,,,,,,,,,,,,
723,0,0,0,0,0,0,0,0,0,0,0,0,0,,,,,,,,,,,,,,,,,,,,
724,0,0,0,0,0,0,0,0,0,0,0,0,0,,,,,,,,,,,,,,,,,,,,
725,0,0,0,0,0,0,0,0,0,0,0,0,0,,,,,,,,,,,,,,,,,,,,
726,0,0,0,0,0,0,0,0,0,0,0,0,0,,,,,,,,,,,,,,,,,,,,
727,0,0,0,0,0,0,0,0,0,0,0,0,0,,,,,,,,,,,,,,,,,,,,
728,0,0,0,0,0,0,0,0,0,0,0,0,0,,,,,,,,,,,,,,,,,,,,
729,0,0,0,0,0,0,0,0,0,0,0,0,0,,,,,,,,,,,,,,,,,,,,
730,0,0,0,0,0,0.00869872,0,0,0,0,0,0,0,,,,,,,,,,,,,,,,,,,,
731,0,0,0,0,0,0.05368417,0,0,0,0,0,0,0,,,,,,,,,,,,,,,,,,,,
732,0,0,0,0,0,0.220193185,0,0,0,0,0,0,0,,,,,,,,,,,,,,,,,,,,
733,0,0,0,0,0,0.51987436,0,0,0,0,0,0,0,,,,,,,,,,,,,,,,,,,,
734,0,0,0,0,0,0.77620238,0,0,0,0,0,0,0,,,,,,,,,,,,,,,,,,,,
735,0,0,0,0,0,0.90390754,0,0,0,0,0,0,0,,,,,,,,,,,,,,,,,,,,
736,0,0,0,0,0,0.912458405,0,0,0,0,0,0,0,,,,,,,,,,,,,,,,,,,,
737,0,0,0,0,0,0.923214545,0,0,0,0,0,0,0,,,,,,,,,,,,,,,,,,,,
738,0,0,0,0,0,0.94405943,0,0,0,0,0,0,0,,,,,,,,,,,,,,,,,,,,
739,0,0,0,0,0,0.964175455,0,0,0,0,0,0,0,,,,,,,,,,,,,,,,,,,,
740,0,0,0,0,0,0.97663968,0,0,0,0,0,0,0,,,,,,,,,,,,,,,,,,,,
741,0,0,0,0,0,0.98404943,0,0,0,0,0,0,0,,,,,,,,,,,,,,,,,,,,
742,0,0,0,0,0,0.99363433,0,0,0,0,0,0,0,,,,,,,,,,,,,,,,,,,,
743,0,0,0,0,0,1,0,0,0,0,0,0,0,,,,,,,,,,,,,,,,,,,,
744,0,0,0,0,0,0.980121975,0,0,0,0,0,0,0,,,,,,,,,,,,,,,,,,,,
745,0,0,0,0,0,0.895587095,0,0,0,0,0,0,0,,,,,,,,,,,,,,,,,,,,
746,0,0,0,0,0,0.68437375,0,0,0,0,0,0,0,,,,,,,,,,,,,,,,,,,,
747,0,0,0,0,0,0.35040871,0,0,0,0,0,0,0,,,,,,,,,,,,,,,,,,,,
748,0,0,0,0,0,0.107517315,0,0,0,0,0,0,0,,,,,,,,,,,,,,,,,,,,
749,0,0,0,0,0,0.01337845,0,0,0,0,0,0,0,,,,,,,,,,,,,,,,,,,,
750,0,0,0,0,0,0,0,0,0,0,0,0,0,,,,,,,,,,,,,,,,,,,,
751,0,0,0,0,0,0,0,0,0,0,0,0,0,,,,,,,,,,,,,,,,,,,,
752,0,0,0,0,0,0,0,0,0,0,0,0,0,,,,,,,,,,,,,,,,,,,,
753,0,0,0,0,0,0,0,0,0,0,0,0,0,,,,,,,,,,,,,,,,,,,,
754,0,0,0,0,0,0,0,0,0,0,0,0,0,,,,,,,,,,,,,,,,,,,,
755,0,0,0,0,0,0,0,0,0,0,0,0,0,,,,,,,,,,,,,,,,,,,,
756,0,0,0,0,0,0,0,0,0,0,0,0,0,,,,,,,,,,,,,,,,,,,,
757,0,0,0,0,0,0,0,0,0,0,0,0,0,,,,,,,,,,,,,,,,,,,,
758,0,0,0,0,0,0,0,0,0,0,0,0,0,,,,,,,,,,,,,,,,,,,,
759,0,0,0,0,0,0,0,0,0,0,0,0,0,,,,,,,,,,,,,,,,,,,,
760,0,0,0,0,0,0,0,0.000336295,0,0,0,0,0,,,,,,,,,,,,,,,,,,,,
761,0,0,0,0,0,0,0,0.00194428,0,0,0,0,0,,,,,,,,,,,,,,,,,,,,
762,0,0,0,0,0,0,0,0,0,0,0,0,0,,,,,,,,,,,,,,,,,,,,
763,0,0,0,0,0,0,0,0,0,0,0,0,0,,,,,,,,,,,,,,,,,,,,
764,0,0,0,0,0,0,0,0,0,0,0,0,0,,,,,,,,,,,,,,,,,,,,
765,0,0,0,0,0,0,0,0,0,0,0,0,0,,,,,,,,,,,,,,,,,,,,
766,0,0,0,0,0,0,0.00518645,0,0,0,0,0,0,,,,,,,,,,,,,,,,,,,,
767,0,0,0,0,0,0,0.018774605,0,0,0,0,0,0,,,,,,,,,,,,,,,,,,,,
768,0,0,0,0,0,0,0.056202045,0,0,0,0,0,0,,,,,,,,,,,,,,,,,,,,
769,0,0,0,0,0,0,0.12968002,0,0,0,0,0,0,,,,,,,,,,,,,,,,,,,,
770,0,0,0,0,0,0,0.246037655,0,0,0,0,0,0,,,,,,,,,,,,,,,,,,,,
771,0,0,0,0,0,0,0.391878345,0,0,0,0,0,0,,,,,,,,,,,,,,,,,,,,
772,0,0,0,0,0,0,0.5392767,0,0,0,0,0,0,,,,,,,,,,,,,,,,,,,,
773,0,0,0,0,0,0,0.67014142,0.00014478,0,0,0,0,0,,,,,,,,,,,,,,,,,,,,
774,0,0,0,0,0,0,0.80038325,0.0037014,0,0,0,0,0,,,,,,,,,,,,,,,,,,,,
775,0,0,0,0,0,0,0.908244435,0.01024421,0,0,0,0,0,,,,,,,,,,,,,,,,,,,,
776,0,0,0,0,0,0,0.967429985,0.02447213,0,0,0,0,0,,,,,,,,,,,,,,,,,,,,
777,0,0,0,0,0,0,0.98874295,0.0407364,0,0,0,0,0,,,,,,,,,,,,,,,,,,,,
778,0,0,0,0,0,0,0.999489605,0.066501635,0,0,0,0,0,,,,,,,,,,,,,,,,,,,,
779,0,0,0,0,0,0,0.998910785,0.106620485,0,0,0,0,0,,,,,,,,,,,,,,,,,,,,
780,0,0,0,0,0,0,0.980340835,0.17231165,0,0,0,0,0,,,,,,,,,,,,,,,,,,,,
781,0,0,0,0,0,0,0.94530926,0.279737395,0,0,0,0,0,,,,,,,,,,,,,,,,,,,,
782,0,0,0,0,0,0,0.906124485,0.429307275,0,0,0,0,0,,,,,,,,,,,,,,,,,,,,
783,0,0,0,0,0,0,0.872648845,0.60042817,0,0,0,0,0,,,,,,,,,,,,,,,,,,,,
784,0,0,0,0,0,0,0.8509793,0.74939636,0,0,0,0,0,,,,,,,,,,,,,,,,,,,,
785,0,0,0,0,0,0,0.83791144,0.85328024,0,0,0,0,0,,,,,,,,,,,,,,,,,,,,
786,0,0,0,0,0,0,0.83062323,0.914854705,0,0,0,0,0,,,,,,,,,,,,,,,,,,,,
787,0,0,0,0,0,0,0.82207943,0.94845344,0,0,0,0,0,,,,,,,,,,,,,,,,,,,,
788,0,0,0,0,0,0,0.79955876,0.968215405,0,0,0,0,0,,,,,,,,,,,,,,,,,,,,
789,0,0,0,0,0,0,0.743896755,0.981628835,0,0,0,0,0,,,,,,,,,,,,,,,,,,,,
790,0,0,0,0,0,0,0.63489402,0.98394395,0,0,0,0,0,,,,,,,,,,,,,,,,,,,,
791,0,0,0,0,0,0,0.4763994,0.977668065,0,0,0,0,0,,,,,,,,,,,,,,,,,,,,
792,0,0,0,0,0,0,0.32765913,0.969193575,0,0,0,0,0,,,,,,,,,,,,,,,,,,,,
793,0,0,0,0,0,0,0.213659055,0.968473215,0,0,0,0,0,,,,,,,,,,,,,,,,,,,,
794,0,0,0,0,0,0,0.11603121,0.97027232,0,0,0,0,0,,,,,,,,,,,,,,,,,,,,
795,0,0,0,0,0,0,0.04925141,0.9761945,0,0,0,0,0,,,,,,,,,,,,,,,,,,,,
796,0,0,0,0,0,0,0.013682755,0.97871619,0,0,0,0,0,,,,,,,,,,,,,,,,,,,,
797,0,0,0,0,0,0,0.002581175,0.98115358,0,0,0,0,0,,,,,,,,,,,,,,,,,,,,
798,0,0,0,0,0,0,0,0.97657192,0,0,0,0,0,,,,,,,,,,,,,,,,,,,,
799,0,0,0,0,0,0,0,0.97172482,0,0,0,0,0,,,,,,,,,,,,,,,,,,,,
800,0,0,0,0,0,0,0,0.9673305,0,0,0,0,0,,,,,,,,,,,,,,,,,,,,
801,0,0,0,0,0,0,0,0.961875765,0,0,0,0,0,,,,,,,,,,,,,,,,,,,,
802,0,0,0,0,0,0,0,0.959953435,0,0,0,0,0,,,,,,,,,,,,,,,,,,,,
803,0,0,0,0,0,0,0,0.962350945,0,0,0,0,0,,,,,,,,,,,,,,,,,,,,
804,0,0,0,0,0,0,0,0.96297249,0,0,0,0,0,,,,,,,,,,,,,,,,,,,,
805,0,0,0,0,0,0,0,0.963787095,0,0,0,0,0,,,,,,,,,,,,,,,,,,,,
806,0,0,0,0,0,0,0,0.95808698,0,0,0,0,0,,,,,,,,,,,,,,,,,,,,
807,0,0,0,0,0,0,0,0.94925382,0,0,0,0,0,,,,,,,,,,,,,,,,,,,,
808,0,0,0,0,0,0,0,0.93575299,0,0,0,0,0,,,,,,,,,,,,,,,,,,,,
809,0,0,0,0,0,0,0,0.92069822,0,0,0,0,0,,,,,,,,,,,,,,,,,,,,
810,0,0,0,0,0,0,0,0.90371433,0,0,0,0,0,,,,,,,,,,,,,,,,,,,,
811,0,0,0,0,0,0,0,0.88641238,0,0,0,0,0,,,,,,,,,,,,,,,,,,,,
812,0,0,0,0,0,0,0,0.869436575,0,0,0,0,0,,,,,,,,,,,,,,,,,,,,
813,0,0,0,0,0,0,0,0.854307695,0,0,0,0,0,,,,,,,,,,,,,,,,,,,,
814,0,0,0,0,0,0,0,0.841045145,0,0,0,0,0,,,,,,,,,,,,,,,,,,,,
815,0,0,0,0,0,0,0,0.82690589,0,0,0,0,0,,,,,,,,,,,,,,,,,,,,
816,0,0,0,0,0,0,0,0.807727195,0,0,0,0,0,,,,,,,,,,,,,,,,,,,,
817,0,0,0,0,0,0,0,0.79158939,0,0,0,0,0,,,,,,,,,,,,,,,,,,,,
818,0,0,0,0,0,0,0,0.774826935,0,0,0,0,0,,,,,,,,,,,,,,,,,,,,
819,0,0,0,0,0,0,0,0.75877618,0,0,0,0,0,,,,,,,,,,,,,,,,,,,,
820,0,0,0,0,0,0,0,0.745948465,0,0,0,0,0,,,,,,,,,,,,,,,,,,,,
821,0,0,0,0,0,0,0,0.733115985,0,0,0,0,0,,,,,,,,,,,,,,,,,,,,
822,0,0,0,0,0,0,0,0.72527808,0,0,0,0,0,,,,,,,,,,,,,,,,,,,,
823,0,0,0,0,0,0,0,0.718639815,0,0,0,0,0,,,,,,,,,,,,,,,,,,,,
824,0,0,0,0,0,0,0,0.72245287,0,0,0,0,0,,,,,,,,,,,,,,,,,,,,
825,0,0,0,0,0,0,0,0.72655035,0,0,0,0,0,,,,,,,,,,,,,,,,,,,,
826,0,0,0,0,0,0,0,0.731247615,0,0,0,0,0,,,,,,,,,,,,,,,,,,,,
827,0,0,0,0,0,0,0,0.736838175,0,0,0,0,0,,,,,,,,,,,,,,,,,,,,
828,0,0,0,0,0,0,0,0.739635125,0,0,0,0,0,,,,,,,,,,,,,,,,,,,,
829,0,0,0,0,0,0,0,0.74140972,0,0,0,0,0,,,,,,,,,,,,,,,,,,,,
830,0,0,0,0,0,0,0,0.74562633,0,0,0,0,0,,,,,,,,,,,,,,,,,,,,
831,0,0,0,0,0,0,0,0.74325666,0,0,0,0,0,,,,,,,,,,,,,,,,,,,,
832,0,0,0,0,0,0,0,0.74166877,0,0,0,0,0,,,,,,,,,,,,,,,,,,,,
833,0,0,0,0,0,0,0,0.74219371,0,0,0,0,0,,,,,,,,,,,,,,,,,,,,
834,0,0,0,0,0,0,0,0.744543825,0,0,0,0,0,,,,,,,,,,,,,,,,,,,,
835,0,0,0,0,0,0,0,0.74943201,0,0,0,0,0,,,,,,,,,,,,,,,,,,,,
836,0,0,0,0,0,0,0,0.75628603,0,0,0,0,0,,,,,,,,,,,,,,,,,,,,
837,0,0,0,0,0,0,0,0.76486665,0.000150485,0,0,0,0,,,,,,,,,,,,,,,,,,,,
838,0,0,0,0,0,0,0,0.774596755,0,0,0,0,0,,,,,,,,,,,,,,,,,,,,
839,0,0,0,0,0,0,0,0.781463725,0,0,0,0,0,,,,,,,,,,,,,,,,,,,,
840,0,0,0,0,0,0,0,0.7864913,0,0,0,0,0,,,,,,,,,,,,,,,,,,,,
841,0,0,0,0,0,0,0,0.7858537,0,0,0,0,0,,,,,,,,,,,,,,,,,,,,
842,0,0,0,0,0,0,0,0.7835344,0,0,0,0,0,,,,,,,,,,,,,,,,,,,,
843,0,0,0,0,0,0,0,0.77699052,0,0,0,0,0,,,,,,,,,,,,,,,,,,,,
844,0,0,0,0,0,0,0,0.76892609,0,0,0,0,0,,,,,,,,,,,,,,,,,,,,
845,0,0,0,0,0,0,0,0.760208015,0,0,0,0,0,,,,,,,,,,,,,,,,,,,,
846,0,0,0,0,0,0,0,0.748401545,0,0,0,0,0,,,,,,,,,,,,,,,,,,,,
847,0,0,0,0,0,0,0,0.737719895,0.000786085,0,0,0,0,,,,,,,,,,,,,,,,,,,,
848,0,0,0,0,0,0,0,0.723997305,0.002087045,0,0,0,0,,,,,,,,,,,,,,,,,,,,
849,0,0,0,0,0,0,0,0.71151429,0.01467134,0,0,0,0,,,,,,,,,,,,,,,,,,,,
850,0,0,0,0,0,0,0,0.697131525,0.029203665,0,0,0,0,,,,,,,,,,,,,,,,,,,,
851,0,0,0,0,0,0,0,0.67972493,0.063028735,0,0,0,0,,,,,,,,,,,,,,,,,,,,
852,0,0,0,0,0,0,0,0.66292243,0.138360695,0,0,0,0,,,,,,,,,,,,,,,,,,,,
853,0,0,0,0,0,0,0,0.645789405,0.283518985,0,0,0,0,,,,,,,,,,,,,,,,,,,,
854,0,0,0,0,0,0,0,0.629889825,0.483224985,0,0,0,0,,,,,,,,,,,,,,,,,,,,
855,0,0,0,0,0,0,0,0.61595268,0.70299315,0,0,0,0,,,,,,,,,,,,,,,,,,,,
856,0,0,0,0,0,0,0,0.604724555,0.877040355,0,0,0,0,,,,,,,,,,,,,,,,,,,,
857,0,0,0,0,0,0,0,0.59482122,0.956636275,0,0,0,0,,,,,,,,,,,,,,,,,,,,
858,0,0,0,0,0,0,0,0.587167855,0.979762085,0,0,0,0,,,,,,,,,,,,,,,,,,,,
859,0,0,0,0,0,0,0,0.581123935,0.98501354,0,0,0,0,,,,,,,,,,,,,,,,,,,,
860,0,0,0,0,0,0,0,0.576240525,0.987252315,0,0,0,0,,,,,,,,,,,,,,,,,,,,
861,0,0,0,0,0,0,0,0.57045572,0.986609285,0,0,0,0,,,,,,,,,,,,,,,,,,,,
862,0,0,0,0,0,0,0,0.56357778,0.98803914,0,0,0,0,,,,,,,,,,,,,,,,,,,,
863,0,0,0,0,0,0,0,0.56126519,0.98736106,0,0,0,0,,,,,,,,,,,,,,,,,,,,
864,0,0,0,0,0,0,0,0.55615543,0.987235315,0,0,0,0,,,,,,,,,,,,,,,,,,,,
865,0,0,0,0,0,0,0,0.55327338,0.9867554,0,0,0,0,,,,,,,,,,,,,,,,,,,,
866,0,0,0,0,0,0,0,0.55039401,0.98822524,0,0,0,0,,,,,,,,,,,,,,,,,,,,
867,0,0,0,0,0,0,0,0.550918665,0.986910955,0,0,0,0,,,,,,,,,,,,,,,,,,,,
868,0,0,0,0,0,0,0,0.550697875,0.985347,0,0,0,0,,,,,,,,,,,,,,,,,,,,
869,0,0,0,0,0,0,0,0.551644585,0.98020654,0,0,0,0,,,,,,,,,,,,,,,,,,,,
870,0,0,0,0,0,0,0,0.554146295,0.97575715,0,0,0,0,,,,,,,,,,,,,,,,,,,,
871,0,0,0,0,0,0,0,0.55560499,0.96970776,0,0,0,0,,,,,,,,,,,,,,,,,,,,
872,0,0,0,0,0,0,0,0.55635254,0.94398207,0,0,0,0,,,,,,,,,,,,,,,,,,,,
873,0,0,0,0,0,0,0,0.556568885,0.84980237,0,0,0,0,,,,,,,,,,,,,,,,,,,,
874,0,0,0,0,0,0,0,0.55530711,0.66828272,0,0,0,0,,,,,,,,,,,,,,,,,,,,
875,0,0,0,0,0,0,0,0.55319253,0.432773915,0,0,0,0,,,,,,,,,,,,,,,,,,,,
876,0,0,0,0,0,0,0,0.54964144,0.2170734,0,0,0,0,,,,,,,,,,,,,,,,,,,,
877,0,0,0,0,0,0,0,0.54584992,0.09545659,0,0,0,0,,,,,,,,,,,,,,,,,,,,
878,0,0,0,0,0,0,0,0.544487745,0.04041422,0,0,0,0,,,,,,,,,,,,,,,,,,,,
879,0,0,0,0,0,0,0,0.542934085,0.01936491,0,0,0,0,,,,,,,,,,,,,,,,,,,,
880,0,0,0,0,0,0,0,0.543718835,0.00610628,0,0,0,0,,,,,,,,,,,,,,,,,,,,
881,0,0,0,0,0,0,0,0.545331725,0.000540745,0,0,0,0,,,,,,,,,,,,,,,,,,,,
882,0,0,0,0,0,0,0,0.547964785,0,0,0,0,0,,,,,,,,,,,,,,,,,,,,
883,0,0,0,0,0,0,0,0.54931047,0,0,0,0,0,,,,,,,,,,,,,,,,,,,,
884,0,0,0,0,0,0,0,0.54711631,0,0,0,0,0,,,,,,,,,,,,,,,,,,,,
885,0,0,0,0,0,0,0,0.53931192,0,0,0,0,0,,,,,,,,,,,,,,,,,,,,
886,0,0,0,0,0,0,0,0.52606717,0,0,0,0,0,,,,,,,,,,,,,,,,,,,,
887,0,0,0,0,0,0,0,0.50581603,0,0,0,0,0,,,,,,,,,,,,,,,,,,,,
888,0,0,0,0,0,0,0,0.48231262,0,0,0,0,0,,,,,,,,,,,,,,,,,,,,
889,0,0,0,0,0,0,0,0.45953311,0,0,0,0,0,,,,,,,,,,,,,,,,,,,,
890,0,0,0,0,0,0,0,0.441336635,0,0,0,0,0,,,,,,,,,,,,,,,,,,,,
891,0,0,0,0,0,0,0,0.427496705,0,0,0,0,0,,,,,,,,,,,,,,,,,,,,
892,0,0,0,0,0,0,0,0.421080975,0,0,0,0,0,,,,,,,,,,,,,,,,,,,,
893,0,0,0,0,0,0,0,0.42256349,0,0,0,0,0,,,,,,,,,,,,,,,,,,,,
894,0,0,0,0,0,0,0,0.427312265,0,0,0,0,0,,,,,,,,,,,,,,,,,,,,
895,0,0,0,0,0,0,0,0.43000315,0,0,0,0,0,,,,,,,,,,,,,,,,,,,,
896,0,0,0,0,0,0,0,0.42377589,0,0,0,0,0,,,,,,,,,,,,,,,,,,,,
897,0,0,0,0,0,0,0,0.39679731,0,0,0,0,0,,,,,,,,,,,,,,,,,,,,
898,0,0,0,0,0,0,0,0.3465131,0,0,0,0,0,,,,,,,,,,,,,,,,,,,,
899,0,0,0,0,0,0,0,0.28256646,0,0,0,0,0,,,,,,,,,,,,,,,,,,,,
900,0,0,0,0,0,0,0,0.21577554,0,0,0,0,0,,,,,,,,,,,,,,,,,,,,
901,0,0,0,0,0,0,0,0.152184625,0,0,0,0,0,,,,,,,,,,,,,,,,,,,,
902,0,0,0,0,0,0,0,0.100023635,0,0,0,0,0,,,,,,,,,,,,,,,,,,,,
903,0,0,0,0,0,0,0,0.06327844,0,0,0,0,0,,,,,,,,,,,,,,,,,,,,
904,0,0,0,0,0,0,0,0.040398745,0,0,0,0,0,,,,,,,,,,,,,,,,,,,,
905,0,0,0,0,0,0,0,0.025101915,0,0,0,0,0,,,,,,,,,,,,,,,,,,,,
906,0,0,0,0,0,0,0,0.015324855,0,0,0,0,0,,,,,,,,,,,,,,,,,,,,
907,0,0,0,0,0,0,0,0.00505094,0,0,0,0,0,,,,,,,,,,,,,,,,,,,,
908,0,0,0,0,0,0,0,0,0,0,0,0,0,,,,,,,,,,,,,,,,,,,,
909,0,0,0,0,0,0,0,0,0,0,0,0,0,,,,,,,,,,,,,,,,,,,,
910,0,0,0,0,0,0,0,0,0,0,0,0,0,,,,,,,,,,,,,,,,,,,,
911,0,0,0,0,0,0,0,0,0,0,0,0,0,,,,,,,,,,,,,,,,,,,,
912,0,0,0,0,0,0,0,0,0,0,0,0,0,,,,,,,,,,,,,,,,,,,,
913,0,0,0,0,0,0,0,0,0,0,0,0,0,,,,,,,,,,,,,,,,,,,,
914,0,0,0,0,0,0,0,0,0,0,0,0,0,,,,,,,,,,,,,,,,,,,,
915,0,0,0,0,0,0,0,0,0,0,0,0,0,,,,,,,,,,,,,,,,,,,,
916,0,0,0,0,0,0,0,0,0,0,0,0,0,,,,,,,,,,,,,,,,,,,,
917,0,0,0,0,0,0,0,0,0,0,0,0,0,,,,,,,,,,,,,,,,,,,,
918,0,0,0,0,0,0,0,0,0,0,0,0,0,,,,,,,,,,,,,,,,,,,,
919,0,0,0,0,0,0,0,0,0,0,0,0,0,,,,,,,,,,,,,,,,,,,,
920,0,0,0,0,0,0,0,0,0,0,0,0,0,,,,,,,,,,,,,,,,,,,,
921,0,0,0,0,0,0,0,0,0,0,0,0,0,,,,,,,,,,,,,,,,,,,,
922,0,0,0,0,0,0,0,0,0,0,0,0,0,,,,,,,,,,,,,,,,,,,,
923,0,0,0,0,0,0,0,0,0,0,0,0,0,,,,,,,,,,,,,,,,,,,,
924,0,0,0,0,0,0,0,0,0,0,0,0,0,,,,,,,,,,,,,,,,,,,,
925,0,0,0,0,0,0,0,0,0,0,0,0,0,,,,,,,,,,,,,,,,,,,,
926,0,0,0,0,0,0,0,0,0,0,0,0,0,,,,,,,,,,,,,,,,,,,,
927,0,0,0,0,0,0,0,0,0,0,0,0,0,,,,,,,,,,,,,,,,,,,,
928,0,0,0,0,0,0,0,0,0,0,0,0,0,,,,,,,,,,,,,,,,,,,,
929,0,0,0,0,0,0,0,0,0,0,0,0,0,,,,,,,,,,,,,,,,,,,,
930,0,0,0,0,0,0,0,0,0,0.0060668,0,0,0,,,,,,,,,,,,,,,,,,,,
931,0,0,0,0,0,0,0,0,0,0.023043835,0,0,0,,,,,,,,,,,,,,,,,,,,
932,0,0,0,0,0,0,0,0,0,0.08409783,0,0,0,,,,,,,,,,,,,,,,,,,,
933,0,0,0,0,0,0,0,0,0,0.21000109,0,0,0,,,,,,,,,,,,,,,,,,,,
934,0,0,0,0,0,0,0,0,0,0.390555975,0,0,0,,,,,,,,,,,,,,,,,,,,
935,0,0,0,0,0,0,0,0,0,0.613912485,0,0,0,,,,,,,,,,,,,,,,,,,,
936,0,0,0,0,0,0,0,0,0,0.79966622,0,0,0,,,,,,,,,,,,,,,,,,,,
937,0,0,0,0,0,0,0,0,0,0.9086213,0,0,0,,,,,,,,,,,,,,,,,,,,
938,0,0,0,0,0,0,0,0,0,0.94767033,0,0,0,,,,,,,,,,,,,,,,,,,,
939,0,0,0,0,0,0,0,0,0,0.97907863,0,0,0,,,,,,,,,,,,,,,,,,,,
940,0,0,0,0,0,0,0,0,0,0.993618675,0,0,0,,,,,,,,,,,,,,,,,,,,
941,0,0,0,0,0,0,0,0,0,0.99756345,0,0,0,,,,,,,,,,,,,,,,,,,,
942,0,0,0,0,0,0,0,0,0,0.99296863,0,0,0,,,,,,,,,,,,,,,,,,,,
943,0,0,0,0,0,0,0,0,0,0.97589683,0,0,0,,,,,,,,,,,,,,,,,,,,
944,0,0,0,0,0,0,0,0,0,0.969228745,0,0,0,,,,,,,,,,,,,,,,,,,,
945,0,0,0,0,0,0,0,0,0,0.98222975,0,0,0,,,,,,,,,,,,,,,,,,,,
946,0,0,0,0,0,0,0,0,0,0.968276605,0,0,0,,,,,,,,,,,,,,,,,,,,
947,0,0,0,0,0,0,0,0,0,0.968978635,0,0,0,,,,,,,,,,,,,,,,,,,,
948,0,0,0,0,0,0,0,0,0,0.94559798,0,0,0,,,,,,,,,,,,,,,,,,,,
949,0,0,0,0,0,0,0,0,0,0.931403725,0,0,0,,,,,,,,,,,,,,,,,,,,
950,0,0,0,0,0,0,0,0,0,0.90140848,0,0,0,,,,,,,,,,,,,,,,,,,,
951,0,0,0,0,0,0,0,0,0,0.89337388,0,0,0,,,,,,,,,,,,,,,,,,,,
952,0,0,0,0,0,0,0,0,0,0.81919847,0,0,0,,,,,,,,,,,,,,,,,,,,
953,0,0,0,0,0,0,0,0,0,0.68888295,0,0,0,,,,,,,,,,,,,,,,,,,,
954,0,0,0,0,0,0,0,0,0,0.489465395,0,0,0,,,,,,,,,,,,,,,,,,,,
955,0,0,0,0,0,0,0,0,0,0.27953674,0,0,0,,,,,,,,,,,,,,,,,,,,
956,0,0,0,0,0,0,0,0,0,0.120896275,0,0,0,,,,,,,,,,,,,,,,,,,,
957,0,0,0,0,0,0,0,0,0,0.03440334,0,0,0,,,,,,,,,,,,,,,,,,,,
958,0,0,0,0,0,0,0,0,0,0.00812798,0,0,0,,,,,,,,,,,,,,,,,,,,
959,0,0,0,0,0,0,0,0,0,0,0,0,0,,,,,,,,,,,,,,,,,,,,
960,0,0,0,0,0,0,0,0,0,0,0,0,0,,,,,,,,,,,,,,,,,,,,
961,0,0,0,0,0,0,0,0,0,0,0,0,0,,,,,,,,,,,,,,,,,,,,
962,0,0,0,0,0,0,0,0,0,0,0,0,0,,,,,,,,,,,,,,,,,,,,
963,0,0,0,0,0,0,0,0,0,0,0,0,0,,,,,,,,,,,,,,,,,,,,
964,0,0,0,0,0,0,0,0,0,0,0,0,0,,,,,,,,,,,,,,,,,,,,
965,0,0,0,0,0,0,0,0,0,0,0,0,0,,,,,,,,,,,,,,,,,,,,
966,0,0,0,0,0,0,0,0,0,0,0,0,0,,,,,,,,,,,,,,,,,,,,
967,0,0,0,0,0,0,0,0,0,0,0,0,0,,,,,,,,,,,,,,,,,,,,
968,0,0,0,0,0,0,0,0,0,0,0,0,0,,,,,,,,,,,,,,,,,,,,
969,0,0,0,0,0,0,0,0,0,0,0,0,0,,,,,,,,,,,,,,,,,,,,
970,0,0,0,0,0,0,0,0,0,0,0,0,0,,,,,,,,,,,,,,,,,,,,
971,0,0,0,0,0,0,0,0,0,0,0,0,0,,,,,,,,,,,,,,,,,,,,
972,0,0,0,0,0,0,0,0,0,0,0,0,0,,,,,,,,,,,,,,,,,,,,
973,0,0,0,0,0,0,0,0,0,0,0,0,0,,,,,,,,,,,,,,,,,,,,
974,0,0,0,0,0,0,0,0,0,0,0,0,0,,,,,,,,,,,,,,,,,,,,
975,0,0,0,0,0,0,0,0,0,0,0,0,0,,,,,,,,,,,,,,,,,,,,
976,0,0,0,0,0,0,0,0,0,0,0,0,0,,,,,,,,,,,,,,,,,,,,
977,0,0,0,0,0,0,0,0,0,0,0,0,0,,,,,,,,,,,,,,,,,,,,
978,0,0,0,0,0,0,0,0,0,0,0,0,0,,,,,,,,,,,,,,,,,,,,
979,0,0,0,0,0,0,0,0,0,0,0,0,0,,,,,,,,,,,,,,,,,,,,
980,0,0,0,0,0,0,0,0,0,0,0,0,0,,,,,,,,,,,,,,,,,,,,
981,0,0,0,0,0,0,0,0,0,0,0,0,0,,,,,,,,,,,,,,,,,,,,
982,0,0,0,0,0,0,0,0,0,0,0,0,0,,,,,,,,,,,,,,,,,,,,
983,0,0,0,0,0,0,0,0,0,0,0,0,0,,,,,,,,,,,,,,,,,,,,
984,0,0,0,0,0,0,0,0,0,0,0,0,0,,,,,,,,,,,,,,,,,,,,
985,0,0,0,0,0,0,0,0,0,0,0,0,0,,,,,,,,,,,,,,,,,,,,
986,0,0,0,0,0,0,0,0,0,0,0,0,0,,,,,,,,,,,,,,,,,,,,
987,0,0,0,0,0,0,0,0,0,0,0,0,0,,,,,,,,,,,,,,,,,,,,
988,0,0,0,0,0,0,0,0,0,0,0,0,0,,,,,,,,,,,,,,,,,,,,
989,0,0,0,0,0,0,0,0,0,0,0,0,0,,,,,,,,,,,,,,,,,,,,
990,0,0,0,0,0,0,0,0,0,0,0,0,0,,,,,,,,,,,,,,,,,,,,
991,0,0,0,0,0,0,0,0,0,0,0,0,0,,,,,,,,,,,,,,,,,,,,
992,0,0,0,0,0,0,0,0,0,0,0,0,0,,,,,,,,,,,,,,,,,,,,
993,0,0,0,0,0,0,0,0,0,0,0,0,0,,,,,,,,,,,,,,,,,,,,
994,0,0,0,0,0,0,0,0,0,0,0,0,0,,,,,,,,,,,,,,,,,,,,
995,0,0,0,0,0,0,0,0,0,0,0,0,0,,,,,,,,,,,,,,,,,,,,
996,0,0,0,0,0,0,0,0,0,0,0,0,0,,,,,,,,,,,,,,,,,,,,
997,0,0,0,0,0,0,0,0,0,0,0,0,0,,,,,,,,,,,,,,,,,,,,
998,0,0,0,0,0,0,0,0,0,0,0,0,0,,,,,,,,,,,,,,,,,,,,
999,0,0,0,0,0,0,0,0,0,0,0,0,0,,,,,,,,,,,,,,,,,,,,
1000,0,0,0,0,0,0,0,0,0,0,0,0,0,,,,,,,,,,,,,,,,,,,,
1001,0,0,0,0,0,0,0,0,0,0,0,0,0,,,,,,,,,,,,,,,,,,,,
1002,0,0,0,0,0,0,0,0,0,0,0,0,0,,,,,,,,,,,,,,,,,,,,
1003,0,0,0,0,0,0,0,0,0,0,0,0,0,,,,,,,,,,,,,,,,,,,,
1004,0,0,0,0,0,0,0,0,0,0,0,0,0,,,,,,,,,,,,,,,,,,,,
1005,0,0,0,0,0,0,0,0,0,0,0,0,0,,,,,,,,,,,,,,,,,,,,
1006,0,0,0,0,0,0,0,0,0,0,0,0,0,,,,,,,,,,,,,,,,,,,,
1007,0,0,0,0,0,0,0,0,0,0,0,0,0,,,,,,,,,,,,,,,,,,,,
1008,0,0,0,0,0,0,0,0,0,0,0,0,0,,,,,,,,,,,,,,,,,,,,
1009,0,0,0,0,0,0,0,0,0,0,0,0,0,,,,,,,,,,,,,,,,,,,,
1010,0,0,0,0,0,0,0,0,0,0,0,0,0,,,,,,,,,,,,,,,,,,,,
1011,0,0,0,0,0,0,0,0,0,0,0,0,0,,,,,,,,,,,,,,,,,,,,
1012,0,0,0,0,0,0,0,0,0,0,0,0,0,,,,,,,,,,,,,,,,,,,,
1013,0,0,0,0,0,0,0,0,0,0,0,0,0,,,,,,,,,,,,,,,,,,,,
1014,0,0,0,0,0,0,0,0,0,0,0,0,0,,,,,,,,,,,,,,,,,,,,
1015,0,0,0,0,0,0,0,0,0,0,0,0,0,,,,,,,,,,,,,,,,,,,,
1016,0,0,0,0,0,0,0,0,0,0,0,0,0,,,,,,,,,,,,,,,,,,,,
1017,0,0,0,0,0,0,0,0,0,0,0,0,0,,,,,,,,,,,,,,,,,,,,
1018,0,0,0,0,0,0,0,0,0,0,0,0,0,,,,,,,,,,,,,,,,,,,,
1019,0,0,0,0,0,0,0,0,0,0,0,0,0,,,,,,,,,,,,,,,,,,,,
1020,0,0,0,0,0,0,0,0,0,0,0,0,0,,,,,,,,,,,,,,,,,,,,
1021,0,0,0,0,0,0,0,0,0,0,0,0,0,,,,,,,,,,,,,,,,,,,,
1022,0,0,0,0,0,0,0,0,0,0,0,0,0,,,,,,,,,,,,,,,,,,,,
1023,0,0,0,0,0,0,0,0,0,0,0,0,0,,,,,,,,,,,,,,,,,,,,
1024,0,0,0,0,0,0,0,0,0,0,0,0,0,,,,,,,,,,,,,,,,,,,,
1025,0,0,0,0,0,0,0,0,0,0,0,0,0,,,,,,,,,,,,,,,,,,,,
1026,0,0,0,0,0,0,0,0,0,0,0,0,0,,,,,,,,,,,,,,,,,,,,
1027,0,0,0,0,0,0,0,0,0,0,0,0,0,,,,,,,,,,,,,,,,,,,,
1028,0,0,0,0,0,0,0,0,0,0,0,0,0,,,,,,,,,,,,,,,,,,,,
1029,0,0,0,0,0,0,0,0,0,0,0,0,0,,,,,,,,,,,,,,,,,,,,
1030,0,0,0,0,0,0,0,0,0,0,0,0,0,,,,,,,,,,,,,,,,,,,,
1031,0,0,0,0,0,0,0,0,0,0,0,0,0,,,,,,,,,,,,,,,,,,,,
1032,0,0,0,0,0,0,0,0,0,0,0,0,0,,,,,,,,,,,,,,,,,,,,
1033,0,0,0,0,0,0,0,0,0,0,0,0,0,,,,,,,,,,,,,,,,,,,,
1034,0,0,0,0,0,0,0,0,0,0,0,0,0,,,,,,,,,,,,,,,,,,,,
1035,0,0,0,0,0,0,0,0,0,0,0,0,0,,,,,,,,,,,,,,,,,,,,
1036,0,0,0,0,0,0,0,0,0,0,0,0,0,,,,,,,,,,,,,,,,,,,,
1037,0,0,0,0,0,0,0,0,0,0,0,0,0,,,,,,,,,,,,,,,,,,,,
1038,0,0,0,0,0,0,0,0,0,0,0,0,0,,,,,,,,,,,,,,,,,,,,
1039,0,0,0,0,0,0,0,0,0,0,0,0,0,,,,,,,,,,,,,,,,,,,,
1040,0,0,0,0,0,0,0,0,0,0,0,0,0,,,,,,,,,,,,,,,,,,,,
1041,0,0,0,0,0,0,0,0,0,0,0,0,0,,,,,,,,,,,,,,,,,,,,
1042,0,0,0,0,0,0,0,0,0,0,0,0,0,,,,,,,,,,,,,,,,,,,,
1043,0,0,0,0,0,0,0,0,0,0,0,0,0,,,,,,,,,,,,,,,,,,,,
1044,0,0,0,0,0,0,0,0,0,0,0,0,0,,,,,,,,,,,,,,,,,,,,
1045,0,0,0,0,0,0,0,0,0,0,0,0,0,,,,,,,,,,,,,,,,,,,,
1046,0,0,0,0,0,0,0,0,0,0,0,0,0,,,,,,,,,,,,,,,,,,,,
1047,0,0,0,0,0,0,0,0,0,0,0,0,0,,,,,,,,,,,,,,,,,,,,
1048,0,0,0,0,0,0,0,0,0,0,0,0,0,,,,,,,,,,,,,,,,,,,,
1049,0,0,0,0,0,0,0,0,0,0,0,0,0,,,,,,,,,,,,,,,,,,,,
1050,0,0,0,0,0,0,0,0,0,0,0,0,0,,,,,,,,,,,,,,,,,,,,
1051,0,0,0,0,0,0,0,0,0,0,0,0,0,,,,,,,,,,,,,,,,,,,,
1052,0,0,0,0,0,0,0,0,0,0,0,0,0,,,,,,,,,,,,,,,,,,,,
1053,0,0,0,0,0,0,0,0,0,0,0,0,0,,,,,,,,,,,,,,,,,,,,
1054,0,0,0,0,0,0,0,0,0,0,0,0,0,,,,,,,,,,,,,,,,,,,,
1055,0,0,0,0,0,0,0,0,0,0,0,0,0,,,,,,,,,,,,,,,,,,,,
1056,0,0,0,0,0,0,0,0,0,0,0,0,0,,,,,,,,,,,,,,,,,,,,
1057,0,0,0,0,0,0,0,0,0,0,0,0,0,,,,,,,,,,,,,,,,,,,,
1058,0,0,0,0,0,0,0,0,0,0,0,0,0,,,,,,,,,,,,,,,,,,,,
1059,0,0,0,0,0,0,0,0,0,0,0,0,0,,,,,,,,,,,,,,,,,,,,
1060,0,0,0,0,0,0,0,0,0,0,0,0,0,,,,,,,,,,,,,,,,,,,,
1061,0,0,0,0,0,0,0,0,0,0,0,0,0,,,,,,,,,,,,,,,,,,,,
1062,0,0,0,0,0,0,0,0,0,0,0,0,0,,,,,,,,,,,,,,,,,,,,
1063,0,0,0,0,0,0,0,0,0,0,0,0,0,,,,,,,,,,,,,,,,,,,,
1064,0,0,0,0,0,0,0,0,0,0,0,0,0,,,,,,,,,,,,,,,,,,,,
1065,0,0,0,0,0,0,0,0,0,0,0,0,0,,,,,,,,,,,,,,,,,,,,
1066,0,0,0,0,0,0,0,0,0,0,0,0,0,,,,,,,,,,,,,,,,,,,,
1067,0,0,0,0,0,0,0,0,0,0,0,0,0,,,,,,,,,,,,,,,,,,,,
1068,0,0,0,0,0,0,0,0,0,0,0,0,0,,,,,,,,,,,,,,,,,,,,
1069,0,0,0,0,0,0,0,0,0,0,0,0,0,,,,,,,,,,,,,,,,,,,,
1070,0,0,0,0,0,0,0,0,0,0,0,0,0,,,,,,,,,,,,,,,,,,,,
1071,0,0,0,0,0,0,0,0,0,0,0,0,0,,,,,,,,,,,,,,,,,,,,
1072,0,0,0,0,0,0,0,0,0,0,0,0,0,,,,,,,,,,,,,,,,,,,,
1073,0,0,0,0,0,0,0,0,0,0,0,0,0,,,,,,,,,,,,,,,,,,,,
1074,0,0,0,0,0,0,0,0,0,0,0,0,0,,,,,,,,,,,,,,,,,,,,
1075,0,0,0,0,0,0,0,0,0,0,0,0,0,,,,,,,,,,,,,,,,,,,,
1076,0,0,0,0,0,0,0,0,0,0,0,0,0,,,,,,,,,,,,,,,,,,,,
1077,0,0,0,0,0,0,0,0,0,0,0,0,0,,,,,,,,,,,,,,,,,,,,
1078,0,0,0,0,0,0,0,0,0,0,0,0,0,,,,,,,,,,,,,,,,,,,,
1079,0,0,0,0,0,0,0,0,0,0,0,0,0,,,,,,,,,,,,,,,,,,,,
1080,0,0,0,0,0,0,0,0,0,0,0,0,0,,,,,,,,,,,,,,,,,,,,
1081,0,0,0,0,0,0,0,0,0,0,0,0,0,,,,,,,,,,,,,,,,,,,,
1082,0,0,0,0,0,0,0,0,0,0,0,0,0,,,,,,,,,,,,,,,,,,,,
1083,0,0,0,0,0,0,0,0,0,0,0,0,0,,,,,,,,,,,,,,,,,,,,
1084,0,0,0,0,0,0,0,0,0,0,0,0,0,,,,,,,,,,,,,,,,,,,,
1085,0,0,0,0,0,0,0,0,0,0,0,0,0,,,,,,,,,,,,,,,,,,,,
1086,0,0,0,0,0,0,0,0,0,0,0,0,0,,,,,,,,,,,,,,,,,,,,
1087,0,0,0,0,0,0,0,0,0,0,0,0,0,,,,,,,,,,,,,,,,,,,,
1088,0,0,0,0,0,0,0,0,0,0,0,0,0,,,,,,,,,,,,,,,,,,,,
1089,0,0,0,0,0,0,0,0,0,0,0,0,0,,,,,,,,,,,,,,,,,,,,
1090,0,0,0,0,0,0,0,0,0,0,0,0,0,,,,,,,,,,,,,,,,,,,,
1091,0,0,0,0,0,0,0,0,0,0,0,0,0,,,,,,,,,,,,,,,,,,,,
1092,0,0,0,0,0,0,0,0,0,0,0,0,0,,,,,,,,,,,,,,,,,,,,
1093,0,0,0,0,0,0,0,0,0,0,0,0,0,,,,,,,,,,,,,,,,,,,,
1094,0,0,0,0,0,0,0,0,0,0,0,0,0,,,,,,,,,,,,,,,,,,,,
1095,0,0,0,0,0,0,0,0,0,0,0,0,0,,,,,,,,,,,,,,,,,,,,
1096,0,0,0,0,0,0,0,0,0,0,0,0,0,,,,,,,,,,,,,,,,,,,,
1097,0,0,0,0,0,0,0,0,0,0,0,0,0,,,,,,,,,,,,,,,,,,,,
1098,0,0,0,0,0,0,0,0,0,0,0,0,0,,,,,,,,,,,,,,,,,,,,
1099,0,0,0,0,0,0,0,0,0,0,0,0,0,,,,,,,,,,,,,,,,,,,,
1100,0,0,0,0,0,0,0,0,0,0,0,0,0,,,,,,,,,,,,,,,,,,,,
1101,0,0,0,0,0,0,0,0,0,0,0,0,0,,,,,,,,,,,,,,,,,,,,
1102,0,0,0,0,0,0,0,0,0,0,0,0,0,,,,,,,,,,,,,,,,,,,,
1103,0,0,0,0,0,0,0,0,0,0,0,0,0,,,,,,,,,,,,,,,,,,,,
1104,0,0,0,0,0,0,0,0,0,0,0,0,0,,,,,,,,,,,,,,,,,,,,
1105,0,0,0,0,0,0,0,0,0,0,0,0,0,,,,,,,,,,,,,,,,,,,,
1106,0,0,0,0,0,0,0,0,0,0,0,0,0,,,,,,,,,,,,,,,,,,,,
1107,0,0,0,0,0,0,0,0,0,0,0,0,0,,,,,,,,,,,,,,,,,,,,
1108,0,0,0,0,0,0,0,0,0,0,0,0,0,,,,,,,,,,,,,,,,,,,,
1109,0,0,0,0,0,0,0,0,0,0,0,0,0,,,,,,,,,,,,,,,,,,,,
1110,0,0,0,0,0,0,0,0,0,0,0,0,0,,,,,,,,,,,,,,,,,,,,
1111,0,0,0,0,0,0,0,0,0,0,0,0,0,,,,,,,,,,,,,,,,,,,,
1112,0,0,0,0,0,0,0,0,0,0,0,0,0,,,,,,,,,,,,,,,,,,,,
1113,0,0,0,0,0,0,0,0,0,0,0,0,0,,,,,,,,,,,,,,,,,,,,
1114,0,0,0,0,0,0,0,0,0,0,0,0,0,,,,,,,,,,,,,,,,,,,,
1115,0,0,0,0,0,0,0,0,0,0,0,0,0,,,,,,,,,,,,,,,,,,,,
1116,0,0,0,0,0,0,0,0,0,0,0,0,0,,,,,,,,,,,,,,,,,,,,
1117,0,0,0,0,0,0,0,0,0,0,0,0,0,,,,,,,,,,,,,,,,,,,,
1118,0,0,0,0,0,0,0,0,0,0,0,0,0,,,,,,,,,,,,,,,,,,,,
1119,0,0,0,0,0,0,0,0,0,0,0,0,0,,,,,,,,,,,,,,,,,,,,
1120,0,0,0,0,0,0,0,0,0,0,0,0,0,,,,,,,,,,,,,,,,,,,,
1121,0,0,0,0,0,0,0,0,0,0,0,0,0,,,,,,,,,,,,,,,,,,,,
1122,0,0,0,0,0,0,0,0,0,0,0,0,0,,,,,,,,,,,,,,,,,,,,
1123,0,0,0,0,0,0,0,0,0,0,0,0,0,,,,,,,,,,,,,,,,,,,,
1124,0,0,0,0,0,0,0,0,0,0,0,0,0,,,,,,,,,,,,,,,,,,,,
1125,0,0,0,0,0,0,0,0,0,0,0,0,0,,,,,,,,,,,,,,,,,,,,
1126,0,0,0,0,0,0,0,0,0,0,0,0,0,,,,,,,,,,,,,,,,,,,,
1127,0,0,0,0,0,0,0,0,0,0,0,0,0,,,,,,,,,,,,,,,,,,,,
1128,0,0,0,0,0,0,0,0,0,0,0,0,0,,,,,,,,,,,,,,,,,,,,
1129,0,0,0,0,0,0,0,0,0,0,0,0,0,,,,,,,,,,,,,,,,,,,,
1130,0,0,0,0,0,0,0,0,0,0,0,0,0,,,,,,,,,,,,,,,,,,,,
1131,0,0,0,0,0,0,0,0,0,0,0,0,0,,,,,,,,,,,,,,,,,,,,
1132,0,0,0,0,0,0,0,0,0,0,0,0,0,,,,,,,,,,,,,,,,,,,,
1133,0,0,0,0,0,0,0,0,0,0,0,0,0,,,,,,,,,,,,,,,,,,,,
1134,0,0,0,0,0,0,0,0,0,0,0,0,0,,,,,,,,,,,,,,,,,,,,
1135,0,0,0,0,0,0,0,0,0,0,0,0,0,,,,,,,,,,,,,,,,,,,,
1136,0,0,0,0,0,0,0,0,0,0,0,0,0,,,,,,,,,,,,,,,,,,,,
1137,0,0,0,0,0,0,0,0,0,0,0,0,0,,,,,,,,,,,,,,,,,,,,
1138,0,0,0,0,0,0,0,0,0,0,0,0,0,,,,,,,,,,,,,,,,,,,,
1139,0,0,0,0,0,0,0,0,0,0,0,0,0,,,,,,,,,,,,,,,,,,,,
1140,0,0,0,0,0,0,0,0,0,0,0,0,0,,,,,,,,,,,,,,,,,,,,
1141,0,0,0,0,0,0,0,0,0,0,0,0,0,,,,,,,,,,,,,,,,,,,,
1142,0,0,0,0,0,0,0,0,0,0,0,0,0,,,,,,,,,,,,,,,,,,,,
1143,0,0,0,0,0,0,0,0,0,0,0,0,0,,,,,,,,,,,,,,,,,,,,
1144,0,0,0,0,0,0,0,0,0,0,0,0,0,,,,,,,,,,,,,,,,,,,,
1145,0,0,0,0,0,0,0,0,0,0,0,0,0,,,,,,,,,,,,,,,,,,,,
1146,0,0,0,0,0,0,0,0,0,0,0,0,0,,,,,,,,,,,,,,,,,,,,
1147,0,0,0,0,0,0,0,0,0,0,0,0,0,,,,,,,,,,,,,,,,,,,,
1148,0,0,0,0,0,0,0,0,0,0,0,0,0,,,,,,,,,,,,,,,,,,,,
1149,0,0,0,0,0,0,0,0,0,0,0,0,0,,,,,,,,,,,,,,,,,,,,
1150,0,0,0,0,0,0,0,0,0,0,0,0,0,,,,,,,,,,,,,,,,,,,,
1151,0,0,0,0,0,0,0,0,0,0,0,0,0,,,,,,,,,,,,,,,,,,,,
1152,0,0,0,0,0,0,0,0,0,0,0,0,0,,,,,,,,,,,,,,,,,,,,
1153,0,0,0,0,0,0,0,0,0,0,0,0,0,,,,,,,,,,,,,,,,,,,,
1154,0,0,0,0,0,0,0,0,0,0,0,0,0,,,,,,,,,,,,,,,,,,,,
1155,0,0,0,0,0,0,0,0,0,0,0,0,0,,,,,,,,,,,,,,,,,,,,
1156,0,0,0,0,0,0,0,0,0,0,0,0,0,,,,,,,,,,,,,,,,,,,,
1157,0,0,0,0,0,0,0,0,0,0,0,0,0,,,,,,,,,,,,,,,,,,,,
1158,0,0,0,0,0,0,0,0,0,0,0,0,0,,,,,,,,,,,,,,,,,,,,
1159,0,0,0,0,0,0,0,0,0,0,0,0,0,,,,,,,,,,,,,,,,,,,,
1160,0,0,0,0,0,0,0,0,0,0,0,0,0,,,,,,,,,,,,,,,,,,,,
1161,0,0,0,0,0,0,0,0,0,0,0,0,0,,,,,,,,,,,,,,,,,,,,
1162,0,0,0,0,0,0,0,0,0,0,0,0,0,,,,,,,,,,,,,,,,,,,,
1163,0,0,0,0,0,0,0,0,0,0,0,0,0,,,,,,,,,,,,,,,,,,,,
1164,0,0,0,0,0,0,0,0,0,0,0,0,0,,,,,,,,,,,,,,,,,,,,
1165,0,0,0,0,0,0,0,0,0,0,0,0,0,,,,,,,,,,,,,,,,,,,,
1166,0,0,0,0,0,0,0,0,0,0,0,0,0,,,,,,,,,,,,,,,,,,,,
1167,0,0,0,0,0,0,0,0,0,0,0,0,0,,,,,,,,,,,,,,,,,,,,
1168,0,0,0,0,0,0,0,0,0,0,0,0,0,,,,,,,,,,,,,,,,,,,,
1169,0,0,0,0,0,0,0,0,0,0,0,0,0,,,,,,,,,,,,,,,,,,,,
1170,0,0,0,0,0,0,0,0,0,0,0,0,0,,,,,,,,,,,,,,,,,,,,
1171,0,0,0,0,0,0,0,0,0,0,0,0,0,,,,,,,,,,,,,,,,,,,,
1172,0,0,0,0,0,0,0,0,0,0,0,0,0,,,,,,,,,,,,,,,,,,,,
1173,0,0,0,0,0,0,0,0,0,0,0,0,0,,,,,,,,,,,,,,,,,,,,
1174,0,0,0,0,0,0,0,0,0,0,0,0,0,,,,,,,,,,,,,,,,,,,,
1175,0,0,0,0,0,0,0,0,0,0,0,0,0,,,,,,,,,,,,,,,,,,,,
1176,0,0,0,0,0,0,0,0,0,0,0,0,0,,,,,,,,,,,,,,,,,,,,
1177,0,0,0,0,0,0,0,0,0,0,0,0,0,,,,,,,,,,,,,,,,,,,,
1178,0,0,0,0,0,0,0,0,0,0,0,0,0,,,,,,,,,,,,,,,,,,,,
1179,0,0,0,0,0,0,0,0,0,0,0,0,0,,,,,,,,,,,,,,,,,,,,
1180,0,0,0,0,0,0,0,0,0,0,0,0,0,,,,,,,,,,,,,,,,,,,,
1181,0,0,0,0,0,0,0,0,0,0,0,0,0,,,,,,,,,,,,,,,,,,,,
1182,0,0,0,0,0,0,0,0,0,0,0,0,0,,,,,,,,,,,,,,,,,,,,
1183,0,0,0,0,0,0,0,0,0,0,0,0,0,,,,,,,,,,,,,,,,,,,,
1184,0,0,0,0,0,0,0,0,0,0,0,0,0,,,,,,,,,,,,,,,,,,,,
1185,0,0,0,0,0,0,0,0,0,0,0,0,0,,,,,,,,,,,,,,,,,,,,
1186,0,0,0,0,0,0,0,0,0,0,0,0,0,,,,,,,,,,,,,,,,,,,,
1187,0,0,0,0,0,0,0,0,0,0,0,0,0,,,,,,,,,,,,,,,,,,,,
1188,0,0,0,0,0,0,0,0,0,0,0,0,0,,,,,,,,,,,,,,,,,,,,
1189,0,0,0,0,0,0,0,0,0,0,0,0,0,,,,,,,,,,,,,,,,,,,,
1190,0,0,0,0,0,0,0,0,0,0,0,0,0,,,,,,,,,,,,,,,,,,,,
1191,0,0,0,0,0,0,0,0,0,0,0,0,0,,,,,,,,,,,,,,,,,,,,
1192,0,0,0,0,0,0,0,0,0,0,0,0,0,,,,,,,,,,,,,,,,,,,,
1193,0,0,0,0,0,0,0,0,0,0,0,0,0,,,,,,,,,,,,,,,,,,,,
1194,0,0,0,0,0,0,0,0,0,0,0,0,0,,,,,,,,,,,,,,,,,,,,
1195,0,0,0,0,0,0,0,0,0,0,0,0,0,,,,,,,,,,,,,,,,,,,,
1196,0,0,0,0,0,0,0,0,0,0,0,0,0,,,,,,,,,,,,,,,,,,,,
1197,0,0,0,0,0,0,0,0,0,0,0,0,0,,,,,,,,,,,,,,,,,,,,
1198,0,0,0,0,0,0,0,0,0,0,0,0,0,,,,,,,,,,,,,,,,,,,,
1199,0,0,0,0,0,0,0,0,0,0,0,0,0,,,,,,,,,,,,,,,,,,,,
1200,0,0,0,0,0,0,0,0,0,0,0,0,0,,,,,,,,,,,,,,,,,,,,
1201,0,0,0,0,0,0,0,0,0,0,0,0,0,,,,,,,,,,,,,,,,,,,,
1202,0,0,0,0,0,0,0,0,0,0,0,0,0,,,,,,,,,,,,,,,,,,,,
1203,0,0,0,0,0,0,0,0,0,0,0,0,0,,,,,,,,,,,,,,,,,,,,
1204,0,0,0,0,0,0,0,0,0,0,0,0,0,,,,,,,,,,,,,,,,,,,,
1205,0,0,0,0,0,0,0,0,0,0,0,0,0,,,,,,,,,,,,,,,,,,,,
1206,0,0,0,0,0,0,0,0,0,0,0,0,0,,,,,,,,,,,,,,,,,,,,
1207,0,0,0,0,0,0,0,0,0,0,0,0,0,,,,,,,,,,,,,,,,,,,,
1208,0,0,0,0,0,0,0,0,0,0,0,0,0,,,,,,,,,,,,,,,,,,,,
1209,0,0,0,0,0,0,0,0,0,0,0,0,0,,,,,,,,,,,,,,,,,,,,
1210,0,0,0,0,0,0,0,0,0,0,0,0,0,,,,,,,,,,,,,,,,,,,,
1211,0,0,0,0,0,0,0,0,0,0,0,0,0,,,,,,,,,,,,,,,,,,,,
1212,0,0,0,0,0,0,0,0,0,0,0,0,0,,,,,,,,,,,,,,,,,,,,
1213,0,0,0,0,0,0,0,0,0,0,0,0,0,,,,,,,,,,,,,,,,,,,,
1214,0,0,0,0,0,0,0,0,0,0,0,0,0,,,,,,,,,,,,,,,,,,,,
1215,0,0,0,0,0,0,0,0,0,0,0,0,0,,,,,,,,,,,,,,,,,,,,
1216,0,0,0,0,0,0,0,0,0,0,0,0,0,,,,,,,,,,,,,,,,,,,,
1217,0,0,0,0,0,0,0,0,0,0,0,0,0,,,,,,,,,,,,,,,,,,,,
1218,0,0,0,0,0,0,0,0,0,0,0,0,0,,,,,,,,,,,,,,,,,,,,
1219,0,0,0,0,0,0,0,0,0,0,0,0,0,,,,,,,,,,,,,,,,,,,,
1220,0,0,0,0,0,0,0,0,0,0,0,0,0,,,,,,,,,,,,,,,,,,,,
1221,0,0,0,0,0,0,0,0,0,0,0,0,0,,,,,,,,,,,,,,,,,,,,
1222,0,0,0,0,0,0,0,0,0,0,0,0,0,,,,,,,,,,,,,,,,,,,,
1223,0,0,0,0,0,0,0,0,0,0,0,0,0,,,,,,,,,,,,,,,,,,,,
1224,0,0,0,0,0,0,0,0,0,0,0,0,0,,,,,,,,,,,,,,,,,,,,
1225,0,0,0,0,0,0,0,0,0,0,0,0,0,,,,,,,,,,,,,,,,,,,,
1226,0,0,0,0,0,0,0,0,0,0,0,0,0,,,,,,,,,,,,,,,,,,,,
1227,0,0,0,0,0,0,0,0,0,0,0,0,0,,,,,,,,,,,,,,,,,,,,
1228,0,0,0,0,0,0,0,0,0,0,0,0,0,,,,,,,,,,,,,,,,,,,,
1229,0,0,0,0,0,0,0,0,0,0,0,0,0,,,,,,,,,,,,,,,,,,,,
1230,0,0,0,0,0,0,0,0,0,0,0,0,0,,,,,,,,,,,,,,,,,,,,
1231,0,0,0,0,0,0,0,0,0,0,0,0,0,,,,,,,,,,,,,,,,,,,,
1232,0,0,0,0,0,0,0,0,0,0,0,0,0,,,,,,,,,,,,,,,,,,,,
1233,0,0,0,0,0,0,0,0,0,0,0,0,0,,,,,,,,,,,,,,,,,,,,
1234,0,0,0,0,0,0,0,0,0,0,0,0,0,,,,,,,,,,,,,,,,,,,,
1235,0,0,0,0,0,0,0,0,0,0,0,0,0,,,,,,,,,,,,,,,,,,,,
1236,0,0,0,0,0,0,0,0,0,0,0,0,0,,,,,,,,,,,,,,,,,,,,
1237,0,0,0,0,0,0,0,0,0,0,0,0,0,,,,,,,,,,,,,,,,,,,,
1238,0,0,0,0,0,0,0,0,0,0,0,0,0,,,,,,,,,,,,,,,,,,,,
1239,0,0,0,0,0,0,0,0,0,0,0,0,0,,,,,,,,,,,,,,,,,,,,
1240,0,0,0,0,0,0,0,0,0,0,0,0,0,,,,,,,,,,,,,,,,,,,,
1241,0,0,0,0,0,0,0,0,0,0,0,0,0,,,,,,,,,,,,,,,,,,,,
1242,0,0,0,0,0,0,0,0,0,0,0,0,0,,,,,,,,,,,,,,,,,,,,
1243,0,0,0,0,0,0,0,0,0,0,0,0,0,,,,,,,,,,,,,,,,,,,,
1244,0,0,0,0,0,0,0,0,0,0,0,0,0,,,,,,,,,,,,,,,,,,,,
1245,0,0,0,0,0,0,0,0,0,0,0,0,0,,,,,,,,,,,,,,,,,,,,
1246,0,0,0,0,0,0,0,0,0,0,0,0,0,,,,,,,,,,,,,,,,,,,,
1247,0,0,0,0,0,0,0,0,0,0,0,0,0,,,,,,,,,,,,,,,,,,,,
1248,0,0,0,0,0,0,0,0,0,0,0,0,0,,,,,,,,,,,,,,,,,,,,
1249,0,0,0,0,0,0,0,0,0,0,0,0,0,,,,,,,,,,,,,,,,,,,,
1250,0,0,0,0,0,0,0,0,0,0,0,0,0,,,,,,,,,,,,,,,,,,,,
1251,0,0,0,0,0,0,0,0,0,0,0,0,0,,,,,,,,,,,,,,,,,,,,
1252,0,0,0,0,0,0,0,0,0,0,0,0,0,,,,,,,,,,,,,,,,,,,,
1253,0,0,0,0,0,0,0,0,0,0,0,0,0,,,,,,,,,,,,,,,,,,,,
1254,0,0,0,0,0,0,0,0,0,0,0,0,0,,,,,,,,,,,,,,,,,,,,
1255,0,0,0,0,0,0,0,0,0,0,0,0,0,,,,,,,,,,,,,,,,,,,,
1256,0,0,0,0,0,0,0,0,0,0,0,0,0,,,,,,,,,,,,,,,,,,,,
1257,0,0,0,0,0,0,0,0,0,0,0,0,0,,,,,,,,,,,,,,,,,,,,
1258,0,0,0,0,0,0,0,0,0,0,0,0,0,,,,,,,,,,,,,,,,,,,,
1259,0,0,0,0,0,0,0,0,0,0,0,0,0,,,,,,,,,,,,,,,,,,,,
1260,0,0,0,0,0,0,0,0,0,0,0,0,0,,,,,,,,,,,,,,,,,,,,
1261,0,0,0,0,0,0,0,0,0,0,0,0,0,,,,,,,,,,,,,,,,,,,,
1262,0,0,0,0,0,0,0,0,0,0,0,0,0,,,,,,,,,,,,,,,,,,,,
1263,0,0,0,0,0,0,0,0,0,0,0,0,0,,,,,,,,,,,,,,,,,,,,
1264,0,0,0,0,0,0,0,0,0,0,0,0,0,,,,,,,,,,,,,,,,,,,,
1265,0,0,0,0,0,0,0,0,0,0,0,0,0,,,,,,,,,,,,,,,,,,,,
1266,0,0,0,0,0,0,0,0,0,0,0,0,0,,,,,,,,,,,,,,,,,,,,
1267,0,0,0,0,0,0,0,0,0,0,0,0,0,,,,,,,,,,,,,,,,,,,,
1268,0,0,0,0,0,0,0,0,0,0,0,0,0,,,,,,,,,,,,,,,,,,,,
1269,0,0,0,0,0,0,0,0,0,0,0,0,0,,,,,,,,,,,,,,,,,,,,
1270,0,0,0,0,0,0,0,0,0,0,0,0,0,,,,,,,,,,,,,,,,,,,,
1271,0,0,0,0,0,0,0,0,0,0,0,0,0,,,,,,,,,,,,,,,,,,,,
1272,0,0,0,0,0,0,0,0,0,0,0,0,0,,,,,,,,,,,,,,,,,,,,
1273,0,0,0,0,0,0,0,0,0,0,0,0,0,,,,,,,,,,,,,,,,,,,,
1274,0,0,0,0,0,0,0,0,0,0,0,0,0,,,,,,,,,,,,,,,,,,,,
1275,0,0,0,0,0,0,0,0,0,0,0,0,0,,,,,,,,,,,,,,,,,,,,
1276,0,0,0,0,0,0,0,0,0,0,0,0,0,,,,,,,,,,,,,,,,,,,,
1277,0,0,0,0,0,0,0,0,0,0,0,0,0,,,,,,,,,,,,,,,,,,,,
1278,0,0,0,0,0,0,0,0,0,0,0,0,0,,,,,,,,,,,,,,,,,,,,
1279,0,0,0,0,0,0,0,0,0,0,0,0,0,,,,,,,,,,,,,,,,,,,,
1280,0,0,0,0,0,0,0,0,0,0,0,0,0,,,,,,,,,,,,,,,,,,,,
1281,0,0,0,0,0,0,0,0,0,0,0,0,0,,,,,,,,,,,,,,,,,,,,
1282,0,0,0,0,0,0,0,0,0,0,0,0,0,,,,,,,,,,,,,,,,,,,,
1283,0,0,0,0,0,0,0,0,0,0,0,0,0,,,,,,,,,,,,,,,,,,,,
1284,0,0,0,0,0,0,0,0,0,0,0,0,0,,,,,,,,,,,,,,,,,,,,
1285,0,0,0,0,0,0,0,0,0,0,0,0,0,,,,,,,,,,,,,,,,,,,,
1286,0,0,0,0,0,0,0,0,0,0,0,0,0,,,,,,,,,,,,,,,,,,,,
1287,0,0,0,0,0,0,0,0,0,0,0,0,0,,,,,,,,,,,,,,,,,,,,
1288,0,0,0,0,0,0,0,0,0,0,0,0,0,,,,,,,,,,,,,,,,,,,,
1289,0,0,0,0,0,0,0,0,0,0,0,0,0,,,,,,,,,,,,,,,,,,,,
1290,0,0,0,0,0,0,0,0,0,0,0,0,0,,,,,,,,,,,,,,,,,,,,
1291,0,0,0,0,0,0,0,0,0,0,0,0,0,,,,,,,,,,,,,,,,,,,,
1292,0,0,0,0,0,0,0,0,0,0,0,0,0,,,,,,,,,,,,,,,,,,,,
1293,0,0,0,0,0,0,0,0,0,0,0,0,0,,,,,,,,,,,,,,,,,,,,
1294,0,0,0,0,0,0,0,0,0,0,0,0,0,,,,,,,,,,,,,,,,,,,,
1295,0,0,0,0,0,0,0,0,0,0,0,0,0,,,,,,,,,,,,,,,,,,,,
1296,0,0,0,0,0,0,0,0,0,0,0,0,0,,,,,,,,,,,,,,,,,,,,
1297,0,0,0,0,0,0,0,0,0,0,0,0,0,,,,,,,,,,,,,,,,,,,,
1298,0,0,0,0,0,0,0,0,0,0,0,0,0,,,,,,,,,,,,,,,,,,,,
1299,0,0,0,0,0,0,0,0,0,0,0,0,0,,,,,,,,,,,,,,,,,,,,
1300,0,0,0,0,0,0,0,0,0,0,0,0,0,,,,,,,,,,,,,,,,,,,,
1301,0,0,0,0,0,0,0,0,0,0,0,0,0,,,,,,,,,,,,,,,,,,,,
1302,0,0,0,0,0,0,0,0,0,0,0,0,0,,,,,,,,,,,,,,,,,,,,
1303,0,0,0,0,0,0,0,0,0,0,0,0,0,,,,,,,,,,,,,,,,,,,,
1304,0,0,0,0,0,0,0,0,0,0,0,0,0,,,,,,,,,,,,,,,,,,,,
1305,0,0,0,0,0,0,0,0,0,0,0,0,0,,,,,,,,,,,,,,,,,,,,
1306,0,0,0,0,0,0,0,0,0,0,0,0,0,,,,,,,,,,,,,,,,,,,,
1307,0,0,0,0,0,0,0,0,0,0,0,0,0,,,,,,,,,,,,,,,,,,,,
1308,0,0,0,0,0,0,0,0,0,0,0,0,0,,,,,,,,,,,,,,,,,,,,
1309,0,0,0,0,0,0,0,0,0,0,0,0,0,,,,,,,,,,,,,,,,,,,,
1310,0,0,0,0,0,0,0,0,0,0,0,0,0,,,,,,,,,,,,,,,,,,,,
1311,0,0,0,0,0,0,0,0,0,0,0,0,0,,,,,,,,,,,,,,,,,,,,
1312,0,0,0,0,0,0,0,0,0,0,0,0,0,,,,,,,,,,,,,,,,,,,,
1313,0,0,0,0,0,0,0,0,0,0,0,0,0,,,,,,,,,,,,,,,,,,,,
1314,0,0,0,0,0,0,0,0,0,0,0,0,0,,,,,,,,,,,,,,,,,,,,
1315,0,0,0,0,0,0,0,0,0,0,0,0,0,,,,,,,,,,,,,,,,,,,,
1316,0,0,0,0,0,0,0,0,0,0,0,0,0,,,,,,,,,,,,,,,,,,,,
1317,0,0,0,0,0,0,0,0,0,0,0,0,0,,,,,,,,,,,,,,,,,,,,
1318,0,0,0,0,0,0,0,0,0,0,0,0,0,,,,,,,,,,,,,,,,,,,,
1319,0,0,0,0,0,0,0,0,0,0,0,0,0,,,,,,,,,,,,,,,,,,,,
1320,0,0,0,0,0,0,0,0,0,0,0,0,0,,,,,,,,,,,,,,,,,,,,
1321,0,0,0,0,0,0,0,0,0,0,0,0,0,,,,,,,,,,,,,,,,,,,,
1322,0,0,0,0,0,0,0,0,0,0,0,0,0,,,,,,,,,,,,,,,,,,,,
1323,0,0,0,0,0,0,0,0,0,0,0,0,0,,,,,,,,,,,,,,,,,,,,
1324,0,0,0,0,0,0,0,0,0,0,0,0,0,,,,,,,,,,,,,,,,,,,,
1325,0,0,0,0,0,0,0,0,0,0,0,0,0,,,,,,,,,,,,,,,,,,,,
1326,0,0,0,0,0,0,0,0,0,0,0,0,0,,,,,,,,,,,,,,,,,,,,
1327,0,0,0,0,0,0,0,0,0,0,0,0,0,,,,,,,,,,,,,,,,,,,,
1328,0,0,0,0,0,0,0,0,0,0,0,0,0,,,,,,,,,,,,,,,,,,,,
1329,0,0,0,0,0,0,0,0,0,0,0,0,0,,,,,,,,,,,,,,,,,,,,
1330,0,0,0,0,0,0,0,0,0,0,0,0,0,,,,,,,,,,,,,,,,,,,,
1331,0,0,0,0,0,0,0,0,0,0,0,0,0,,,,,,,,,,,,,,,,,,,,
1332,0,0,0,0,0,0,0,0,0,0,0,0,0,,,,,,,,,,,,,,,,,,,,
1333,0,0,0,0,0,0,0,0,0,0,0,0,0,,,,,,,,,,,,,,,,,,,,
1334,0,0,0,0,0,0,0,0,0,0,0,0,0,,,,,,,,,,,,,,,,,,,,
1335,0,0,0,0,0,0,0,0,0,0,0,0,0,,,,,,,,,,,,,,,,,,,,
1336,0,0,0,0,0,0,0,0,0,0,0,0,0,,,,,,,,,,,,,,,,,,,,
1337,0,0,0,0,0,0,0,0,0,0,0.00012026,0,0,,,,,,,,,,,,,,,,,,,,
1338,0,0,0,0,0,0,0,0,0,0,0.00002702,0,0,,,,,,,,,,,,,,,,,,,,
1339,0,0,0,0,0,0,0,0,0,0,0.00002762,0,0,,,,,,,,,,,,,,,,,,,,
1340,0,0,0,0,0,0,0,0,0,0,0.000082815,0,0,,,,,,,,,,,,,,,,,,,,
1341,0,0,0,0,0,0,0,0,0,0,0.00010095,0,0,,,,,,,,,,,,,,,,,,,,
1342,0,0,0,0,0,0,0,0,0,0,0.00009925,0,0,,,,,,,,,,,,,,,,,,,,
1343,0,0,0,0,0,0,0,0,0,0,0.000106145,0,0,,,,,,,,,,,,,,,,,,,,
1344,0,0,0,0,0,0,0,0,0,0,0.000111485,0,0,,,,,,,,,,,,,,,,,,,,
1345,0,0,0,0,0,0,0,0,0,0,0.00015688,0,0,,,,,,,,,,,,,,,,,,,,
1346,0,0,0,0,0,0,0,0,0,0,0.00024493,0,0,,,,,,,,,,,,,,,,,,,,
1347,0,0,0,0,0,0,0,0,0,0,0.000280815,0,0,,,,,,,,,,,,,,,,,,,,
1348,0,0,0,0,0,0,0,0,0,0,0.000353145,0,0,,,,,,,,,,,,,,,,,,,,
1349,0,0,0,0,0,0,0,0,0,0,0.0004907,0,0,,,,,,,,,,,,,,,,,,,,
1350,0,0,0,0,0,0,0,0,0,0,0.000719245,0,0,,,,,,,,,,,,,,,,,,,,
1351,0,0,0,0,0,0,0,0,0,0,0.001169465,0,0,,,,,,,,,,,,,,,,,,,,
1352,0,0,0,0,0,0,0,0,0,0,0.00214271,0,0,,,,,,,,,,,,,,,,,,,,
1353,0,0,0,0,0,0,0,0,0,0,0.00453594,0,0,,,,,,,,,,,,,,,,,,,,
1354,0,0,0,0,0,0,0,0,0,0,0.01051766,0,0,,,,,,,,,,,,,,,,,,,,
1355,0,0,0,0,0,0,0,0,0,0,0.024737375,0,0,,,,,,,,,,,,,,,,,,,,
1356,0,0,0,0,0,0,0,0,0,0,0.05650399,0,0,,,,,,,,,,,,,,,,,,,,
1357,0,0,0,0,0,0,0,0,0,0,0.113914805,0,0,,,,,,,,,,,,,,,,,,,,
1358,0,0,0,0,0,0,0,0,0,0,0.200304315,0,0,,,,,,,,,,,,,,,,,,,,
1359,0,0,0,0,0,0,0,0,0,0,0.309436645,0,0,,,,,,,,,,,,,,,,,,,,
1360,0,0,0,0,0,0,0,0,0,0,0.42954099,0,0,,,,,,,,,,,,,,,,,,,,
1361,0,0,0,0,0,0,0,0,0,0,0.54897667,0,0,,,,,,,,,,,,,,,,,,,,
1362,0,0,0,0,0,0,0,0,0,0,0.66170965,0,0,,,,,,,,,,,,,,,,,,,,
1363,0,0,0,0,0,0,0,0,0,0,0.766464195,0,0,,,,,,,,,,,,,,,,,,,,
1364,0,0,0,0,0,0,0,0,0,0,0.856458825,0,0,,,,,,,,,,,,,,,,,,,,
1365,0,0,0,0,0,0,0,0,0,0,0.921344555,0,0,,,,,,,,,,,,,,,,,,,,
1366,0,0,0,0,0,0,0,0,0,0,0.959272645,0,0,,,,,,,,,,,,,,,,,,,,
1367,0,0,0,0,0,0,0,0,0,0,0.97787426,0,0,,,,,,,,,,,,,,,,,,,,
1368,0,0,0,0,0,0,0,0,0,0,0.98706261,0,0,,,,,,,,,,,,,,,,,,,,
1369,0,0,0,0,0,0,0,0,0,0,0.992951485,0,0,,,,,,,,,,,,,,,,,,,,
1370,0,0,0,0,0,0,0,0,0,0,0.997126145,0,0,,,,,,,,,,,,,,,,,,,,
1371,0,0,0,0,0,0,0,0,0,0,0.999530055,0,0,,,,,,,,,,,,,,,,,,,,
1372,0,0,0,0,0,0,0,0,0,0,0.99971174,0,0,,,,,,,,,,,,,,,,,,,,
1373,0,0,0,0,0,0,0,0,0,0,0.997623125,0,0,,,,,,,,,,,,,,,,,,,,
1374,0,0,0,0,0,0,0,0,0,0,0.993418245,0,0,,,,,,,,,,,,,,,,,,,,
1375,0,0,0,0,0,0,0,0,0,0,0.9875607,0,0,,,,,,,,,,,,,,,,,,,,
1376,0,0,0,0,0,0,0,0,0,0,0.980941835,0,0,,,,,,,,,,,,,,,,,,,,
1377,0,0,0,0,0,0,0,0,0,0,0.974078945,0,0,,,,,,,,,,,,,,,,,,,,
1378,0,0,0,0,0,0,0,0,0,0,0.9670224,0,0,,,,,,,,,,,,,,,,,,,,
1379,0,0,0,0,0,0,0,0,0,0,0.959179775,0,0,,,,,,,,,,,,,,,,,,,,
1380,0,0,0,0,0,0,0,0,0,0,0.949886015,0,0,,,,,,,,,,,,,,,,,,,,
1381,0,0,0,0,0,0,0,0,0,0,0.93930373,0,0,,,,,,,,,,,,,,,,,,,,
1382,0,0,0,0,0,0,0,0,0,0,0.927759975,0,0,,,,,,,,,,,,,,,,,,,,
1383,0,0,0,0,0,0,0,0,0,0,0.915697825,0,0,,,,,,,,,,,,,,,,,,,,
1384,0,0,0,0,0,0,0,0,0,0,0.90225019,0,0,,,,,,,,,,,,,,,,,,,,
1385,0,0,0,0,0,0,0,0,0,0,0.882666995,0,0,,,,,,,,,,,,,,,,,,,,
1386,0,0,0,0,0,0,0,0,0,0,0.847193325,0,0,,,,,,,,,,,,,,,,,,,,
1387,0,0,0,0,0,0,0,0,0,0,0.78535427,0,0,,,,,,,,,,,,,,,,,,,,
1388,0,0,0,0,0,0,0,0,0,0,0.69600969,0,0,,,,,,,,,,,,,,,,,,,,
1389,0,0,0,0,0,0,0,0,0,0,0.59072195,0,0,,,,,,,,,,,,,,,,,,,,
1390,0,0,0,0,0,0,0,0,0,0,0.48328219,0,0,,,,,,,,,,,,,,,,,,,,
1391,0,0,0,0,0,0,0,0,0,0,0.38083744,0,0,,,,,,,,,,,,,,,,,,,,
1392,0,0,0,0,0,0,0,0,0,0,0.282510735,0,0,,,,,,,,,,,,,,,,,,,,
1393,0,0,0,0,0,0,0,0,0,0,0.190674065,0,0,,,,,,,,,,,,,,,,,,,,
1394,0,0,0,0,0,0,0,0,0,0,0.113070675,0,0,,,,,,,,,,,,,,,,,,,,
1395,0,0,0,0,0,0,0,0,0,0,0.05758005,0,0,,,,,,,,,,,,,,,,,,,,
1396,0,0,0,0,0,0,0,0,0,0,0.025134555,0,0,,,,,,,,,,,,,,,,,,,,
1397,0,0,0,0,0,0,0,0,0,0,0.0098214,0,0,,,,,,,,,,,,,,,,,,,,
1398,0,0,0,0,0,0,0,0,0,0,0.00385286,0,0,,,,,,,,,,,,,,,,,,,,
1399,0,0,0,0,0,0,0,0,0,0,0.0017495,0,0,,,,,,,,,,,,,,,,,,,,
1400,0,0,0,0,0,0,0,0,0,0,0.000872525,0,0,,,,,,,,,,,,,,,,,,,,
1401,0,0,0,0,0,0,0,0,0,0,0.0005326,0,0,,,,,,,,,,,,,,,,,,,,
1402,0,0,0,0,0,0,0,0,0,0,0.000362425,0,0,,,,,,,,,,,,,,,,,,,,
1403,0,0,0,0,0,0,0,0,0,0,0.00021796,0,0,,,,,,,,,,,,,,,,,,,,
1404,0,0,0,0,0,0,0,0,0,0,0.00012683,0,0,,,,,,,,,,,,,,,,,,,,
1405,0,0,0,0,0,0,0,0,0,0,0.000136065,0,0,,,,,,,,,,,,,,,,,,,,
1406,0,0,0,0,0,0,0,0,0,0,0.000143805,0,0,,,,,,,,,,,,,,,,,,,,
1407,0,0,0,0,0,0,0,0,0,0,0.000118415,0,0,,,,,,,,,,,,,,,,,,,,
1408,0,0,0,0,0,0,0,0,0,0,0.000099595,0,0,,,,,,,,,,,,,,,,,,,,
1409,0,0,0,0,0,0,0,0,0,0,0.00009311,0,0,,,,,,,,,,,,,,,,,,,,
1410,0,0,0,0,0,0,0,0,0,0,0.000135115,0,0,,,,,,,,,,,,,,,,,,,,
1411,0,0,0,0,0,0,0,0,0,0,0.00012833,0,0,,,,,,,,,,,,,,,,,,,,
1412,0,0,0,0,0,0,0,0,0,0,0.000099535,0,0,,,,,,,,,,,,,,,,,,,,
1413,0,0,0,0,0,0,0,0,0,0,0.000118095,0,0,,,,,,,,,,,,,,,,,,,,
1414,0,0,0,0,0,0,0,0,0,0,0.000060035,0,0,,,,,,,,,,,,,,,,,,,,
1415,0,0,0,0,0,0,0,0,0,0,0.000021685,0,0,,,,,,,,,,,,,,,,,,,,
1416,0,0,0,0,0,0,0,0,0,0,0,0,0,,,,,,,,,,,,,,,,,,,,
1417,0,0,0,0,0,0,0,0,0,0,0,0,0,,,,,,,,,,,,,,,,,,,,
1418,0,0,0,0,0,0,0,0,0,0,0,0,0,,,,,,,,,,,,,,,,,,,,
1419,0,0,0,0,0,0,0,0,0,0,0,0,0,,,,,,,,,,,,,,,,,,,,
1420,0,0,0,0,0,0,0,0,0,0,0,0,0,,,,,,,,,,,,,,,,,,,,
1421,0,0,0,0,0,0,0,0,0,0,0,0,0,,,,,,,,,,,,,,,,,,,,
1422,0,0,0,0,0,0,0,0,0,0,0,0,0,,,,,,,,,,,,,,,,,,,,
1423,0,0,0,0,0,0,0,0,0,0,0,0,0,,,,,,,,,,,,,,,,,,,,
1424,0,0,0,0,0,0,0,0,0,0,0,0,0,,,,,,,,,,,,,,,,,,,,
1425,0,0,0,0,0,0,0,0,0,0,0,0,0,,,,,,,,,,,,,,,,,,,,
1426,0,0,0,0,0,0,0,0,0,0,0,0,0,,,,,,,,,,,,,,,,,,,,
1427,0,0,0,0,0,0,0,0,0,0,0,0,0,,,,,,,,,,,,,,,,,,,,
1428,0,0,0,0,0,0,0,0,0,0,0,0,0,,,,,,,,,,,,,,,,,,,,
1429,0,0,0,0,0,0,0,0,0,0,0,0,0,,,,,,,,,,,,,,,,,,,,
1430,0,0,0,0,0,0,0,0,0,0,0,0,0,,,,,,,,,,,,,,,,,,,,
1431,0,0,0,0,0,0,0,0,0,0,0,0,0,,,,,,,,,,,,,,,,,,,,
1432,0,0,0,0,0,0,0,0,0,0,0,0,0,,,,,,,,,,,,,,,,,,,,
1433,0,0,0,0,0,0,0,0,0,0,0,0,0,,,,,,,,,,,,,,,,,,,,
1434,0,0,0,0,0,0,0,0,0,0,0,0,0,,,,,,,,,,,,,,,,,,,,
1435,0,0,0,0,0,0,0,0,0,0,0,0,0,,,,,,,,,,,,,,,,,,,,
1436,0,0,0,0,0,0,0,0,0,0,0,0,0,,,,,,,,,,,,,,,,,,,,
1437,0,0,0,0,0,0,0,0,0,0,0,0,0,,,,,,,,,,,,,,,,,,,,
1438,0,0,0,0,0,0,0,0,0,0,0,0,0,,,,,,,,,,,,,,,,,,,,
1439,0,0,0,0,0,0,0,0,0,0,0,0,0,,,,,,,,,,,,,,,,,,,,
1440,0,0,0,0,0,0,0,0,0,0,0,0,0,,,,,,,,,,,,,,,,,,,,
1441,0,0,0,0,0,0,0,0,0,0,0,0,0,,,,,,,,,,,,,,,,,,,,
1442,0,0,0,0,0,0,0,0,0,0,0,0,0,,,,,,,,,,,,,,,,,,,,
1443,0,0,0,0,0,0,0,0,0,0,0,0,0,,,,,,,,,,,,,,,,,,,,
1444,0,0,0,0,0,0,0,0,0,0,0,0,0,,,,,,,,,,,,,,,,,,,,
1445,0,0,0,0,0,0,0,0,0,0,0,0,0,,,,,,,,,,,,,,,,,,,,
1446,0,0,0,0,0,0,0,0,0,0,0,0,0,,,,,,,,,,,,,,,,,,,,
1447,0,0,0,0,0,0,0,0,0,0,0,0,0,,,,,,,,,,,,,,,,,,,,
1448,0,0,0,0,0,0,0,0,0,0,0,0,0,,,,,,,,,,,,,,,,,,,,
1449,0,0,0,0,0,0,0,0,0,0,0,0,0,,,,,,,,,,,,,,,,,,,,
1450,0,0,0,0,0,0,0,0,0,0,0,0,0,,,,,,,,,,,,,,,,,,,,
1451,0,0,0,0,0,0,0,0,0,0,0,0,0,,,,,,,,,,,,,,,,,,,,
1452,0,0,0,0,0,0,0,0,0,0,0,0,0,,,,,,,,,,,,,,,,,,,,
1453,0,0,0,0,0,0,0,0,0,0,0,0,0,,,,,,,,,,,,,,,,,,,,
1454,0,0,0,0,0,0,0,0,0,0,0,0,0,,,,,,,,,,,,,,,,,,,,
1455,0,0,0,0,0,0,0,0,0,0,0,0,0,,,,,,,,,,,,,,,,,,,,
1456,0,0,0,0,0,0,0,0,0,0,0,0,0,,,,,,,,,,,,,,,,,,,,
1457,0,0,0,0,0,0,0,0,0,0,0,0,0,,,,,,,,,,,,,,,,,,,,
1458,0,0,0,0,0,0,0,0,0,0,0,0,0,,,,,,,,,,,,,,,,,,,,
1459,0,0,0,0,0,0,0,0,0,0,0,0,0,,,,,,,,,,,,,,,,,,,,
1460,0,0,0,0,0,0,0,0,0,0,0,0,0,,,,,,,,,,,,,,,,,,,,
1461,0,0,0,0,0,0,0,0,0,0,0,0,0,,,,,,,,,,,,,,,,,,,,
1462,0,0,0,0,0,0,0,0,0,0,0,0,0,,,,,,,,,,,,,,,,,,,,
1463,0,0,0,0,0,0,0,0,0,0,0,0,0,,,,,,,,,,,,,,,,,,,,
1464,0,0,0,0,0,0,0,0,0,0,0,0,0,,,,,,,,,,,,,,,,,,,,
1465,0,0,0,0,0,0,0,0,0,0,0,0,0,,,,,,,,,,,,,,,,,,,,
1466,0,0,0,0,0,0,0,0,0,0,0,0,0,,,,,,,,,,,,,,,,,,,,
1467,0,0,0,0,0,0,0,0,0,0,0,0,0,,,,,,,,,,,,,,,,,,,,
1468,0,0,0,0,0,0,0,0,0,0,0,0,0,,,,,,,,,,,,,,,,,,,,
1469,0,0,0,0,0,0,0,0,0,0,0,0,0,,,,,,,,,,,,,,,,,,,,
1470,0,0,0,0,0,0,0,0,0,0,0,0,0,,,,,,,,,,,,,,,,,,,,
1471,0,0,0,0,0,0,0,0,0,0,0,0,0,,,,,,,,,,,,,,,,,,,,
1472,0,0,0,0,0,0,0,0,0,0,0,0,0,,,,,,,,,,,,,,,,,,,,
1473,0,0,0,0,0,0,0,0,0,0,0,0,0,,,,,,,,,,,,,,,,,,,,
1474,0,0,0,0,0,0,0,0,0,0,0,0,0,,,,,,,,,,,,,,,,,,,,
1475,0,0,0,0,0,0,0,0,0,0,0,0,0,,,,,,,,,,,,,,,,,,,,
1476,0,0,0,0,0,0,0,0,0,0,0,0,0,,,,,,,,,,,,,,,,,,,,
1477,0,0,0,0,0,0,0,0,0,0,0,0,0,,,,,,,,,,,,,,,,,,,,
1478,0,0,0,0,0,0,0,0,0,0,0,0,0,,,,,,,,,,,,,,,,,,,,
1479,0,0,0,0,0,0,0,0,0,0,0,0,0,,,,,,,,,,,,,,,,,,,,
1480,0,0,0,0,0,0,0,0,0,0,0,0,0,,,,,,,,,,,,,,,,,,,,
1481,0,0,0,0,0,0,0,0,0,0,0,0,0,,,,,,,,,,,,,,,,,,,,
1482,0,0,0,0,0,0,0,0,0,0,0,0,0,,,,,,,,,,,,,,,,,,,,
1483,0,0,0,0,0,0,0,0,0,0,0,0,0,,,,,,,,,,,,,,,,,,,,
1484,0,0,0,0,0,0,0,0,0,0,0,0,0,,,,,,,,,,,,,,,,,,,,
1485,0,0,0,0,0,0,0,0,0,0,0,0,0,,,,,,,,,,,,,,,,,,,,
1486,0,0,0,0,0,0,0,0,0,0,0,0,0,,,,,,,,,,,,,,,,,,,,
1487,0,0,0,0,0,0,0,0,0,0,0,0,0,,,,,,,,,,,,,,,,,,,,
1488,0,0,0,0,0,0,0,0,0,0,0,0,0,,,,,,,,,,,,,,,,,,,,
1489,0,0,0,0,0,0,0,0,0,0,0,0,0,,,,,,,,,,,,,,,,,,,,
1490,0,0,0,0,0,0,0,0,0,0,0,0,0,,,,,,,,,,,,,,,,,,,,
1491,0,0,0,0,0,0,0,0,0,0,0,0,0,,,,,,,,,,,,,,,,,,,,
1492,0,0,0,0,0,0,0,0,0,0,0,0,0,,,,,,,,,,,,,,,,,,,,
1493,0,0,0,0,0,0,0,0,0,0,0,0,0,,,,,,,,,,,,,,,,,,,,
1494,0,0,0,0,0,0,0,0,0,0,0,0,0,,,,,,,,,,,,,,,,,,,,
1495,0,0,0,0,0,0,0,0,0,0,0,0,0,,,,,,,,,,,,,,,,,,,,
1496,0,0,0,0,0,0,0,0,0,0,0,0,0,,,,,,,,,,,,,,,,,,,,
1497,0,0,0,0,0,0,0,0,0,0,0,0,0,,,,,,,,,,,,,,,,,,,,
1498,0,0,0,0,0,0,0,0,0,0,0,0,0,,,,,,,,,,,,,,,,,,,,
1499,0,0,0,0,0,0,0,0,0,0,0,0,0,,,,,,,,,,,,,,,,,,,,
1500,0,0,0,0,0,0,0,0,0,0,0,0,0,,,,,,,,,,,,,,,,,,,,
1501,0,0,0,0,0,0,0,0,0,0,0,0,0,,,,,,,,,,,,,,,,,,,,
1502,0,0,0,0,0,0,0,0,0,0,0,0,0,,,,,,,,,,,,,,,,,,,,
1503,0,0,0,0,0,0,0,0,0,0,0,0,0,,,,,,,,,,,,,,,,,,,,
1504,0,0,0,0,0,0,0,0,0,0,0,0,0,,,,,,,,,,,,,,,,,,,,
1505,0,0,0,0,0,0,0,0,0,0,0,0,0,,,,,,,,,,,,,,,,,,,,
1506,0,0,0,0,0,0,0,0,0,0,0,0,0,,,,,,,,,,,,,,,,,,,,
1507,0,0,0,0,0,0,0,0,0,0,0,0,0,,,,,,,,,,,,,,,,,,,,
1508,0,0,0,0,0,0,0,0,0,0,0,0,0,,,,,,,,,,,,,,,,,,,,
1509,0,0,0,0,0,0,0,0,0,0,0,0,0,,,,,,,,,,,,,,,,,,,,
1510,0,0,0,0,0,0,0,0,0,0,0,0,0,,,,,,,,,,,,,,,,,,,,
1511,0,0,0,0,0,0,0,0,0,0,0,0,0,,,,,,,,,,,,,,,,,,,,
1512,0,0,0,0,0,0,0,0,0,0,0,0,0,,,,,,,,,,,,,,,,,,,,
1513,0,0,0,0,0,0,0,0,0,0,0,0,0,,,,,,,,,,,,,,,,,,,,
1514,0,0,0,0,0,0,0,0,0,0,0,0,0,,,,,,,,,,,,,,,,,,,,
1515,0,0,0,0,0,0,0,0,0,0,0,0,0,,,,,,,,,,,,,,,,,,,,
1516,0,0,0,0,0,0,0,0,0,0,0,0,0,,,,,,,,,,,,,,,,,,,,
1517,0,0,0,0,0,0,0,0,0,0,0,0,0,,,,,,,,,,,,,,,,,,,,
1518,0,0,0,0,0,0,0,0,0,0,0,0,0,,,,,,,,,,,,,,,,,,,,
1519,0,0,0,0,0,0,0,0,0,0,0,0,0,,,,,,,,,,,,,,,,,,,,
1520,0,0,0,0,0,0,0,0,0,0,0,0,0,,,,,,,,,,,,,,,,,,,,
1521,0,0,0,0,0,0,0,0,0,0,0,0,0,,,,,,,,,,,,,,,,,,,,
1522,0,0,0,0,0,0,0,0,0,0,0,0,0,,,,,,,,,,,,,,,,,,,,
1523,0,0,0,0,0,0,0,0,0,0,0,0,0,,,,,,,,,,,,,,,,,,,,
1524,0,0,0,0,0,0,0,0,0,0,0,0,0,,,,,,,,,,,,,,,,,,,,
1525,0,0,0,0,0,0,0,0,0,0,0,0,0,,,,,,,,,,,,,,,,,,,,
1526,0,0,0,0,0,0,0,0,0,0,0,0,0,,,,,,,,,,,,,,,,,,,,
1527,0,0,0,0,0,0,0,0,0,0,0,0,0,,,,,,,,,,,,,,,,,,,,
1528,0,0,0,0,0,0,0,0,0,0,0,0,0,,,,,,,,,,,,,,,,,,,,
1529,0,0,0,0,0,0,0,0,0,0,0,0,0,,,,,,,,,,,,,,,,,,,,
1530,0,0,0,0,0,0,0,0,0,0,0,0,0,,,,,,,,,,,,,,,,,,,,
1531,0,0,0,0,0,0,0,0,0,0,0,0,0,,,,,,,,,,,,,,,,,,,,
1532,0,0,0,0,0,0,0,0,0,0,0,0,0,,,,,,,,,,,,,,,,,,,,
1533,0,0,0,0,0,0,0,0,0,0,0,0,0,,,,,,,,,,,,,,,,,,,,
1534,0,0,0,0,0,0,0,0,0,0,0,0,0,,,,,,,,,,,,,,,,,,,,
1535,0,0,0,0,0,0,0,0,0,0,0,0,0,,,,,,,,,,,,,,,,,,,,
1536,0,0,0,0,0,0,0,0,0,0,0,0,0,,,,,,,,,,,,,,,,,,,,
1537,0,0,0,0,0,0,0,0,0,0,0,0,0,,,,,,,,,,,,,,,,,,,,
1538,0,0,0,0,0,0,0,0,0,0,0,0.00000577,0,,,,,,,,,,,,,,,,,,,,
1539,0,0,0,0,0,0,0,0,0,0,0,0.00001693,0,,,,,,,,,,,,,,,,,,,,
1540,0,0,0,0,0,0,0,0,0,0,0,0.000043975,0,,,,,,,,,,,,,,,,,,,,
1541,0,0,0,0,0,0,0,0,0,0,0,0.00008905,0,,,,,,,,,,,,,,,,,,,,
1542,0,0,0,0,0,0,0,0,0,0,0,0.00015078,0,,,,,,,,,,,,,,,,,,,,
1543,0,0,0,0,0,0,0,0,0,0,0,0.000190705,0,,,,,,,,,,,,,,,,,,,,
1544,0,0,0,0,0,0,0,0,0,0,0,0.000274395,0,,,,,,,,,,,,,,,,,,,,
1545,0,0,0,0,0,0,0,0,0,0,0,0.00039868,0,,,,,,,,,,,,,,,,,,,,
1546,0,0,0,0,0,0,0,0,0,0,0,0.000535475,0,,,,,,,,,,,,,,,,,,,,
1547,0,0,0,0,0,0,0,0,0,0,0,0.00077709,0,,,,,,,,,,,,,,,,,,,,
1548,0,0,0,0,0,0,0,0,0,0,0,0.000996975,0,,,,,,,,,,,,,,,,,,,,
1549,0,0,0,0,0,0,0,0,0,0,0,0.0013073,0,,,,,,,,,,,,,,,,,,,,
1550,0,0,0,0,0,0,0,0,0,0,0,0.00178131,0,,,,,,,,,,,,,,,,,,,,
1551,0,0,0,0,0,0,0,0,0,0,0,0.00241673,0,,,,,,,,,,,,,,,,,,,,
1552,0,0,0,0,0,0,0,0,0,0,0,0.0034403,0,,,,,,,,,,,,,,,,,,,,
1553,0,0,0,0,0,0,0,0,0,0,0,0.00500006,0,,,,,,,,,,,,,,,,,,,,
1554,0,0,0,0,0,0,0,0,0,0,0,0.007382905,0,,,,,,,,,,,,,,,,,,,,
1555,0,0,0,0,0,0,0,0,0,0,0,0.01120043,0,,,,,,,,,,,,,,,,,,,,
1556,0,0,0,0,0,0,0,0,0,0,0,0.017449805,0,,,,,,,,,,,,,,,,,,,,
1557,0,0,0,0,0,0,0,0,0,0,0,0.026913285,0,,,,,,,,,,,,,,,,,,,,
1558,0,0,0,0,0,0,0,0,0,0,0,0.040807985,0,,,,,,,,,,,,,,,,,,,,
1559,0,0,0,0,0,0,0,0,0,0,0,0.0609303,0,,,,,,,,,,,,,,,,,,,,
1560,0,0,0,0,0,0,0,0,0,0,0,0.08937477,0,,,,,,,,,,,,,,,,,,,,
1561,0,0,0,0,0,0,0,0,0,0,0,0.127422895,0,,,,,,,,,,,,,,,,,,,,
1562,0,0,0,0,0,0,0,0,0,0,0,0.17771389,0,,,,,,,,,,,,,,,,,,,,
1563,0,0,0,0,0,0,0,0,0,0,0,0.240337115,0,,,,,,,,,,,,,,,,,,,,
1564,0,0,0,0,0,0,0,0,0,0,0,0.31207615,0,,,,,,,,,,,,,,,,,,,,
1565,0,0,0,0,0,0,0,0,0,0,0,0.39351756,0,,,,,,,,,,,,,,,,,,,,
1566,0,0,0,0,0,0,0,0,0,0,0,0.479951475,0,,,,,,,,,,,,,,,,,,,,
1567,0,0,0,0,0,0,0,0,0,0,0,0.566130035,0,,,,,,,,,,,,,,,,,,,,
1568,0,0,0,0,0,0,0,0,0,0,0,0.6488253,0,,,,,,,,,,,,,,,,,,,,
1569,0,0,0,0,0,0,0,0,0,0,0,0.726112205,0,,,,,,,,,,,,,,,,,,,,
1570,0,0,0,0,0,0,0,0,0,0,0,0.79619674,0,,,,,,,,,,,,,,,,,,,,
1571,0,0,0,0,0,0,0,0,0,0,0,0.85318766,0,,,,,,,,,,,,,,,,,,,,
1572,0,0,0,0,0,0,0,0,0,0,0,0.893764895,0,,,,,,,,,,,,,,,,,,,,
1573,0,0,0,0,0,0,0,0,0,0,0,0.917853425,0,,,,,,,,,,,,,,,,,,,,
1574,0,0,0,0,0,0,0,0,0,0,0,0.928511715,0,,,,,,,,,,,,,,,,,,,,
1575,0,0,0,0,0,0,0,0,0,0,0,0.931759915,0,,,,,,,,,,,,,,,,,,,,
1576,0,0,0,0,0,0,0,0,0,0,0,0.93202028,0,,,,,,,,,,,,,,,,,,,,
1577,0,0,0,0,0,0,0,0,0,0,0,0.93221274,0,,,,,,,,,,,,,,,,,,,,
1578,0,0,0,0,0,0,0,0,0,0,0,0.93435338,0,,,,,,,,,,,,,,,,,,,,
1579,0,0,0,0,0,0,0,0,0,0,0,0.93802276,0,,,,,,,,,,,,,,,,,,,,
1580,0,0,0,0,0,0,0,0,0,0,0,0.94267473,0,,,,,,,,,,,,,,,,,,,,
1581,0,0,0,0,0,0,0,0,0,0,0,0.948028825,0,,,,,,,,,,,,,,,,,,,,
1582,0,0,0,0,0,0,0,0,0,0,0,0.95283503,0,,,,,,,,,,,,,,,,,,,,
1583,0,0,0,0,0,0,0,0,0,0,0,0.95749716,0,,,,,,,,,,,,,,,,,,,,
1584,0,0,0,0,0,0,0,0,0,0,0,0.96176781,0,,,,,,,,,,,,,,,,,,,,
1585,0,0,0,0,0,0,0,0,0,0,0,0.96513203,0,,,,,,,,,,,,,,,,,,,,
1586,0,0,0,0,0,0,0,0,0,0,0,0.96758819,0,,,,,,,,,,,,,,,,,,,,
1587,0,0,0,0,0,0,0,0,0,0,0,0.96992982,0,,,,,,,,,,,,,,,,,,,,
1588,0,0,0,0,0,0,0,0,0,0,0,0.971481085,0,,,,,,,,,,,,,,,,,,,,
1589,0,0,0,0,0,0,0,0,0,0,0,0.97250843,0,,,,,,,,,,,,,,,,,,,,
1590,0,0,0,0,0,0,0,0,0,0,0,0.97366971,0,,,,,,,,,,,,,,,,,,,,
1591,0,0,0,0,0,0,0,0,0,0,0,0.97456199,0,,,,,,,,,,,,,,,,,,,,
1592,0,0,0,0,0,0,0,0,0,0,0,0.97480572,0,,,,,,,,,,,,,,,,,,,,
1593,0,0,0,0,0,0,0,0,0,0,0,0.9752003,0,,,,,,,,,,,,,,,,,,,,
1594,0,0,0,0,0,0,0,0,0,0,0,0.97572918,0,,,,,,,,,,,,,,,,,,,,
1595,0,0,0,0,0,0,0,0,0,0,0,0.976104795,0,,,,,,,,,,,,,,,,,,,,
1596,0,0,0,0,0,0,0,0,0,0,0,0.977012635,0,,,,,,,,,,,,,,,,,,,,
1597,0,0,0,0,0,0,0,0,0,0,0,0.977819015,0,,,,,,,,,,,,,,,,,,,,
1598,0,0,0,0,0,0,0,0,0,0,0,0.978716935,0,,,,,,,,,,,,,,,,,,,,
1599,0,0,0,0,0,0,0,0,0,0,0,0.979965155,0,,,,,,,,,,,,,,,,,,,,
1600,0,0,0,0,0,0,0,0,0,0,0,0.981715135,0,,,,,,,,,,,,,,,,,,,,
1601,0,0,0,0,0,0,0,0,0,0,0,0.98322354,0,,,,,,,,,,,,,,,,,,,,
1602,0,0,0,0,0,0,0,0,0,0,0,0.98467109,0,,,,,,,,,,,,,,,,,,,,
1603,0,0,0,0,0,0,0,0,0,0,0,0.9863371,0,,,,,,,,,,,,,,,,,,,,
1604,0,0,0,0,0,0,0,0,0,0,0,0.98791071,0,,,,,,,,,,,,,,,,,,,,
1605,0,0,0,0,0,0,0,0,0,0,0,0.98928791,0,,,,,,,,,,,,,,,,,,,,
1606,0,0,0,0,0,0,0,0,0,0,0,0.990484925,0,,,,,,,,,,,,,,,,,,,,
1607,0,0,0,0,0,0,0,0,0,0,0,0.99126596,0,,,,,,,,,,,,,,,,,,,,
1608,0,0,0,0,0,0,0,0,0,0,0,0.991219275,0,,,,,,,,,,,,,,,,,,,,
1609,0,0,0,0,0,0,0,0,0,0,0,0.990292405,0,,,,,,,,,,,,,,,,,,,,
1610,0,0,0,0,0,0,0,0,0,0,0,0.9890919,0,,,,,,,,,,,,,,,,,,,,
1611,0,0,0,0,0,0,0,0,0,0,0,0.9868179,0,,,,,,,,,,,,,,,,,,,,
1612,0,0,0,0,0,0,0,0,0,0,0,0.983611595,0,,,,,,,,,,,,,,,,,,,,
1613,0,0,0,0,0,0,0,0,0,0,0,0.980345645,0,,,,,,,,,,,,,,,,,,,,
1614,0,0,0,0,0,0,0,0,0,0,0,0.977730575,0,,,,,,,,,,,,,,,,,,,,
1615,0,0,0,0,0,0,0,0,0,0,0,0.97528256,0,,,,,,,,,,,,,,,,,,,,
1616,0,0,0,0,0,0,0,0,0,0,0,0.973301455,0,,,,,,,,,,,,,,,,,,,,
1617,0,0,0,0,0,0,0,0,0,0,0,0.972459005,0,,,,,,,,,,,,,,,,,,,,
1618,0,0,0,0,0,0,0,0,0,0,0,0.9725119,0,,,,,,,,,,,,,,,,,,,,
1619,0,0,0,0,0,0,0,0,0,0,0,0.973096625,0,,,,,,,,,,,,,,,,,,,,
1620,0,0,0,0,0,0,0,0,0,0,0,0.97462563,0,,,,,,,,,,,,,,,,,,,,
1621,0,0,0,0,0,0,0,0,0,0,0,0.97691424,0,,,,,,,,,,,,,,,,,,,,
1622,0,0,0,0,0,0,0,0,0,0,0,0.979301085,0,,,,,,,,,,,,,,,,,,,,
1623,0,0,0,0,0,0,0,0,0,0,0,0.98187405,0,,,,,,,,,,,,,,,,,,,,
1624,0,0,0,0,0,0,0,0,0,0,0,0.98441149,0,,,,,,,,,,,,,,,,,,,,
1625,0,0,0,0,0,0,0,0,0,0,0,0.98668874,0,,,,,,,,,,,,,,,,,,,,
1626,0,0,0,0,0,0,0,0,0,0,0,0.98882798,0,,,,,,,,,,,,,,,,,,,,
1627,0,0,0,0,0,0,0,0,0,0,0,0.990039255,0,,,,,,,,,,,,,,,,,,,,
1628,0,0,0,0,0,0,0,0,0,0,0,0.99046156,0,,,,,,,,,,,,,,,,,,,,
1629,0,0,0,0,0,0,0,0,0,0,0,0.9907854,0,,,,,,,,,,,,,,,,,,,,
1630,0,0,0,0,0,0,0,0,0,0,0,0.99066005,0,,,,,,,,,,,,,,,,,,,,
1631,0,0,0,0,0,0,0,0,0,0,0,0.989901715,0,,,,,,,,,,,,,,,,,,,,
1632,0,0,0,0,0,0,0,0,0,0,0,0.989230895,0,,,,,,,,,,,,,,,,,,,,
1633,0,0,0,0,0,0,0,0,0,0,0,0.989439225,0,,,,,,,,,,,,,,,,,,,,
1634,0,0,0,0,0,0,0,0,0,0,0,0.98978592,0,,,,,,,,,,,,,,,,,,,,
1635,0,0,0,0,0,0,0,0,0,0,0,0.990662695,0,,,,,,,,,,,,,,,,,,,,
1636,0,0,0,0,0,0,0,0,0,0,0,0.99257432,0,,,,,,,,,,,,,,,,,,,,
1637,0,0,0,0,0,0,0,0,0,0,0,0.994654965,0,,,,,,,,,,,,,,,,,,,,
1638,0,0,0,0,0,0,0,0,0,0,0,0.9957354,0,,,,,,,,,,,,,,,,,,,,
1639,0,0,0,0,0,0,0,0,0,0,0,0.99609924,0,,,,,,,,,,,,,,,,,,,,
1640,0,0,0,0,0,0,0,0,0,0,0,0.994607435,0,,,,,,,,,,,,,,,,,,,,
1641,0,0,0,0,0,0,0,0,0,0,0,0.989410005,0,,,,,,,,,,,,,,,,,,,,
1642,0,0,0,0,0,0,0,0,0,0,0,0.980916965,0,,,,,,,,,,,,,,,,,,,,
1643,0,0,0,0,0,0,0,0,0,0,0,0.96949783,0,,,,,,,,,,,,,,,,,,,,
1644,0,0,0,0,0,0,0,0,0,0,0,0.955552165,0,,,,,,,,,,,,,,,,,,,,
1645,0,0,0,0,0,0,0,0,0,0,0,0.939068505,0,,,,,,,,,,,,,,,,,,,,
1646,0,0,0,0,0,0,0,0,0,0,0,0.9226402,0,,,,,,,,,,,,,,,,,,,,
1647,0,0,0,0,0,0,0,0,0,0,0,0.90895712,0,,,,,,,,,,,,,,,,,,,,
1648,0,0,0,0,0,0,0,0,0,0,0,0.898923775,0,,,,,,,,,,,,,,,,,,,,
1649,0,0,0,0,0,0,0,0,0,0,0,0.89319478,0,,,,,,,,,,,,,,,,,,,,
1650,0,0,0,0,0,0,0,0,0,0,0,0.891287375,0,,,,,,,,,,,,,,,,,,,,
1651,0,0,0,0,0,0,0,0,0,0,0,0.89157414,0,,,,,,,,,,,,,,,,,,,,
1652,0,0,0,0,0,0,0,0,0,0,0,0.88877622,0,,,,,,,,,,,,,,,,,,,,
1653,0,0,0,0,0,0,0,0,0,0,0,0.876726255,0,,,,,,,,,,,,,,,,,,,,
1654,0,0,0,0,0,0,0,0,0,0,0,0.84747371,0,,,,,,,,,,,,,,,,,,,,
1655,0,0,0,0,0,0,0,0,0,0,0,0.791285105,0,,,,,,,,,,,,,,,,,,,,
1656,0,0,0,0,0,0,0,0,0,0,0,0.70703604,0,,,,,,,,,,,,,,,,,,,,
1657,0,0,0,0,0,0,0,0,0,0,0,0.603993905,0,,,,,,,,,,,,,,,,,,,,
1658,0,0,0,0,0,0,0,0,0,0,0,0.495874185,0,,,,,,,,,,,,,,,,,,,,
1659,0,0,0,0,0,0,0,0,0,0,0,0.390415005,0,,,,,,,,,,,,,,,,,,,,
1660,0,0,0,0,0,0,0,0,0,0,0,0.290364755,0,,,,,,,,,,,,,,,,,,,,
1661,0,0,0,0,0,0,0,0,0,0,0,0.205354685,0,,,,,,,,,,,,,,,,,,,,
1662,0,0,0,0,0,0,0,0,0,0,0,0.13998921,0,,,,,,,,,,,,,,,,,,,,
1663,0,0,0,0,0,0,0,0,0,0,0,0.091936235,0,,,,,,,,,,,,,,,,,,,,
1664,0,0,0,0,0,0,0,0,0,0,0,0.059561155,0,,,,,,,,,,,,,,,,,,,,
1665,0,0,0,0,0,0,0,0,0,0,0,0.03766749,0,,,,,,,,,,,,,,,,,,,,
1666,0,0,0,0,0,0,0,0,0,0,0,0.024016075,0,,,,,,,,,,,,,,,,,,,,
1667,0,0,0,0,0,0,0,0,0,0,0,0.01592704,0,,,,,,,,,,,,,,,,,,,,
1668,0,0,0,0,0,0,0,0,0,0,0,0.011060005,0,,,,,,,,,,,,,,,,,,,,
1669,0,0,0,0,0,0,0,0,0,0,0,0.00782506,0,,,,,,,,,,,,,,,,,,,,
1670,0,0,0,0,0,0,0,0,0,0,0,0.00555845,0,,,,,,,,,,,,,,,,,,,,
1671,0,0,0,0,0,0,0,0,0,0,0,0.00411622,0,,,,,,,,,,,,,,,,,,,,
1672,0,0,0,0,0,0,0,0,0,0,0,0.002939045,0,,,,,,,,,,,,,,,,,,,,
1673,0,0,0,0,0,0,0,0,0,0,0,0.00224332,0,,,,,,,,,,,,,,,,,,,,
1674,0,0,0,0,0,0,0,0,0,0,0,0.0017321,0,,,,,,,,,,,,,,,,,,,,
1675,0,0,0,0,0,0,0,0,0,0,0,0.00127481,0,,,,,,,,,,,,,,,,,,,,
1676,0,0,0,0,0,0,0,0,0,0,0,0.00092043,0,,,,,,,,,,,,,,,,,,,,
1677,0,0,0,0,0,0,0,0,0,0,0,0.00052032,0,,,,,,,,,,,,,,,,,,,,
1678,0,0,0,0,0,0,0,0,0,0,0,0.00025426,0,,,,,,,,,,,,,,,,,,,,
1679,0,0,0,0,0,0,0,0,0,0,0,0.000146295,0,,,,,,,,,,,,,,,,,,,,
1680,0,0,0,0,0,0,0,0,0,0,0,0.000017075,0,,,,,,,,,,,,,,,,,,,,
1681,0,0,0,0,0,0,0,0,0,0,0,0.000022585,0,,,,,,,,,,,,,,,,,,,,
1682,0,0,0,0,0,0,0,0,0,0,0,0.000006565,0,,,,,,,,,,,,,,,,,,,,
1683,0,0,0,0,0,0,0,0,0,0,0,0,0,,,,,,,,,,,,,,,,,,,,
1684,0,0,0,0,0,0,0,0,0,0,0,0,0,,,,,,,,,,,,,,,,,,,,
1685,0,0,0,0,0,0,0,0,0,0,0,0,0,,,,,,,,,,,,,,,,,,,,
1686,0,0,0,0,0,0,0,0,0,0,0,0,0,,,,,,,,,,,,,,,,,,,,
1687,0,0,0,0,0,0,0,0,0,0,0,0,0,,,,,,,,,,,,,,,,,,,,
1688,0,0,0,0,0,0,0,0,0,0,0,0,0,,,,,,,,,,,,,,,,,,,,
1689,0,0,0,0,0,0,0,0,0,0,0,0,0,,,,,,,,,,,,,,,,,,,,
1690,0,0,0,0,0,0,0,0,0,0,0,0,0,,,,,,,,,,,,,,,,,,,,
1691,0,0,0,0,0,0,0,0,0,0,0,0,0,,,,,,,,,,,,,,,,,,,,
1692,0,0,0,0,0,0,0,0,0,0,0,0,0,,,,,,,,,,,,,,,,,,,,
1693,0,0,0,0,0,0,0,0,0,0,0,0,0,,,,,,,,,,,,,,,,,,,,
1694,0,0,0,0,0,0,0,0,0,0,0,0,0,,,,,,,,,,,,,,,,,,,,
1695,0,0,0,0,0,0,0,0,0,0,0,0,0,,,,,,,,,,,,,,,,,,,,
1696,0,0,0,0,0,0,0,0,0,0,0,0,0,,,,,,,,,,,,,,,,,,,,
1697,0,0,0,0,0,0,0,0,0,0,0,0,0,,,,,,,,,,,,,,,,,,,,
1698,0,0,0,0,0,0,0,0,0,0,0,0,0,,,,,,,,,,,,,,,,,,,,
1699,0,0,0,0,0,0,0,0,0,0,0,0,0,,,,,,,,,,,,,,,,,,,,
1700,0,0,0,0,0,0,0,0,0,0,0,0,0,,,,,,,,,,,,,,,,,,,,
1701,0,0,0,0,0,0,0,0,0,0,0,0,0,,,,,,,,,,,,,,,,,,,,
1702,0,0,0,0,0,0,0,0,0,0,0,0,0,,,,,,,,,,,,,,,,,,,,
1703,0,0,0,0,0,0,0,0,0,0,0,0,0,,,,,,,,,,,,,,,,,,,,
1704,0,0,0,0,0,0,0,0,0,0,0,0,0,,,,,,,,,,,,,,,,,,,,
1705,0,0,0,0,0,0,0,0,0,0,0,0,0,,,,,,,,,,,,,,,,,,,,
1706,0,0,0,0,0,0,0,0,0,0,0,0,0,,,,,,,,,,,,,,,,,,,,
1707,0,0,0,0,0,0,0,0,0,0,0,0,0,,,,,,,,,,,,,,,,,,,,
1708,0,0,0,0,0,0,0,0,0,0,0,0,0,,,,,,,,,,,,,,,,,,,,
1709,0,0,0,0,0,0,0,0,0,0,0,0,0,,,,,,,,,,,,,,,,,,,,
1710,0,0,0,0,0,0,0,0,0,0,0,0,0,,,,,,,,,,,,,,,,,,,,
1711,0,0,0,0,0,0,0,0,0,0,0,0,0,,,,,,,,,,,,,,,,,,,,
1712,0,0,0,0,0,0,0,0,0,0,0,0,0,,,,,,,,,,,,,,,,,,,,
1713,0,0,0,0,0,0,0,0,0,0,0,0,0,,,,,,,,,,,,,,,,,,,,
1714,0,0,0,0,0,0,0,0,0,0,0,0,0,,,,,,,,,,,,,,,,,,,,
1715,0,0,0,0,0,0,0,0,0,0,0,0,0,,,,,,,,,,,,,,,,,,,,
1716,0,0,0,0,0,0,0,0,0,0,0,0,0,,,,,,,,,,,,,,,,,,,,
1717,0,0,0,0,0,0,0,0,0,0,0,0,0,,,,,,,,,,,,,,,,,,,,
1718,0,0,0,0,0,0,0,0,0,0,0,0,0,,,,,,,,,,,,,,,,,,,,
1719,0,0,0,0,0,0,0,0,0,0,0,0,0,,,,,,,,,,,,,,,,,,,,
1720,0,0,0,0,0,0,0,0,0,0,0,0,0,,,,,,,,,,,,,,,,,,,,
1721,0,0,0,0,0,0,0,0,0,0,0,0,0,,,,,,,,,,,,,,,,,,,,
1722,0,0,0,0,0,0,0,0,0,0,0,0,0,,,,,,,,,,,,,,,,,,,,
1723,0,0,0,0,0,0,0,0,0,0,0,0,0,,,,,,,,,,,,,,,,,,,,
1724,0,0,0,0,0,0,0,0,0,0,0,0,0,,,,,,,,,,,,,,,,,,,,
1725,0,0,0,0,0,0,0,0,0,0,0,0,0,,,,,,,,,,,,,,,,,,,,
1726,0,0,0,0,0,0,0,0,0,0,0,0,0,,,,,,,,,,,,,,,,,,,,
1727,0,0,0,0,0,0,0,0,0,0,0,0,0,,,,,,,,,,,,,,,,,,,,
1728,0,0,0,0,0,0,0,0,0,0,0,0,0,,,,,,,,,,,,,,,,,,,,
1729,0,0,0,0,0,0,0,0,0,0,0,0,0,,,,,,,,,,,,,,,,,,,,
1730,0,0,0,0,0,0,0,0,0,0,0,0,0,,,,,,,,,,,,,,,,,,,,
1731,0,0,0,0,0,0,0,0,0,0,0,0,0,,,,,,,,,,,,,,,,,,,,
1732,0,0,0,0,0,0,0,0,0,0,0,0,0,,,,,,,,,,,,,,,,,,,,
1733,0,0,0,0,0,0,0,0,0,0,0,0,0,,,,,,,,,,,,,,,,,,,,
1734,0,0,0,0,0,0,0,0,0,0,0,0,0,,,,,,,,,,,,,,,,,,,,
1735,0,0,0,0,0,0,0,0,0,0,0,0,0,,,,,,,,,,,,,,,,,,,,
1736,0,0,0,0,0,0,0,0,0,0,0,0,0,,,,,,,,,,,,,,,,,,,,
1737,0,0,0,0,0,0,0,0,0,0,0,0,0,,,,,,,,,,,,,,,,,,,,
1738,0,0,0,0,0,0,0,0,0,0,0,0,0,,,,,,,,,,,,,,,,,,,,
1739,0,0,0,0,0,0,0,0,0,0,0,0,0,,,,,,,,,,,,,,,,,,,,
1740,0,0,0,0,0,0,0,0,0,0,0,0,0,,,,,,,,,,,,,,,,,,,,
1741,0,0,0,0,0,0,0,0,0,0,0,0,0,,,,,,,,,,,,,,,,,,,,
1742,0,0,0,0,0,0,0,0,0,0,0,0,0,,,,,,,,,,,,,,,,,,,,
1743,0,0,0,0,0,0,0,0,0,0,0,0,0,,,,,,,,,,,,,,,,,,,,
1744,0,0,0,0,0,0,0,0,0,0,0,0,0,,,,,,,,,,,,,,,,,,,,
1745,0,0,0,0,0,0,0,0,0,0,0,0,0,,,,,,,,,,,,,,,,,,,,
1746,0,0,0,0,0,0,0,0,0,0,0,0,0,,,,,,,,,,,,,,,,,,,,
1747,0,0,0,0,0,0,0,0,0,0,0,0,0,,,,,,,,,,,,,,,,,,,,
1748,0,0,0,0,0,0,0,0,0,0,0,0,0,,,,,,,,,,,,,,,,,,,,
1749,0,0,0,0,0,0,0,0,0,0,0,0,0,,,,,,,,,,,,,,,,,,,,
1750,0,0,0,0,0,0,0,0,0,0,0,0,0,,,,,,,,,,,,,,,,,,,,
1751,0,0,0,0,0,0,0,0,0,0,0,0,0,,,,,,,,,,,,,,,,,,,,
1752,0,0,0,0,0,0,0,0,0,0,0,0,0,,,,,,,,,,,,,,,,,,,,
1753,0,0,0,0,0,0,0,0,0,0,0,0,0,,,,,,,,,,,,,,,,,,,,
1754,0,0,0,0,0,0,0,0,0,0,0,0,0,,,,,,,,,,,,,,,,,,,,
1755,0,0,0,0,0,0,0,0,0,0,0,0,0,,,,,,,,,,,,,,,,,,,,
1756,0,0,0,0,0,0,0,0,0,0,0,0,0,,,,,,,,,,,,,,,,,,,,
1757,0,0,0,0,0,0,0,0,0,0,0,0,0,,,,,,,,,,,,,,,,,,,,
1758,0,0,0,0,0,0,0,0,0,0,0,0,0,,,,,,,,,,,,,,,,,,,,
1759,0,0,0,0,0,0,0,0,0,0,0,0,0,,,,,,,,,,,,,,,,,,,,
1760,0,0,0,0,0,0,0,0,0,0,0,0,0,,,,,,,,,,,,,,,,,,,,
1761,0,0,0,0,0,0,0,0,0,0,0,0,0,,,,,,,,,,,,,,,,,,,,
1762,0,0,0,0,0,0,0,0,0,0,0,0,0,,,,,,,,,,,,,,,,,,,,
1763,0,0,0,0,0,0,0,0,0,0,0,0,0,,,,,,,,,,,,,,,,,,,,
1764,0,0,0,0,0,0,0,0,0,0,0,0,0,,,,,,,,,,,,,,,,,,,,
1765,0,0,0,0,0,0,0,0,0,0,0,0,0,,,,,,,,,,,,,,,,,,,,
1766,0,0,0,0,0,0,0,0,0,0,0,0,0,,,,,,,,,,,,,,,,,,,,
1767,0,0,0,0,0,0,0,0,0,0,0,0,0,,,,,,,,,,,,,,,,,,,,
1768,0,0,0,0,0,0,0,0,0,0,0,0,0,,,,,,,,,,,,,,,,,,,,
1769,0,0,0,0,0,0,0,0,0,0,0,0,0,,,,,,,,,,,,,,,,,,,,
1770,0,0,0,0,0,0,0,0,0,0,0,0,0,,,,,,,,,,,,,,,,,,,,
1771,0,0,0,0,0,0,0,0,0,0,0,0,0,,,,,,,,,,,,,,,,,,,,
1772,0,0,0,0,0,0,0,0,0,0,0,0,0,,,,,,,,,,,,,,,,,,,,
1773,0,0,0,0,0,0,0,0,0,0,0,0,0,,,,,,,,,,,,,,,,,,,,
1774,0,0,0,0,0,0,0,0,0,0,0,0,0,,,,,,,,,,,,,,,,,,,,
1775,0,0,0,0,0,0,0,0,0,0,0,0,0,,,,,,,,,,,,,,,,,,,,
1776,0,0,0,0,0,0,0,0,0,0,0,0,0,,,,,,,,,,,,,,,,,,,,
1777,0,0,0,0,0,0,0,0,0,0,0,0,0,,,,,,,,,,,,,,,,,,,,
1778,0,0,0,0,0,0,0,0,0,0,0,0,0,,,,,,,,,,,,,,,,,,,,
1779,0,0,0,0,0,0,0,0,0,0,0,0,0,,,,,,,,,,,,,,,,,,,,
1780,0,0,0,0,0,0,0,0,0,0,0,0,0,,,,,,,,,,,,,,,,,,,,
1781,0,0,0,0,0,0,0,0,0,0,0,0,0,,,,,,,,,,,,,,,,,,,,
1782,0,0,0,0,0,0,0,0,0,0,0,0,0,,,,,,,,,,,,,,,,,,,,
1783,0,0,0,0,0,0,0,0,0,0,0,0,0,,,,,,,,,,,,,,,,,,,,
1784,0,0,0,0,0,0,0,0,0,0,0,0,0,,,,,,,,,,,,,,,,,,,,
1785,0,0,0,0,0,0,0,0,0,0,0,0,0,,,,,,,,,,,,,,,,,,,,
1786,0,0,0,0,0,0,0,0,0,0,0,0,0,,,,,,,,,,,,,,,,,,,,
1787,0,0,0,0,0,0,0,0,0,0,0,0,0,,,,,,,,,,,,,,,,,,,,
1788,0,0,0,0,0,0,0,0,0,0,0,0,0,,,,,,,,,,,,,,,,,,,,
1789,0,0,0,0,0,0,0,0,0,0,0,0,0,,,,,,,,,,,,,,,,,,,,
1790,0,0,0,0,0,0,0,0,0,0,0,0,0,,,,,,,,,,,,,,,,,,,,
1791,0,0,0,0,0,0,0,0,0,0,0,0,0,,,,,,,,,,,,,,,,,,,,
1792,0,0,0,0,0,0,0,0,0,0,0,0,0,,,,,,,,,,,,,,,,,,,,
1793,0,0,0,0,0,0,0,0,0,0,0,0,0,,,,,,,,,,,,,,,,,,,,
1794,0,0,0,0,0,0,0,0,0,0,0,0,0,,,,,,,,,,,,,,,,,,,,
1795,0,0,0,0,0,0,0,0,0,0,0,0,0,,,,,,,,,,,,,,,,,,,,
1796,0,0,0,0,0,0,0,0,0,0,0,0,0,,,,,,,,,,,,,,,,,,,,
1797,0,0,0,0,0,0,0,0,0,0,0,0,0,,,,,,,,,,,,,,,,,,,,
1798,0,0,0,0,0,0,0,0,0,0,0,0,0,,,,,,,,,,,,,,,,,,,,
1799,0,0,0,0,0,0,0,0,0,0,0,0,0,,,,,,,,,,,,,,,,,,,,
1800,0,0,0,0,0,0,0,0,0,0,0,0,0,,,,,,,,,,,,,,,,,,,,
1801,0,0,0,0,0,0,0,0,0,0,0,0,0,,,,,,,,,,,,,,,,,,,,
1802,0,0,0,0,0,0,0,0,0,0,0,0,0,,,,,,,,,,,,,,,,,,,,
1803,0,0,0,0,0,0,0,0,0,0,0,0,0,,,,,,,,,,,,,,,,,,,,
1804,0,0,0,0,0,0,0,0,0,0,0,0,0,,,,,,,,,,,,,,,,,,,,
1805,0,0,0,0,0,0,0,0,0,0,0,0,0,,,,,,,,,,,,,,,,,,,,
1806,0,0,0,0,0,0,0,0,0,0,0,0,0,,,,,,,,,,,,,,,,,,,,
1807,0,0,0,0,0,0,0,0,0,0,0,0,0,,,,,,,,,,,,,,,,,,,,
1808,0,0,0,0,0,0,0,0,0,0,0,0,0,,,,,,,,,,,,,,,,,,,,
1809,0,0,0,0,0,0,0,0,0,0,0,0,0,,,,,,,,,,,,,,,,,,,,
1810,0,0,0,0,0,0,0,0,0,0,0,0,0,,,,,,,,,,,,,,,,,,,,
1811,0,0,0,0,0,0,0,0,0,0,0,0,0,,,,,,,,,,,,,,,,,,,,
1812,0,0,0,0,0,0,0,0,0,0,0,0,0,,,,,,,,,,,,,,,,,,,,
1813,0,0,0,0,0,0,0,0,0,0,0,0,0,,,,,,,,,,,,,,,,,,,,
1814,0,0,0,0,0,0,0,0,0,0,0,0,0,,,,,,,,,,,,,,,,,,,,
1815,0,0,0,0,0,0,0,0,0,0,0,0,0,,,,,,,,,,,,,,,,,,,,
1816,0,0,0,0,0,0,0,0,0,0,0,0,0,,,,,,,,,,,,,,,,,,,,
1817,0,0,0,0,0,0,0,0,0,0,0,0,0,,,,,,,,,,,,,,,,,,,,
1818,0,0,0,0,0,0,0,0,0,0,0,0,0,,,,,,,,,,,,,,,,,,,,
1819,0,0,0,0,0,0,0,0,0,0,0,0,0,,,,,,,,,,,,,,,,,,,,
1820,0,0,0,0,0,0,0,0,0,0,0,0,0,,,,,,,,,,,,,,,,,,,,
1821,0,0,0,0,0,0,0,0,0,0,0,0,0,,,,,,,,,,,,,,,,,,,,
1822,0,0,0,0,0,0,0,0,0,0,0,0,0,,,,,,,,,,,,,,,,,,,,
1823,0,0,0,0,0,0,0,0,0,0,0,0,0,,,,,,,,,,,,,,,,,,,,
1824,0,0,0,0,0,0,0,0,0,0,0,0,0,,,,,,,,,,,,,,,,,,,,
1825,0,0,0,0,0,0,0,0,0,0,0,0,0,,,,,,,,,,,,,,,,,,,,
1826,0,0,0,0,0,0,0,0,0,0,0,0,0,,,,,,,,,,,,,,,,,,,,
1827,0,0,0,0,0,0,0,0,0,0,0,0,0,,,,,,,,,,,,,,,,,,,,
1828,0,0,0,0,0,0,0,0,0,0,0,0,0,,,,,,,,,,,,,,,,,,,,
1829,0,0,0,0,0,0,0,0,0,0,0,0,0,,,,,,,,,,,,,,,,,,,,
1830,0,0,0,0,0,0,0,0,0,0,0,0,0,,,,,,,,,,,,,,,,,,,,
1831,0,0,0,0,0,0,0,0,0,0,0,0,0,,,,,,,,,,,,,,,,,,,,
1832,0,0,0,0,0,0,0,0,0,0,0,0,0,,,,,,,,,,,,,,,,,,,,
1833,0,0,0,0,0,0,0,0,0,0,0,0,0,,,,,,,,,,,,,,,,,,,,
1834,0,0,0,0,0,0,0,0,0,0,0,0,0,,,,,,,,,,,,,,,,,,,,
1835,0,0,0,0,0,0,0,0,0,0,0,0,0,,,,,,,,,,,,,,,,,,,,
1836,0,0,0,0,0,0,0,0,0,0,0,0,0,,,,,,,,,,,,,,,,,,,,
1837,0,0,0,0,0,0,0,0,0,0,0,0,0,,,,,,,,,,,,,,,,,,,,
1838,0,0,0,0,0,0,0,0,0,0,0,0,0,,,,,,,,,,,,,,,,,,,,
1839,0,0,0,0,0,0,0,0,0,0,0,0,0,,,,,,,,,,,,,,,,,,,,
1840,0,0,0,0,0,0,0,0,0,0,0,0,0,,,,,,,,,,,,,,,,,,,,
1841,0,0,0,0,0,0,0,0,0,0,0,0,0,,,,,,,,,,,,,,,,,,,,
1842,0,0,0,0,0,0,0,0,0,0,0,0,0,,,,,,,,,,,,,,,,,,,,
1843,0,0,0,0,0,0,0,0,0,0,0,0,0,,,,,,,,,,,,,,,,,,,,
1844,0,0,0,0,0,0,0,0,0,0,0,0,0,,,,,,,,,,,,,,,,,,,,
1845,0,0,0,0,0,0,0,0,0,0,0,0,0,,,,,,,,,,,,,,,,,,,,
1846,0,0,0,0,0,0,0,0,0,0,0,0,0,,,,,,,,,,,,,,,,,,,,
1847,0,0,0,0,0,0,0,0,0,0,0,0,0,,,,,,,,,,,,,,,,,,,,
1848,0,0,0,0,0,0,0,0,0,0,0,0,0,,,,,,,,,,,,,,,,,,,,
1849,0,0,0,0,0,0,0,0,0,0,0,0,0,,,,,,,,,,,,,,,,,,,,
1850,0,0,0,0,0,0,0,0,0,0,0,0,0,,,,,,,,,,,,,,,,,,,,
1851,0,0,0,0,0,0,0,0,0,0,0,0,0,,,,,,,,,,,,,,,,,,,,
1852,0,0,0,0,0,0,0,0,0,0,0,0,0,,,,,,,,,,,,,,,,,,,,
1853,0,0,0,0,0,0,0,0,0,0,0,0,0,,,,,,,,,,,,,,,,,,,,
1854,0,0,0,0,0,0,0,0,0,0,0,0,0,,,,,,,,,,,,,,,,,,,,
1855,0,0,0,0,0,0,0,0,0,0,0,0,0,,,,,,,,,,,,,,,,,,,,
1856,0,0,0,0,0,0,0,0,0,0,0,0,0,,,,,,,,,,,,,,,,,,,,
1857,0,0,0,0,0,0,0,0,0,0,0,0,0,,,,,,,,,,,,,,,,,,,,
1858,0,0,0,0,0,0,0,0,0,0,0,0,0,,,,,,,,,,,,,,,,,,,,
1859,0,0,0,0,0,0,0,0,0,0,0,0,0,,,,,,,,,,,,,,,,,,,,
1860,0,0,0,0,0,0,0,0,0,0,0,0,0,,,,,,,,,,,,,,,,,,,,
1861,0,0,0,0,0,0,0,0,0,0,0,0,0,,,,,,,,,,,,,,,,,,,,
1862,0,0,0,0,0,0,0,0,0,0,0,0,0,,,,,,,,,,,,,,,,,,,,
1863,0,0,0,0,0,0,0,0,0,0,0,0,0,,,,,,,,,,,,,,,,,,,,
1864,0,0,0,0,0,0,0,0,0,0,0,0,0,,,,,,,,,,,,,,,,,,,,
1865,0,0,0,0,0,0,0,0,0,0,0,0,0,,,,,,,,,,,,,,,,,,,,
1866,0,0,0,0,0,0,0,0,0,0,0,0,0,,,,,,,,,,,,,,,,,,,,
1867,0,0,0,0,0,0,0,0,0,0,0,0,0,,,,,,,,,,,,,,,,,,,,
1868,0,0,0,0,0,0,0,0,0,0,0,0,0,,,,,,,,,,,,,,,,,,,,
1869,0,0,0,0,0,0,0,0,0,0,0,0,0,,,,,,,,,,,,,,,,,,,,
1870,0,0,0,0,0,0,0,0,0,0,0,0,0,,,,,,,,,,,,,,,,,,,,
1871,0,0,0,0,0,0,0,0,0,0,0,0,0,,,,,,,,,,,,,,,,,,,,
1872,0,0,0,0,0,0,0,0,0,0,0,0,0,,,,,,,,,,,,,,,,,,,,
1873,0,0,0,0,0,0,0,0,0,0,0,0,0,,,,,,,,,,,,,,,,,,,,
1874,0,0,0,0,0,0,0,0,0,0,0,0,0,,,,,,,,,,,,,,,,,,,,
1875,0,0,0,0,0,0,0,0,0,0,0,0,0,,,,,,,,,,,,,,,,,,,,
1876,0,0,0,0,0,0,0,0,0,0,0,0,0,,,,,,,,,,,,,,,,,,,,
1877,0,0,0,0,0,0,0,0,0,0,0,0,0,,,,,,,,,,,,,,,,,,,,
1878,0,0,0,0,0,0,0,0,0,0,0,0,0,,,,,,,,,,,,,,,,,,,,
1879,0,0,0,0,0,0,0,0,0,0,0,0,0,,,,,,,,,,,,,,,,,,,,
1880,0,0,0,0,0,0,0,0,0,0,0,0,0,,,,,,,,,,,,,,,,,,,,
1881,0,0,0,0,0,0,0,0,0,0,0,0,0,,,,,,,,,,,,,,,,,,,,
1882,0,0,0,0,0,0,0,0,0,0,0,0,0,,,,,,,,,,,,,,,,,,,,
1883,0,0,0,0,0,0,0,0,0,0,0,0,0,,,,,,,,,,,,,,,,,,,,
1884,0,0,0,0,0,0,0,0,0,0,0,0,0,,,,,,,,,,,,,,,,,,,,
1885,0,0,0,0,0,0,0,0,0,0,0,0,0,,,,,,,,,,,,,,,,,,,,
1886,0,0,0,0,0,0,0,0,0,0,0,0,0,,,,,,,,,,,,,,,,,,,,
1887,0,0,0,0,0,0,0,0,0,0,0,0,0,,,,,,,,,,,,,,,,,,,,
1888,0,0,0,0,0,0,0,0,0,0,0,0,0,,,,,,,,,,,,,,,,,,,,
1889,0,0,0,0,0,0,0,0,0,0,0,0,0,,,,,,,,,,,,,,,,,,,,
1890,0,0,0,0,0,0,0,0,0,0,0,0,0,,,,,,,,,,,,,,,,,,,,
1891,0,0,0,0,0,0,0,0,0,0,0,0,0,,,,,,,,,,,,,,,,,,,,
1892,0,0,0,0,0,0,0,0,0,0,0,0,0,,,,,,,,,,,,,,,,,,,,
1893,0,0,0,0,0,0,0,0,0,0,0,0,0,,,,,,,,,,,,,,,,,,,,
1894,0,0,0,0,0,0,0,0,0,0,0,0,0,,,,,,,,,,,,,,,,,,,,
1895,0,0,0,0,0,0,0,0,0,0,0,0,0,,,,,,,,,,,,,,,,,,,,
1896,0,0,0,0,0,0,0,0,0,0,0,0,0,,,,,,,,,,,,,,,,,,,,
1897,0,0,0,0,0,0,0,0,0,0,0,0,0,,,,,,,,,,,,,,,,,,,,
1898,0,0,0,0,0,0,0,0,0,0,0,0,0,,,,,,,,,,,,,,,,,,,,
1899,0,0,0,0,0,0,0,0,0,0,0,0,0,,,,,,,,,,,,,,,,,,,,
1900,0,0,0,0,0,0,0,0,0,0,0,0,0,,,,,,,,,,,,,,,,,,,,
1901,0,0,0,0,0,0,0,0,0,0,0,0,0,,,,,,,,,,,,,,,,,,,,
1902,0,0,0,0,0,0,0,0,0,0,0,0,0,,,,,,,,,,,,,,,,,,,,
1903,0,0,0,0,0,0,0,0,0,0,0,0,0,,,,,,,,,,,,,,,,,,,,
1904,0,0,0,0,0,0,0,0,0,0,0,0,0,,,,,,,,,,,,,,,,,,,,
1905,0,0,0,0,0,0,0,0,0,0,0,0,0,,,,,,,,,,,,,,,,,,,,
1906,0,0,0,0,0,0,0,0,0,0,0,0,0,,,,,,,,,,,,,,,,,,,,
1907,0,0,0,0,0,0,0,0,0,0,0,0,0,,,,,,,,,,,,,,,,,,,,
1908,0,0,0,0,0,0,0,0,0,0,0,0,0,,,,,,,,,,,,,,,,,,,,
1909,0,0,0,0,0,0,0,0,0,0,0,0,0,,,,,,,,,,,,,,,,,,,,
1910,0,0,0,0,0,0,0,0,0,0,0,0,0,,,,,,,,,,,,,,,,,,,,
1911,0,0,0,0,0,0,0,0,0,0,0,0,0,,,,,,,,,,,,,,,,,,,,
1912,0,0,0,0,0,0,0,0,0,0,0,0,0,,,,,,,,,,,,,,,,,,,,
1913,0,0,0,0,0,0,0,0,0,0,0,0,0,,,,,,,,,,,,,,,,,,,,
1914,0,0,0,0,0,0,0,0,0,0,0,0,0,,,,,,,,,,,,,,,,,,,,
1915,0,0,0,0,0,0,0,0,0,0,0,0,0,,,,,,,,,,,,,,,,,,,,
1916,0,0,0,0,0,0,0,0,0,0,0,0,0,,,,,,,,,,,,,,,,,,,,
1917,0,0,0,0,0,0,0,0,0,0,0,0,0,,,,,,,,,,,,,,,,,,,,
1918,0,0,0,0,0,0,0,0,0,0,0,0,0,,,,,,,,,,,,,,,,,,,,
1919,0,0,0,0,0,0,0,0,0,0,0,0,0,,,,,,,,,,,,,,,,,,,,
1920,0,0,0,0,0,0,0,0,0,0,0,0,0,,,,,,,,,,,,,,,,,,,,
1921,0,0,0,0,0,0,0,0,0,0,0,0,0,,,,,,,,,,,,,,,,,,,,
1922,0,0,0,0,0,0,0,0,0,0,0,0,0,,,,,,,,,,,,,,,,,,,,
1923,0,0,0,0,0,0,0,0,0,0,0,0,0,,,,,,,,,,,,,,,,,,,,
1924,0,0,0,0,0,0,0,0,0,0,0,0,0,,,,,,,,,,,,,,,,,,,,
1925,0,0,0,0,0,0,0,0,0,0,0,0,0,,,,,,,,,,,,,,,,,,,,
1926,0,0,0,0,0,0,0,0,0,0,0,0,0,,,,,,,,,,,,,,,,,,,,
1927,0,0,0,0,0,0,0,0,0,0,0,0,0,,,,,,,,,,,,,,,,,,,,
1928,0,0,0,0,0,0,0,0,0,0,0,0,0,,,,,,,,,,,,,,,,,,,,
1929,0,0,0,0,0,0,0,0,0,0,0,0,0,,,,,,,,,,,,,,,,,,,,
1930,0,0,0,0,0,0,0,0,0,0,0,0,0,,,,,,,,,,,,,,,,,,,,
1931,0,0,0,0,0,0,0,0,0,0,0,0,0,,,,,,,,,,,,,,,,,,,,
1932,0,0,0,0,0,0,0,0,0,0,0,0,0,,,,,,,,,,,,,,,,,,,,
1933,0,0,0,0,0,0,0,0,0,0,0,0,0,,,,,,,,,,,,,,,,,,,,
1934,0,0,0,0,0,0,0,0,0,0,0,0,0,,,,,,,,,,,,,,,,,,,,
1935,0,0,0,0,0,0,0,0,0,0,0,0,0,,,,,,,,,,,,,,,,,,,,
1936,0,0,0,0,0,0,0,0,0,0,0,0,0,,,,,,,,,,,,,,,,,,,,
1937,0,0,0,0,0,0,0,0,0,0,0,0,0,,,,,,,,,,,,,,,,,,,,
1938,0,0,0,0,0,0,0,0,0,0,0,0,0,,,,,,,,,,,,,,,,,,,,
1939,0,0,0,0,0,0,0,0,0,0,0,0,0,,,,,,,,,,,,,,,,,,,,
1940,0,0,0,0,0,0,0,0,0,0,0,0,0,,,,,,,,,,,,,,,,,,,,
1941,0,0,0,0,0,0,0,0,0,0,0,0,0,,,,,,,,,,,,,,,,,,,,
1942,0,0,0,0,0,0,0,0,0,0,0,0,0,,,,,,,,,,,,,,,,,,,,
1943,0,0,0,0,0,0,0,0,0,0,0,0,0,,,,,,,,,,,,,,,,,,,,
1944,0,0,0,0,0,0,0,0,0,0,0,0,0,,,,,,,,,,,,,,,,,,,,
1945,0,0,0,0,0,0,0,0,0,0,0,0,0,,,,,,,,,,,,,,,,,,,,
1946,0,0,0,0,0,0,0,0,0,0,0,0,0,,,,,,,,,,,,,,,,,,,,
1947,0,0,0,0,0,0,0,0,0,0,0,0,0,,,,,,,,,,,,,,,,,,,,
1948,0,0,0,0,0,0,0,0,0,0,0,0,0,,,,,,,,,,,,,,,,,,,,
1949,0,0,0,0,0,0,0,0,0,0,0,0,0,,,,,,,,,,,,,,,,,,,,
1950,0,0,0,0,0,0,0,0,0,0,0,0,0,,,,,,,,,,,,,,,,,,,,
1951,0,0,0,0,0,0,0,0,0,0,0,0,0,,,,,,,,,,,,,,,,,,,,
1952,0,0,0,0,0,0,0,0,0,0,0,0,0,,,,,,,,,,,,,,,,,,,,
1953,0,0,0,0,0,0,0,0,0,0,0,0,0,,,,,,,,,,,,,,,,,,,,
1954,0,0,0,0,0,0,0,0,0,0,0,0,0,,,,,,,,,,,,,,,,,,,,
1955,0,0,0,0,0,0,0,0,0,0,0,0,0,,,,,,,,,,,,,,,,,,,,
1956,0,0,0,0,0,0,0,0,0,0,0,0,0,,,,,,,,,,,,,,,,,,,,
1957,0,0,0,0,0,0,0,0,0,0,0,0,0,,,,,,,,,,,,,,,,,,,,
1958,0,0,0,0,0,0,0,0,0,0,0,0,0,,,,,,,,,,,,,,,,,,,,
1959,0,0,0,0,0,0,0,0,0,0,0,0,0,,,,,,,,,,,,,,,,,,,,
1960,0,0,0,0,0,0,0,0,0,0,0,0,0,,,,,,,,,,,,,,,,,,,,
1961,0,0,0,0,0,0,0,0,0,0,0,0,0,,,,,,,,,,,,,,,,,,,,
1962,0,0,0,0,0,0,0,0,0,0,0,0,0,,,,,,,,,,,,,,,,,,,,
1963,0,0,0,0,0,0,0,0,0,0,0,0,0,,,,,,,,,,,,,,,,,,,,
1964,0,0,0,0,0,0,0,0,0,0,0,0,0,,,,,,,,,,,,,,,,,,,,
1965,0,0,0,0,0,0,0,0,0,0,0,0,0,,,,,,,,,,,,,,,,,,,,
1966,0,0,0,0,0,0,0,0,0,0,0,0,0,,,,,,,,,,,,,,,,,,,,
1967,0,0,0,0,0,0,0,0,0,0,0,0,0,,,,,,,,,,,,,,,,,,,,
1968,0,0,0,0,0,0,0,0,0,0,0,0,0,,,,,,,,,,,,,,,,,,,,
1969,0,0,0,0,0,0,0,0,0,0,0,0,0,,,,,,,,,,,,,,,,,,,,
1970,0,0,0,0,0,0,0,0,0,0,0,0,0,,,,,,,,,,,,,,,,,,,,
1971,0,0,0,0,0,0,0,0,0,0,0,0,0,,,,,,,,,,,,,,,,,,,,
1972,0,0,0,0,0,0,0,0,0,0,0,0,0,,,,,,,,,,,,,,,,,,,,
1973,0,0,0,0,0,0,0,0,0,0,0,0,0,,,,,,,,,,,,,,,,,,,,
1974,0,0,0,0,0,0,0,0,0,0,0,0,0,,,,,,,,,,,,,,,,,,,,
1975,0,0,0,0,0,0,0,0,0,0,0,0,0,,,,,,,,,,,,,,,,,,,,
1976,0,0,0,0,0,0,0,0,0,0,0,0,0,,,,,,,,,,,,,,,,,,,,
1977,0,0,0,0,0,0,0,0,0,0,0,0,0,,,,,,,,,,,,,,,,,,,,
1978,0,0,0,0,0,0,0,0,0,0,0,0,0,,,,,,,,,,,,,,,,,,,,
1979,0,0,0,0,0,0,0,0,0,0,0,0,0,,,,,,,,,,,,,,,,,,,,
1980,0,0,0,0,0,0,0,0,0,0,0,0,0,,,,,,,,,,,,,,,,,,,,
1981,0,0,0,0,0,0,0,0,0,0,0,0,0,,,,,,,,,,,,,,,,,,,,
1982,0,0,0,0,0,0,0,0,0,0,0,0,0,,,,,,,,,,,,,,,,,,,,
1983,0,0,0,0,0,0,0,0,0,0,0,0,0,,,,,,,,,,,,,,,,,,,,
1984,0,0,0,0,0,0,0,0,0,0,0,0,0,,,,,,,,,,,,,,,,,,,,
1985,0,0,0,0,0,0,0,0,0,0,0,0,0,,,,,,,,,,,,,,,,,,,,
1986,0,0,0,0,0,0,0,0,0,0,0,0,0,,,,,,,,,,,,,,,,,,,,
1987,0,0,0,0,0,0,0,0,0,0,0,0,0,,,,,,,,,,,,,,,,,,,,
1988,0,0,0,0,0,0,0,0,0,0,0,0,0,,,,,,,,,,,,,,,,,,,,
1989,0,0,0,0,0,0,0,0,0,0,0,0,0,,,,,,,,,,,,,,,,,,,,
1990,0,0,0,0,0,0,0,0,0,0,0,0,0,,,,,,,,,,,,,,,,,,,,
1991,0,0,0,0,0,0,0,0,0,0,0,0,0,,,,,,,,,,,,,,,,,,,,
1992,0,0,0,0,0,0,0,0,0,0,0,0,0,,,,,,,,,,,,,,,,,,,,
1993,0,0,0,0,0,0,0,0,0,0,0,0,0,,,,,,,,,,,,,,,,,,,,
1994,0,0,0,0,0,0,0,0,0,0,0,0,0,,,,,,,,,,,,,,,,,,,,
1995,0,0,0,0,0,0,0,0,0,0,0,0,0,,,,,,,,,,,,,,,,,,,,
1996,0,0,0,0,0,0,0,0,0,0,0,0,0,,,,,,,,,,,,,,,,,,,,
1997,0,0,0,0,0,0,0,0,0,0,0,0,0,,,,,,,,,,,,,,,,,,,,
1998,0,0,0,0,0,0,0,0,0,0,0,0,0,,,,,,,,,,,,,,,,,,,,
1999,0,0,0,0,0,0,0,0,0,0,0,0,0,,,,,,,,,,,,,,,,,,,,
2000,0,0,0,0,0,0,0,0,0,0,0,0,0,,,,,,,,,,,,,,,,,,,,
2001,0,0,0,0,0,0,0,0,0,0,0,0,0,,,,,,,,,,,,,,,,,,,,
2002,0,0,0,0,0,0,0,0,0,0,0,0,0,,,,,,,,,,,,,,,,,,,,
2003,0,0,0,0,0,0,0,0,0,0,0,0,0,,,,,,,,,,,,,,,,,,,,
2004,0,0,0,0,0,0,0,0,0,0,0,0,0,,,,,,,,,,,,,,,,,,,,
2005,0,0,0,0,0,0,0,0,0,0,0,0,0,,,,,,,,,,,,,,,,,,,,
2006,0,0,0,0,0,0,0,0,0,0,0,0,0,,,,,,,,,,,,,,,,,,,,
2007,0,0,0,0,0,0,0,0,0,0,0,0,0,,,,,,,,,,,,,,,,,,,,
2008,0,0,0,0,0,0,0,0,0,0,0,0,0,,,,,,,,,,,,,,,,,,,,
2009,0,0,0,0,0,0,0,0,0,0,0,0,0,,,,,,,,,,,,,,,,,,,,
2010,0,0,0,0,0,0,0,0,0,0,0,0,0,,,,,,,,,,,,,,,,,,,,
2011,0,0,0,0,0,0,0,0,0,0,0,0,0,,,,,,,,,,,,,,,,,,,,
2012,0,0,0,0,0,0,0,0,0,0,0,0,0,,,,,,,,,,,,,,,,,,,,
2013,0,0,0,0,0,0,0,0,0,0,0,0,0,,,,,,,,,,,,,,,,,,,,
2014,0,0,0,0,0,0,0,0,0,0,0,0,0,,,,,,,,,,,,,,,,,,,,
2015,0,0,0,0,0,0,0,0,0,0,0,0,0,,,,,,,,,,,,,,,,,,,,
2016,0,0,0,0,0,0,0,0,0,0,0,0,0,,,,,,,,,,,,,,,,,,,,
2017,0,0,0,0,0,0,0,0,0,0,0,0,0,,,,,,,,,,,,,,,,,,,,
2018,0,0,0,0,0,0,0,0,0,0,0,0,0,,,,,,,,,,,,,,,,,,,,
2019,0,0,0,0,0,0,0,0,0,0,0,0,0,,,,,,,,,,,,,,,,,,,,
2020,0,0,0,0,0,0,0,0,0,0,0,0,0,,,,,,,,,,,,,,,,,,,,
2021,0,0,0,0,0,0,0,0,0,0,0,0,0,,,,,,,,,,,,,,,,,,,,
2022,0,0,0,0,0,0,0,0,0,0,0,0,0,,,,,,,,,,,,,,,,,,,,
2023,0,0,0,0,0,0,0,0,0,0,0,0,0,,,,,,,,,,,,,,,,,,,,
2024,0,0,0,0,0,0,0,0,0,0,0,0,0,,,,,,,,,,,,,,,,,,,,
2025,0,0,0,0,0,0,0,0,0,0,0,0,0,,,,,,,,,,,,,,,,,,,,
2026,0,0,0,0,0,0,0,0,0,0,0,0,0,,,,,,,,,,,,,,,,,,,,
2027,0,0,0,0,0,0,0,0,0,0,0,0,0,,,,,,,,,,,,,,,,,,,,
2028,0,0,0,0,0,0,0,0,0,0,0,0,0,,,,,,,,,,,,,,,,,,,,
2029,0,0,0,0,0,0,0,0,0,0,0,0,0,,,,,,,,,,,,,,,,,,,,
2030,0,0,0,0,0,0,0,0,0,0,0,0,0,,,,,,,,,,,,,,,,,,,,
2031,0,0,0,0,0,0,0,0,0,0,0,0,0,,,,,,,,,,,,,,,,,,,,
2032,0,0,0,0,0,0,0,0,0,0,0,0,0,,,,,,,,,,,,,,,,,,,,
2033,0,0,0,0,0,0,0,0,0,0,0,0,0,,,,,,,,,,,,,,,,,,,,
2034,0,0,0,0,0,0,0,0,0,0,0,0,0,,,,,,,,,,,,,,,,,,,,
2035,0,0,0,0,0,0,0,0,0,0,0,0,0,,,,,,,,,,,,,,,,,,,,
2036,0,0,0,0,0,0,0,0,0,0,0,0,0,,,,,,,,,,,,,,,,,,,,
2037,0,0,0,0,0,0,0,0,0,0,0,0,0,,,,,,,,,,,,,,,,,,,,
2038,0,0,0,0,0,0,0,0,0,0,0,0,0,,,,,,,,,,,,,,,,,,,,
2039,0,0,0,0,0,0,0,0,0,0,0,0,0,,,,,,,,,,,,,,,,,,,,
2040,0,0,0,0,0,0,0,0,0,0,0,0,0,,,,,,,,,,,,,,,,,,,,
2041,0,0,0,0,0,0,0,0,0,0,0,0,0,,,,,,,,,,,,,,,,,,,,
2042,0,0,0,0,0,0,0,0,0,0,0,0,0,,,,,,,,,,,,,,,,,,,,
2043,0,0,0,0,0,0,0,0,0,0,0,0,0,,,,,,,,,,,,,,,,,,,,
2044,0,0,0,0,0,0,0,0,0,0,0,0,0,,,,,,,,,,,,,,,,,,,,
2045,0,0,0,0,0,0,0,0,0,0,0,0,0,,,,,,,,,,,,,,,,,,,,
2046,0,0,0,0,0,0,0,0,0,0,0,0,0,,,,,,,,,,,,,,,,,,,,
2047,0,0,0,0,0,0,0,0,0,0,0,0,0,,,,,,,,,,,,,,,,,,,,
2048,0,0,0,0,0,0,0,0,0,0,0,0,0,,,,,,,,,,,,,,,,,,,,
2049,0,0,0,0,0,0,0,0,0,0,0,0,0,,,,,,,,,,,,,,,,,,,,
2050,0,0,0,0,0,0,0,0,0,0,0,0,0,,,,,,,,,,,,,,,,,,,,
2051,0,0,0,0,0,0,0,0,0,0,0,0,0,,,,,,,,,,,,,,,,,,,,
2052,0,0,0,0,0,0,0,0,0,0,0,0,0,,,,,,,,,,,,,,,,,,,,
2053,0,0,0,0,0,0,0,0,0,0,0,0,0,,,,,,,,,,,,,,,,,,,,
2054,0,0,0,0,0,0,0,0,0,0,0,0,0,,,,,,,,,,,,,,,,,,,,
2055,0,0,0,0,0,0,0,0,0,0,0,0,0,,,,,,,,,,,,,,,,,,,,
2056,0,0,0,0,0,0,0,0,0,0,0,0,0,,,,,,,,,,,,,,,,,,,,
2057,0,0,0,0,0,0,0,0,0,0,0,0,0,,,,,,,,,,,,,,,,,,,,
2058,0,0,0,0,0,0,0,0,0,0,0,0,0,,,,,,,,,,,,,,,,,,,,
2059,0,0,0,0,0,0,0,0,0,0,0,0,0,,,,,,,,,,,,,,,,,,,,
2060,0,0,0,0,0,0,0,0,0,0,0,0,0,,,,,,,,,,,,,,,,,,,,
2061,0,0,0,0,0,0,0,0,0,0,0,0,0,,,,,,,,,,,,,,,,,,,,
2062,0,0,0,0,0,0,0,0,0,0,0,0,0,,,,,,,,,,,,,,,,,,,,
2063,0,0,0,0,0,0,0,0,0,0,0,0,0,,,,,,,,,,,,,,,,,,,,
2064,0,0,0,0,0,0,0,0,0,0,0,0,0,,,,,,,,,,,,,,,,,,,,
2065,0,0,0,0,0,0,0,0,0,0,0,0,0.000111945,,,,,,,,,,,,,,,,,,,,
2066,0,0,0,0,0,0,0,0,0,0,0,0,0.00036838,,,,,,,,,,,,,,,,,,,,
2067,0,0,0,0,0,0,0,0,0,0,0,0,0.000823515,,,,,,,,,,,,,,,,,,,,
2068,0,0,0,0,0,0,0,0,0,0,0,0,0.001505755,,,,,,,,,,,,,,,,,,,,
2069,0,0,0,0,0,0,0,0,0,0,0,0,0.00229164,,,,,,,,,,,,,,,,,,,,
2070,0,0,0,0,0,0,0,0,0,0,0,0,0.00296292,,,,,,,,,,,,,,,,,,,,
2071,0,0,0,0,0,0,0,0,0,0,0,0,0.00376438,,,,,,,,,,,,,,,,,,,,
2072,0,0,0,0,0,0,0,0,0,0,0,0,0.004370515,,,,,,,,,,,,,,,,,,,,
2073,0,0,0,0,0,0,0,0,0,0,0,0,0.00512882,,,,,,,,,,,,,,,,,,,,
2074,0,0,0,0,0,0,0,0,0,0,0,0,0.00611309,,,,,,,,,,,,,,,,,,,,
2075,0,0,0,0,0,0,0,0,0,0,0,0,0.007290275,,,,,,,,,,,,,,,,,,,,
2076,0,0,0,0,0,0,0,0,0,0,0,0,0.008721335,,,,,,,,,,,,,,,,,,,,
2077,0,0,0,0,0,0,0,0,0,0,0,0,0.010521435,,,,,,,,,,,,,,,,,,,,
2078,0,0,0,0,0,0,0,0,0,0,0,0,0.01302087,,,,,,,,,,,,,,,,,,,,
2079,0,0,0,0,0,0,0,0,0,0,0,0,0.015800935,,,,,,,,,,,,,,,,,,,,
2080,0,0,0,0,0,0,0,0,0,0,0,0,0.020041655,,,,,,,,,,,,,,,,,,,,
2081,0,0,0,0,0,0,0,0,0,0,0,0,0.02486122,,,,,,,,,,,,,,,,,,,,
2082,0,0,0,0,0,0,0,0,0,0,0,0,0.03144579,,,,,,,,,,,,,,,,,,,,
2083,0,0,0,0,0,0,0,0,0,0,0,0,0.038798345,,,,,,,,,,,,,,,,,,,,
2084,0,0,0,0,0,0,0,0,0,0,0,0,0.04795498,,,,,,,,,,,,,,,,,,,,
2085,0,0,0,0,0,0,0,0,0,0,0,0,0.059555895,,,,,,,,,,,,,,,,,,,,
2086,0,0,0,0,0,0,0,0,0,0,0,0,0.074017145,,,,,,,,,,,,,,,,,,,,
2087,0,0,0,0,0,0,0,0,0,0,0,0,0.091554265,,,,,,,,,,,,,,,,,,,,
2088,0,0,0,0,0,0,0,0,0,0,0,0,0.112567095,,,,,,,,,,,,,,,,,,,,
2089,0,0,0,0,0,0,0,0,0,0,0,0,0.13691824,,,,,,,,,,,,,,,,,,,,
2090,0,0,0,0,0,0,0,0,0,0,0,0,0.16515934,,,,,,,,,,,,,,,,,,,,
2091,0,0,0,0,0,0,0,0,0,0,0,0,0.19779228,,,,,,,,,,,,,,,,,,,,
2092,0,0,0,0,0,0,0,0,0,0,0,0,0.2331403,,,,,,,,,,,,,,,,,,,,
2093,0,0,0,0,0,0,0,0,0,0,0,0,0.27112115,,,,,,,,,,,,,,,,,,,,
2094,0,0,0,0,0,0,0,0,0,0,0,0,0.310956095,,,,,,,,,,,,,,,,,,,,
2095,0,0,0,0,0,0,0,0,0,0,0,0,0.34974409,,,,,,,,,,,,,,,,,,,,
2096,0,0,0,0,0,0,0,0,0,0,0,0,0.38541371,,,,,,,,,,,,,,,,,,,,
2097,0,0,0,0,0,0,0,0,0,0,0,0,0.4164416,,,,,,,,,,,,,,,,,,,,
2098,0,0,0,0,0,0,0,0,0,0,0,0,0.442149265,,,,,,,,,,,,,,,,,,,,
2099,0,0,0,0,0,0,0,0,0,0,0,0,0.46287462,,,,,,,,,,,,,,,,,,,,
2100,0,0,0,0,0,0,0,0,0,0,0,0,0.47964258,,,,,,,,,,,,,,,,,,,,
2101,0,0,0,0,0,0,0,0,0,0,0,0,0.493949605,,,,,,,,,,,,,,,,,,,,
2102,0,0,0,0,0,0,0,0,0,0,0,0,0.50637511,,,,,,,,,,,,,,,,,,,,
2103,0,0,0,0,0,0,0,0,0,0,0,0,0.51871777,,,,,,,,,,,,,,,,,,,,
2104,0,0,0,0,0,0,0,0,0,0,0,0,0.53232466,,,,,,,,,,,,,,,,,,,,
2105,0,0,0,0,0,0,0,0,0,0,0,0,0.547763705,,,,,,,,,,,,,,,,,,,,
2106,0,0,0,0,0,0,0,0,0,0,0,0,0.565269635,,,,,,,,,,,,,,,,,,,,
2107,0,0,0,0,0,0,0,0,0,0,0,0,0.58450997,,,,,,,,,,,,,,,,,,,,
2108,0,0,0,0,0,0,0,0,0,0,0,0,0.60447515,,,,,,,,,,,,,,,,,,,,
2109,0,0,0,0,0,0,0,0,0,0,0,0,0.624883195,,,,,,,,,,,,,,,,,,,,
2110,0,0,0,0,0,0,0,0,0,0,0,0,0.64518059,,,,,,,,,,,,,,,,,,,,
2111,0,0,0,0,0,0,0,0,0,0,0,0,0.665795175,,,,,,,,,,,,,,,,,,,,
2112,0,0,0,0,0,0,0,0,0,0,0,0,0.68446198,,,,,,,,,,,,,,,,,,,,
2113,0,0,0,0,0,0,0,0,0,0,0,0,0.70082905,,,,,,,,,,,,,,,,,,,,
2114,0,0,0,0,0,0,0,0,0,0,0,0,0.715289065,,,,,,,,,,,,,,,,,,,,
2115,0,0,0,0,0,0,0,0,0,0,0,0,0.727913615,,,,,,,,,,,,,,,,,,,,
2116,0,0,0,0,0,0,0,0,0,0,0,0,0.73853225,,,,,,,,,,,,,,,,,,,,
2117,0,0,0,0,0,0,0,0,0,0,0,0,0.74759133,,,,,,,,,,,,,,,,,,,,
2118,0,0,0,0,0,0,0,0,0,0,0,0,0.75588085,,,,,,,,,,,,,,,,,,,,
2119,0,0,0,0,0,0,0,0,0,0,0,0,0.763378355,,,,,,,,,,,,,,,,,,,,
2120,0,0,0,0,0,0,0,0,0,0,0,0,0.770952355,,,,,,,,,,,,,,,,,,,,
2121,0,0,0,0,0,0,0,0,0,0,0,0,0.77759943,,,,,,,,,,,,,,,,,,,,
2122,0,0,0,0,0,0,0,0,0,0,0,0,0.78420282,,,,,,,,,,,,,,,,,,,,
2123,0,0,0,0,0,0,0,0,0,0,0,0,0.791245785,,,,,,,,,,,,,,,,,,,,
2124,0,0,0,0,0,0,0,0,0,0,0,0,0.798509915,,,,,,,,,,,,,,,,,,,,
2125,0,0,0,0,0,0,0,0,0,0,0,0,0.805731885,,,,,,,,,,,,,,,,,,,,
2126,0,0,0,0,0,0,0,0,0,0,0,0,0.81340604,,,,,,,,,,,,,,,,,,,,
2127,0,0,0,0,0,0,0,0,0,0,0,0,0.8209712,,,,,,,,,,,,,,,,,,,,
2128,0,0,0,0,0,0,0,0,0,0,0,0,0.8282444,,,,,,,,,,,,,,,,,,,,
2129,0,0,0,0,0,0,0,0,0,0,0,0,0.83507816,,,,,,,,,,,,,,,,,,,,
2130,0,0,0,0,0,0,0,0,0,0,0,0,0.841429285,,,,,,,,,,,,,,,,,,,,
2131,0,0,0,0,0,0,0,0,0,0,0,0,0.849758355,,,,,,,,,,,,,,,,,,,,
2132,0,0,0,0,0,0,0,0,0,0,0,0,0.857507945,,,,,,,,,,,,,,,,,,,,
2133,0,0,0,0,0,0,0,0,0,0,0,0,0.86474725,,,,,,,,,,,,,,,,,,,,
2134,0,0,0,0,0,0,0,0,0,0,0,0,0.871597125,,,,,,,,,,,,,,,,,,,,
2135,0,0,0,0,0,0,0,0,0,0,0,0,0.877782955,,,,,,,,,,,,,,,,,,,,
2136,0,0,0,0,0,0,0,0,0,0,0,0,0.883233115,,,,,,,,,,,,,,,,,,,,
2137,0,0,0,0,0,0,0,0,0,0,0,0,0.88811131,,,,,,,,,,,,,,,,,,,,
2138,0,0,0,0,0,0,0,0,0,0,0,0,0.89267408,,,,,,,,,,,,,,,,,,,,
2139,0,0,0,0,0,0,0,0,0,0,0,0,0.89700612,,,,,,,,,,,,,,,,,,,,
2140,0,0,0,0,0,0,0,0,0,0,0,0,0.90073699,,,,,,,,,,,,,,,,,,,,
2141,0,0,0,0,0,0,0,0,0,0,0,0,0.90200154,,,,,,,,,,,,,,,,,,,,
2142,0,0,0,0,0,0,0,0,0,0,0,0,0.90298839,,,,,,,,,,,,,,,,,,,,
2143,0,0,0,0,0,0,0,0,0,0,0,0,0.904100725,,,,,,,,,,,,,,,,,,,,
2144,0,0,0,0,0,0,0,0,0,0,0,0,0.905122215,,,,,,,,,,,,,,,,,,,,
2145,0,0,0,0,0,0,0,0,0,0,0,0,0.90589312,,,,,,,,,,,,,,,,,,,,
2146,0,0,0,0,0,0,0,0,0,0,0,0,0.90679245,,,,,,,,,,,,,,,,,,,,
2147,0,0,0,0,0,0,0,0,0,0,0,0,0.907812675,,,,,,,,,,,,,,,,,,,,
2148,0,0,0,0,0,0,0,0,0,0,0,0,0.908908905,,,,,,,,,,,,,,,,,,,,
2149,0,0,0,0,0,0,0,0,0,0,0,0,0.910178875,,,,,,,,,,,,,,,,,,,,
2150,0,0,0,0,0,0,0,0,0,0,0,0,0.91159848,,,,,,,,,,,,,,,,,,,,
2151,0,0,0,0,0,0,0,0,0,0,0,0,0.914157815,,,,,,,,,,,,,,,,,,,,
2152,0,0,0,0,0,0,0,0,0,0,0,0,0.91657621,,,,,,,,,,,,,,,,,,,,
2153,0,0,0,0,0,0,0,0,0,0,0,0,0.918854545,,,,,,,,,,,,,,,,,,,,
2154,0,0,0,0,0,0,0,0,0,0,0,0,0.921206385,,,,,,,,,,,,,,,,,,,,
2155,0,0,0,0,0,0,0,0,0,0,0,0,0.92359767,,,,,,,,,,,,,,,,,,,,
2156,0,0,0,0,0,0,0,0,0,0,0,0,0.92609934,,,,,,,,,,,,,,,,,,,,
2157,0,0,0,0,0,0,0,0,0,0,0,0,0.92844254,,,,,,,,,,,,,,,,,,,,
2158,0,0,0,0,0,0,0,0,0,0,0,0,0.93052521,,,,,,,,,,,,,,,,,,,,
2159,0,0,0,0,0,0,0,0,0,0,0,0,0.93249439,,,,,,,,,,,,,,,,,,,,
2160,0,0,0,0,0,0,0,0,0,0,0,0,0.934352555,,,,,,,,,,,,,,,,,,,,
2161,0,0,0,0,0,0,0,0,0,0,0,0,0.934443575,,,,,,,,,,,,,,,,,,,,
2162,0,0,0,0,0,0,0,0,0,0,0,0,0.93426149,,,,,,,,,,,,,,,,,,,,
2163,0,0,0,0,0,0,0,0,0,0,0,0,0.93400595,,,,,,,,,,,,,,,,,,,,
2164,0,0,0,0,0,0,0,0,0,0,0,0,0.93338478,,,,,,,,,,,,,,,,,,,,
2165,0,0,0,0,0,0,0,0,0,0,0,0,0.932639785,,,,,,,,,,,,,,,,,,,,
2166,0,0,0,0,0,0,0,0,0,0,0,0,0.93170653,,,,,,,,,,,,,,,,,,,,
2167,0,0,0,0,0,0,0,0,0,0,0,0,0.93074787,,,,,,,,,,,,,,,,,,,,
2168,0,0,0,0,0,0,0,0,0,0,0,0,0.92975218,,,,,,,,,,,,,,,,,,,,
2169,0,0,0,0,0,0,0,0,0,0,0,0,0.92863589,,,,,,,,,,,,,,,,,,,,
2170,0,0,0,0,0,0,0,0,0,0,0,0,0.927420215,,,,,,,,,,,,,,,,,,,,
2171,0,0,0,0,0,0,0,0,0,0,0,0,0.92863595,,,,,,,,,,,,,,,,,,,,
2172,0,0,0,0,0,0,0,0,0,0,0,0,0.929639905,,,,,,,,,,,,,,,,,,,,
2173,0,0,0,0,0,0,0,0,0,0,0,0,0.930410755,,,,,,,,,,,,,,,,,,,,
2174,0,0,0,0,0,0,0,0,0,0,0,0,0.930954725,,,,,,,,,,,,,,,,,,,,
2175,0,0,0,0,0,0,0,0,0,0,0,0,0.93162044,,,,,,,,,,,,,,,,,,,,
2176,0,0,0,0,0,0,0,0,0,0,0,0,0.932266255,,,,,,,,,,,,,,,,,,,,
2177,0,0,0,0,0,0,0,0,0,0,0,0,0.93310261,,,,,,,,,,,,,,,,,,,,
2178,0,0,0,0,0,0,0,0,0,0,0,0,0.933755575,,,,,,,,,,,,,,,,,,,,
2179,0,0,0,0,0,0,0,0,0,0,0,0,0.934422485,,,,,,,,,,,,,,,,,,,,
2180,0,0,0,0,0,0,0,0,0,0,0,0,0.93485049,,,,,,,,,,,,,,,,,,,,
2181,0,0,0,0,0,0,0,0,0,0,0,0,0.936353645,,,,,,,,,,,,,,,,,,,,
2182,0,0,0,0,0,0,0,0,0,0,0,0,0.937789845,,,,,,,,,,,,,,,,,,,,
2183,0,0,0,0,0,0,0,0,0,0,0,0,0.93892599,,,,,,,,,,,,,,,,,,,,
2184,0,0,0,0,0,0,0,0,0,0,0,0,0.93972178,,,,,,,,,,,,,,,,,,,,
2185,0,0,0,0,0,0,0,0,0,0,0,0,0.94028867,,,,,,,,,,,,,,,,,,,,
2186,0,0,0,0,0,0,0,0,0,0,0,0,0.940468285,,,,,,,,,,,,,,,,,,,,
2187,0,0,0,0,0,0,0,0,0,0,0,0,0.940192615,,,,,,,,,,,,,,,,,,,,
2188,0,0,0,0,0,0,0,0,0,0,0,0,0.939800625,,,,,,,,,,,,,,,,,,,,
2189,0,0,0,0,0,0,0,0,0,0,0,0,0.939389805,,,,,,,,,,,,,,,,,,,,
2190,0,0,0,0,0,0,0,0,0,0,0,0,0.93819685,,,,,,,,,,,,,,,,,,,,
2191,0,0,0,0,0,0,0,0,0,0,0,0,0.94087778,,,,,,,,,,,,,,,,,,,,
2192,0,0,0,0,0,0,0,0,0,0,0,0,0.943058435,,,,,,,,,,,,,,,,,,,,
2193,0,0,0,0,0,0,0,0,0,0,0,0,0.944414475,,,,,,,,,,,,,,,,,,,,
2194,0,0,0,0,0,0,0,0,0,0,0,0,0.945065725,,,,,,,,,,,,,,,,,,,,
2195,0,0,0,0,0,0,0,0,0,0,0,0,0.945210425,,,,,,,,,,,,,,,,,,,,
2196,0,0,0,0,0,0,0,0,0,0,0,0,0.94503843,,,,,,,,,,,,,,,,,,,,
2197,0,0,0,0,0,0,0,0,0,0,0,0,0.944509765,,,,,,,,,,,,,,,,,,,,
2198,0,0,0,0,0,0,0,0,0,0,0,0,0.94423817,,,,,,,,,,,,,,,,,,,,
2199,0,0,0,0,0,0,0,0,0,0,0,0,0.94435235,,,,,,,,,,,,,,,,,,,,
2200,0,0,0,0,0,0,0,0,0,0,0,0,0.944056035,,,,,,,,,,,,,,,,,,,,
2201,0,0,0,0,0,0,0,0,0,0,0,0,0.93956012,,,,,,,,,,,,,,,,,,,,
2202,0,0,0,0,0,0,0,0,0,0,0,0,0.93568844,,,,,,,,,,,,,,,,,,,,
2203,0,0,0,0,0,0,0,0,0,0,0,0,0.93251938,,,,,,,,,,,,,,,,,,,,
2204,0,0,0,0,0,0,0,0,0,0,0,0,0.92998013,,,,,,,,,,,,,,,,,,,,
2205,0,0,0,0,0,0,0,0,0,0,0,0,0.928920855,,,,,,,,,,,,,,,,,,,,
2206,0,0,0,0,0,0,0,0,0,0,0,0,0.92939806,,,,,,,,,,,,,,,,,,,,
2207,0,0,0,0,0,0,0,0,0,0,0,0,0.931522175,,,,,,,,,,,,,,,,,,,,
2208,0,0,0,0,0,0,0,0,0,0,0,0,0.93539534,,,,,,,,,,,,,,,,,,,,
2209,0,0,0,0,0,0,0,0,0,0,0,0,0.94112445,,,,,,,,,,,,,,,,,,,,
2210,0,0,0,0,0,0,0,0,0,0,0,0,0.948298205,,,,,,,,,,,,,,,,,,,,
2211,0,0,0,0,0,0,0,0,0,0,0,0,0.945692275,,,,,,,,,,,,,,,,,,,,
2212,0,0,0,0,0,0,0,0,0,0,0,0,0.94424015,,,,,,,,,,,,,,,,,,,,
2213,0,0,0,0,0,0,0,0,0,0,0,0,0.943838795,,,,,,,,,,,,,,,,,,,,
2214,0,0,0,0,0,0,0,0,0,0,0,0,0.94438706,,,,,,,,,,,,,,,,,,,,
2215,0,0,0,0,0,0,0,0,0,0,0,0,0.94597591,,,,,,,,,,,,,,,,,,,,
2216,0,0,0,0,0,0,0,0,0,0,0,0,0.947824835,,,,,,,,,,,,,,,,,,,,
2217,0,0,0,0,0,0,0,0,0,0,0,0,0.950179595,,,,,,,,,,,,,,,,,,,,
2218,0,0,0,0,0,0,0,0,0,0,0,0,0.9528005,,,,,,,,,,,,,,,,,,,,
2219,0,0,0,0,0,0,0,0,0,0,0,0,0.955433795,,,,,,,,,,,,,,,,,,,,
2220,0,0,0,0,0,0,0,0,0,0,0,0,0.95832423,,,,,,,,,,,,,,,,,,,,
2221,0,0,0,0,0,0,0,0,0,0,0,0,0.96009175,,,,,,,,,,,,,,,,,,,,
2222,0,0,0,0,0,0,0,0,0,0,0,0,0.96128946,,,,,,,,,,,,,,,,,,,,
2223,0,0,0,0,0,0,0,0,0,0,0,0,0.96224008,,,,,,,,,,,,,,,,,,,,
2224,0,0,0,0,0,0,0,0,0,0,0,0,0.963057845,,,,,,,,,,,,,,,,,,,,
2225,0,0,0,0,0,0,0,0,0,0,0,0,0.963940885,,,,,,,,,,,,,,,,,,,,
2226,0,0,0,0,0,0,0,0,0,0,0,0,0.964553385,,,,,,,,,,,,,,,,,,,,
2227,0,0,0,0,0,0,0,0,0,0,0,0,0.96442784,,,,,,,,,,,,,,,,,,,,
2228,0,0,0,0,0,0,0,0,0,0,0,0,0.964100545,,,,,,,,,,,,,,,,,,,,
2229,0,0,0,0,0,0,0,0,0,0,0,0,0.96341853,,,,,,,,,,,,,,,,,,,,
2230,0,0,0,0,0,0,0,0,0,0,0,0,0.9623591,,,,,,,,,,,,,,,,,,,,
2231,0,0,0,0,0,0,0,0,0,0,0,0,0.962219745,,,,,,,,,,,,,,,,,,,,
2232,0,0,0,0,0,0,0,0,0,0,0,0,0.961953275,,,,,,,,,,,,,,,,,,,,
2233,0,0,0,0,0,0,0,0,0,0,0,0,0.96161782,,,,,,,,,,,,,,,,,,,,
2234,0,0,0,0,0,0,0,0,0,0,0,0,0.961039235,,,,,,,,,,,,,,,,,,,,
2235,0,0,0,0,0,0,0,0,0,0,0,0,0.960459765,,,,,,,,,,,,,,,,,,,,
2236,0,0,0,0,0,0,0,0,0,0,0,0,0.959903895,,,,,,,,,,,,,,,,,,,,
2237,0,0,0,0,0,0,0,0,0,0,0,0,0.95948357,,,,,,,,,,,,,,,,,,,,
2238,0,0,0,0,0,0,0,0,0,0,0,0,0.959490905,,,,,,,,,,,,,,,,,,,,
2239,0,0,0,0,0,0,0,0,0,0,0,0,0.95981219,,,,,,,,,,,,,,,,,,,,
2240,0,0,0,0,0,0,0,0,0,0,0,0,0.96025393,,,,,,,,,,,,,,,,,,,,
2241,0,0,0,0,0,0,0,0,0,0,0,0,0.96130473,,,,,,,,,,,,,,,,,,,,
2242,0,0,0,0,0,0,0,0,0,0,0,0,0.962491865,,,,,,,,,,,,,,,,,,,,
2243,0,0,0,0,0,0,0,0,0,0,0,0,0.96413738,,,,,,,,,,,,,,,,,,,,
2244,0,0,0,0,0,0,0,0,0,0,0,0,0.966504095,,,,,,,,,,,,,,,,,,,,
2245,0,0,0,0,0,0,0,0,0,0,0,0,0.968883195,,,,,,,,,,,,,,,,,,,,
2246,0,0,0,0,0,0,0,0,0,0,0,0,0.971570525,,,,,,,,,,,,,,,,,,,,
2247,0,0,0,0,0,0,0,0,0,0,0,0,0.974345975,,,,,,,,,,,,,,,,,,,,
2248,0,0,0,0,0,0,0,0,0,0,0,0,0.977079565,,,,,,,,,,,,,,,,,,,,
2249,0,0,0,0,0,0,0,0,0,0,0,0,0.979951795,,,,,,,,,,,,,,,,,,,,
2250,0,0,0,0,0,0,0,0,0,0,0,0,0.983091695,,,,,,,,,,,,,,,,,,,,
2251,0,0,0,0,0,0,0,0,0,0,0,0,0.98586492,,,,,,,,,,,,,,,,,,,,
2252,0,0,0,0,0,0,0,0,0,0,0,0,0.98871599,,,,,,,,,,,,,,,,,,,,
2253,0,0,0,0,0,0,0,0,0,0,0,0,0.991546505,,,,,,,,,,,,,,,,,,,,
2254,0,0,0,0,0,0,0,0,0,0,0,0,0.993990665,,,,,,,,,,,,,,,,,,,,
2255,0,0,0,0,0,0,0,0,0,0,0,0,0.995955,,,,,,,,,,,,,,,,,,,,
2256,0,0,0,0,0,0,0,0,0,0,0,0,0.997623505,,,,,,,,,,,,,,,,,,,,
2257,0,0,0,0,0,0,0,0,0,0,0,0,0.998304805,,,,,,,,,,,,,,,,,,,,
2258,0,0,0,0,0,0,0,0,0,0,0,0,0.99870871,,,,,,,,,,,,,,,,,,,,
2259,0,0,0,0,0,0,0,0,0,0,0,0,0.998362725,,,,,,,,,,,,,,,,,,,,
2260,0,0,0,0,0,0,0,0,0,0,0,0,0.99694114,,,,,,,,,,,,,,,,,,,,
2261,0,0,0,0,0,0,0,0,0,0,0,0,0.994173235,,,,,,,,,,,,,,,,,,,,
2262,0,0,0,0,0,0,0,0,0,0,0,0,0.989749025,,,,,,,,,,,,,,,,,,,,
2263,0,0,0,0,0,0,0,0,0,0,0,0,0.983417795,,,,,,,,,,,,,,,,,,,,
2264,0,0,0,0,0,0,0,0,0,0,0,0,0.97468192,,,,,,,,,,,,,,,,,,,,
2265,0,0,0,0,0,0,0,0,0,0,0,0,0.96354844,,,,,,,,,,,,,,,,,,,,
2266,0,0,0,0,0,0,0,0,0,0,0,0,0.95008512,,,,,,,,,,,,,,,,,,,,
2267,0,0,0,0,0,0,0,0,0,0,0,0,0.933805705,,,,,,,,,,,,,,,,,,,,
2268,0,0,0,0,0,0,0,0,0,0,0,0,0.915056395,,,,,,,,,,,,,,,,,,,,
2269,0,0,0,0,0,0,0,0,0,0,0,0,0.89378822,,,,,,,,,,,,,,,,,,,,
2270,0,0,0,0,0,0,0,0,0,0,0,0,0.86902822,,,,,,,,,,,,,,,,,,,,
2271,0,0,0,0,0,0,0,0,0,0,0,0,0.840052715,,,,,,,,,,,,,,,,,,,,
2272,0,0,0,0,0,0,0,0,0,0,0,0,0.809076,,,,,,,,,,,,,,,,,,,,
2273,0,0,0,0,0,0,0,0,0,0,0,0,0.775319095,,,,,,,,,,,,,,,,,,,,
2274,0,0,0,0,0,0,0,0,0,0,0,0,0.738950615,,,,,,,,,,,,,,,,,,,,
2275,0,0,0,0,0,0,0,0,0,0,0,0,0.702385285,,,,,,,,,,,,,,,,,,,,
2276,0,0,0,0,0,0,0,0,0,0,0,0,0.666393305,,,,,,,,,,,,,,,,,,,,
2277,0,0,0,0,0,0,0,0,0,0,0,0,0.63050066,,,,,,,,,,,,,,,,,,,,
2278,0,0,0,0,0,0,0,0,0,0,0,0,0.596226185,,,,,,,,,,,,,,,,,,,,
2279,0,0,0,0,0,0,0,0,0,0,0,0,0.56335384,,,,,,,,,,,,,,,,,,,,
2280,0,0,0,0,0,0,0,0,0,0,0,0,0.529511745,,,,,,,,,,,,,,,,,,,,
2281,0,0,0,0,0,0,0,0,0,0,0,0,0.494862315,,,,,,,,,,,,,,,,,,,,
2282,0,0,0,0,0,0,0,0,0,0,0,0,0.46117174,,,,,,,,,,,,,,,,,,,,
2283,0,0,0,0,0,0,0,0,0,0,0,0,0.42679261,,,,,,,,,,,,,,,,,,,,
2284,0,0,0,0,0,0,0,0,0,0,0,0,0.39187982,,,,,,,,,,,,,,,,,,,,
2285,0,0,0,0,0,0,0,0,0,0,0,0,0.357710595,,,,,,,,,,,,,,,,,,,,
2286,0,0,0,0,0,0,0,0,0,0,0,0,0.32497839,,,,,,,,,,,,,,,,,,,,
2287,0,0,0,0,0,0,0,0,0,0,0,0,0.293108075,,,,,,,,,,,,,,,,,,,,
2288,0,0,0,0,0,0,0,0,0,0,0,0,0.26309135,,,,,,,,,,,,,,,,,,,,
2289,0,0,0,0,0,0,0,0,0,0,0,0,0.235376655,,,,,,,,,,,,,,,,,,,,
2290,0,0,0,0,0,0,0,0,0,0,0,0,0.208087515,,,,,,,,,,,,,,,,,,,,
2291,0,0,0,0,0,0,0,0,0,0,0,0,0.182583765,,,,,,,,,,,,,,,,,,,,
2292,0,0,0,0,0,0,0,0,0,0,0,0,0.159757605,,,,,,,,,,,,,,,,,,,,
2293,0,0,0,0,0,0,0,0,0,0,0,0,0.138550135,,,,,,,,,,,,,,,,,,,,
2294,0,0,0,0,0,0,0,0,0,0,0,0,0.11946494,,,,,,,,,,,,,,,,,,,,
2295,0,0,0,0,0,0,0,0,0,0,0,0,0.103044175,,,,,,,,,,,,,,,,,,,,
2296,0,0,0,0,0,0,0,0,0,0,0,0,0.08907964,,,,,,,,,,,,,,,,,,,,
2297,0,0,0,0,0,0,0,0,0,0,0,0,0.076917425,,,,,,,,,,,,,,,,,,,,
2298,0,0,0,0,0,0,0,0,0,0,0,0,0.066667665,,,,,,,,,,,,,,,,,,,,
2299,0,0,0,0,0,0,0,0,0,0,0,0,0.0572165,,,,,,,,,,,,,,,,,,,,
2300,0,0,0,0,0,0,0,0,0,0,0,0,0.04810181,,,,,,,,,,,,,,,,,,,,
2301,0,0,0,0,0,0,0,0,0,0,0,0,0.03999958,,,,,,,,,,,,,,,,,,,,
2302,0,0,0,0,0,0,0,0,0,0,0,0,0.03356017,,,,,,,,,,,,,,,,,,,,
2303,0,0,0,0,0,0,0,0,0,0,0,0,0.027916665,,,,,,,,,,,,,,,,,,,,
2304,0,0,0,0,0,0,0,0,0,0,0,0,0.02409426,,,,,,,,,,,,,,,,,,,,
2305,0,0,0,0,0,0,0,0,0,0,0,0,0.02142907,,,,,,,,,,,,,,,,,,,,
2306,0,0,0,0,0,0,0,0,0,0,0,0,0.01929622,,,,,,,,,,,,,,,,,,,,
2307,0,0,0,0,0,0,0,0,0,0,0,0,0.01747022,,,,,,,,,,,,,,,,,,,,
2308,0,0,0,0,0,0,0,0,0,0,0,0,0.01599586,,,,,,,,,,,,,,,,,,,,
2309,0,0,0,0,0,0,0,0,0,0,0,0,0.01479022,,,,,,,,,,,,,,,,,,,,
2310,0,0,0,0,0,0,0,0,0,0,0,0,0.01370542,,,,,,,,,,,,,,,,,,,,
2311,0,0,0,0,0,0,0,0,0,0,0,0,0.01278442,,,,,,,,,,,,,,,,,,,,
2312,0,0,0,0,0,0,0,0,0,0,0,0,0.01197529,,,,,,,,,,,,,,,,,,,,
2313,0,0,0,0,0,0,0,0,0,0,0,0,0.010833705,,,,,,,,,,,,,,,,,,,,
2314,0,0,0,0,0,0,0,0,0,0,0,0,0.00957285,,,,,,,,,,,,,,,,,,,,
2315,0,0,0,0,0,0,0,0,0,0,0,0,0.008160695,,,,,,,,,,,,,,,,,,,,
2316,0,0,0,0,0,0,0,0,0,0,0,0,0.00549185,,,,,,,,,,,,,,,,,,,,
2317,0,0,0,0,0,0,0,0,0,0,0,0,0.00368016,,,,,,,,,,,,,,,,,,,,
2318,0,0,0,0,0,0,0,0,0,0,0,0,0.003245305,,,,,,,,,,,,,,,,,,,,
2319,0,0,0,0,0,0,0,0,0,0,0,0,0.00234868,,,,,,,,,,,,,,,,,,,,
2320,0,0,0,0,0,0,0,0,0,0,0,0,0.00102937,,,,,,,,,,,,,,,,,,,,
2321,0,0,0,0,0,0,0,0,0,0,0,0,0,,,,,,,,,,,,,,,,,,,,
2322,0,0,0,0,0,0,0,0,0,0,0,0,0,,,,,,,,,,,,,,,,,,,,
2323,0,0,0,0,0,0,0,0,0,0,0,0,0,,,,,,,,,,,,,,,,,,,,
2324,0,0,0,0,0,0,0,0,0,0,0,0,0,,,,,,,,,,,,,,,,,,,,
2325,0,0,0,0,0,0,0,0,0,0,0,0,0,,,,,,,,,,,,,,,,,,,,
2326,0,0,0,0,0,0,0,0,0,0,0,0,0,,,,,,,,,,,,,,,,,,,,
2327,0,0,0,0,0,0,0,0,0,0,0,0,0,,,,,,,,,,,,,,,,,,,,
2328,0,0,0,0,0,0,0,0,0,0,0,0,0,,,,,,,,,,,,,,,,,,,,
2329,0,0,0,0,0,0,0,0,0,0,0,0,0,,,,,,,,,,,,,,,,,,,,
2330,0,0,0,0,0,0,0,0,0,0,0,0,0,,,,,,,,,,,,,,,,,,,,
2331,0,0,0,0,0,0,0,0,0,0,0,0,0,,,,,,,,,,,,,,,,,,,,
2332,0,0,0,0,0,0,0,0,0,0,0,0,0,,,,,,,,,,,,,,,,,,,,
2333,0,0,0,0,0,0,0,0,0,0,0,0,0,,,,,,,,,,,,,,,,,,,,
2334,0,0,0,0,0,0,0,0,0,0,0,0,0,,,,,,,,,,,,,,,,,,,,
2335,0,0,0,0,0,0,0,0,0,0,0,0,0,,,,,,,,,,,,,,,,,,,,
2336,0,0,0,0,0,0,0,0,0,0,0,0,0,,,,,,,,,,,,,,,,,,,,
2337,0,0,0,0,0,0,0,0,0,0,0,0,0,,,,,,,,,,,,,,,,,,,,
2338,0,0,0,0,0,0,0,0,0,0,0,0,0,,,,,,,,,,,,,,,,,,,,
2339,0,0,0,0,0,0,0,0,0,0,0,0,0,,,,,,,,,,,,,,,,,,,,
2340,0,0,0,0,0,0,0,0,0,0,0,0,0,,,,,,,,,,,,,,,,,,,,
2341,0,0,0,0,0,0,0,0,0,0,0,0,0,,,,,,,,,,,,,,,,,,,,
2342,0,0,0,0,0,0,0,0,0,0,0,0,0,,,,,,,,,,,,,,,,,,,,
2343,0,0,0,0,0,0,0,0,0,0,0,0,0,,,,,,,,,,,,,,,,,,,,
2344,0,0,0,0,0,0,0,0,0,0,0,0,0,,,,,,,,,,,,,,,,,,,,
2345,0,0,0,0,0,0,0,0,0,0,0,0,0,,,,,,,,,,,,,,,,,,,,
2346,0,0,0,0,0,0,0,0,0,0,0,0,0,,,,,,,,,,,,,,,,,,,,
2347,0,0,0,0,0,0,0,0,0,0,0,0,0,,,,,,,,,,,,,,,,,,,,
2348,0,0,0,0,0,0,0,0,0,0,0,0,0,,,,,,,,,,,,,,,,,,,,
2349,0,0,0,0,0,0,0,0,0,0,0,0,0,,,,,,,,,,,,,,,,,,,,
2350,0,0,0,0,0,0,0,0,0,0,0,0,0,,,,,,,,,,,,,,,,,,,,
2351,0,0,0,0,0,0,0,0,0,0,0,0,0,,,,,,,,,,,,,,,,,,,,
2352,0,0,0,0,0,0,0,0,0,0,0,0,0,,,,,,,,,,,,,,,,,,,,
2353,0,0,0,0,0,0,0,0,0,0,0,0,0,,,,,,,,,,,,,,,,,,,,
2354,0,0,0,0,0,0,0,0,0,0,0,0,0,,,,,,,,,,,,,,,,,,,,
2355,0,0,0,0,0,0,0,0,0,0,0,0,0,,,,,,,,,,,,,,,,,,,,
2356,0,0,0,0,0,0,0,0,0,0,0,0,0,,,,,,,,,,,,,,,,,,,,
2357,0,0,0,0,0,0,0,0,0,0,0,0,0,,,,,,,,,,,,,,,,,,,,
2358,0,0,0,0,0,0,0,0,0,0,0,0,0,,,,,,,,,,,,,,,,,,,,
2359,0,0,0,0,0,0,0,0,0,0,0,0,0,,,,,,,,,,,,,,,,,,,,
2360,0,0,0,0,0,0,0,0,0,0,0,0,0,,,,,,,,,,,,,,,,,,,,
2361,0,0,0,0,0,0,0,0,0,0,0,0,0,,,,,,,,,,,,,,,,,,,,
2362,0,0,0,0,0,0,0,0,0,0,0,0,0,,,,,,,,,,,,,,,,,,,,
2363,0,0,0,0,0,0,0,0,0,0,0,0,0,,,,,,,,,,,,,,,,,,,,
2364,0,0,0,0,0,0,0,0,0,0,0,0,0,,,,,,,,,,,,,,,,,,,,
2365,0,0,0,0,0,0,0,0,0,0,0,0,0,,,,,,,,,,,,,,,,,,,,
2366,0,0,0,0,0,0,0,0,0,0,0,0,0,,,,,,,,,,,,,,,,,,,,
2367,0,0,0,0,0,0,0,0,0,0,0,0,0,,,,,,,,,,,,,,,,,,,,
2368,0,0,0,0,0,0,0,0,0,0,0,0,0,,,,,,,,,,,,,,,,,,,,
2369,0,0,0,0,0,0,0,0,0,0,0,0,0,,,,,,,,,,,,,,,,,,,,
2370,0,0,0,0,0,0,0,0,0,0,0,0,0,,,,,,,,,,,,,,,,,,,,
2371,0,0,0,0,0,0,0,0,0,0,0,0,0,,,,,,,,,,,,,,,,,,,,
2372,0,0,0,0,0,0,0,0,0,0,0,0,0,,,,,,,,,,,,,,,,,,,,
2373,0,0,0,0,0,0,0,0,0,0,0,0,0,,,,,,,,,,,,,,,,,,,,
2374,0,0,0,0,0,0,0,0,0,0,0,0,0,,,,,,,,,,,,,,,,,,,,
2375,0,0,0,0,0,0,0,0,0,0,0,0,0,,,,,,,,,,,,,,,,,,,,
2376,0,0,0,0,0,0,0,0,0,0,0,0,0,,,,,,,,,,,,,,,,,,,,
2377,0,0,0,0,0,0,0,0,0,0,0,0,0,,,,,,,,,,,,,,,,,,,,
2378,0,0,0,0,0,0,0,0,0,0,0,0,0,,,,,,,,,,,,,,,,,,,,
2379,0,0,0,0,0,0,0,0,0,0,0,0,0,,,,,,,,,,,,,,,,,,,,
2380,0,0,0,0,0,0,0,0,0,0,0,0,0,,,,,,,,,,,,,,,,,,,,
2381,0,0,0,0,0,0,0,0,0,0,0,0,0,,,,,,,,,,,,,,,,,,,,
2382,0,0,0,0,0,0,0,0,0,0,0,0,0,,,,,,,,,,,,,,,,,,,,
2383,0,0,0,0,0,0,0,0,0,0,0,0,0,,,,,,,,,,,,,,,,,,,,
2384,0,0,0,0,0,0,0,0,0,0,0,0,0,,,,,,,,,,,,,,,,,,,,
2385,0,0,0,0,0,0,0,0,0,0,0,0,0,,,,,,,,,,,,,,,,,,,,
2386,0,0,0,0,0,0,0,0,0,0,0,0,0,,,,,,,,,,,,,,,,,,,,
2387,0,0,0,0,0,0,0,0,0,0,0,0,0,,,,,,,,,,,,,,,,,,,,
2388,0,0,0,0,0,0,0,0,0,0,0,0,0,,,,,,,,,,,,,,,,,,,,
2389,0,0,0,0,0,0,0,0,0,0,0,0,0,,,,,,,,,,,,,,,,,,,,
2390,0,0,0,0,0,0,0,0,0,0,0,0,0,,,,,,,,,,,,,,,,,,,,
2391,0,0,0,0,0,0,0,0,0,0,0,0,0,,,,,,,,,,,,,,,,,,,,
2392,0,0,0,0,0,0,0,0,0,0,0,0,0,,,,,,,,,,,,,,,,,,,,
2393,0,0,0,0,0,0,0,0,0,0,0,0,0,,,,,,,,,,,,,,,,,,,,
2394,0,0,0,0,0,0,0,0,0,0,0,0,0,,,,,,,,,,,,,,,,,,,,
2395,0,0,0,0,0,0,0,0,0,0,0,0,0,,,,,,,,,,,,,,,,,,,,
2396,0,0,0,0,0,0,0,0,0,0,0,0,0,,,,,,,,,,,,,,,,,,,,
2397,0,0,0,0,0,0,0,0,0,0,0,0,0,,,,,,,,,,,,,,,,,,,,
2398,0,0,0,0,0,0,0,0,0,0,0,0,0,,,,,,,,,,,,,,,,,,,,
2399,0,0,0,0,0,0,0,0,0,0,0,0,0,,,,,,,,,,,,,,,,,,,,
2400,0,0,0,0,0,0,0,0,0,0,0,0,0,,,,,,,,,,,,,,,,,,,,
2401,0,0,0,0,0,0,0,0,0,0,0,0,0,,,,,,,,,,,,,,,,,,,,
2402,0,0,0,0,0,0,0,0,0,0,0,0,0,,,,,,,,,,,,,,,,,,,,
2403,0,0,0,0,0,0,0,0,0,0,0,0,0,,,,,,,,,,,,,,,,,,,,
2404,0,0,0,0,0,0,0,0,0,0,0,0,0,,,,,,,,,,,,,,,,,,,,
2405,0,0,0,0,0,0,0,0,0,0,0,0,0,,,,,,,,,,,,,,,,,,,,
2406,0,0,0,0,0,0,0,0,0,0,0,0,0,,,,,,,,,,,,,,,,,,,,
2407,0,0,0,0,0,0,0,0,0,0,0,0,0,,,,,,,,,,,,,,,,,,,,
2408,0,0,0,0,0,0,0,0,0,0,0,0,0,,,,,,,,,,,,,,,,,,,,
2409,0,0,0,0,0,0,0,0,0,0,0,0,0,,,,,,,,,,,,,,,,,,,,
2410,0,0,0,0,0,0,0,0,0,0,0,0,0,,,,,,,,,,,,,,,,,,,,
2411,0,0,0,0,0,0,0,0,0,0,0,0,0,,,,,,,,,,,,,,,,,,,,
2412,0,0,0,0,0,0,0,0,0,0,0,0,0,,,,,,,,,,,,,,,,,,,,
2413,0,0,0,0,0,0,0,0,0,0,0,0,0,,,,,,,,,,,,,,,,,,,,
2414,0,0,0,0,0,0,0,0,0,0,0,0,0,,,,,,,,,,,,,,,,,,,,
2415,0,0,0,0,0,0,0,0,0,0,0,0,0,,,,,,,,,,,,,,,,,,,,
2416,0,0,0,0,0,0,0,0,0,0,0,0,0,,,,,,,,,,,,,,,,,,,,
2417,0,0,0,0,0,0,0,0,0,0,0,0,0,,,,,,,,,,,,,,,,,,,,
2418,0,0,0,0,0,0,0,0,0,0,0,0,0,,,,,,,,,,,,,,,,,,,,
2419,0,0,0,0,0,0,0,0,0,0,0,0,0,,,,,,,,,,,,,,,,,,,,
2420,0,0,0,0,0,0,0,0,0,0,0,0,0,,,,,,,,,,,,,,,,,,,,
2421,0,0,0,0,0,0,0,0,0,0,0,0,0,,,,,,,,,,,,,,,,,,,,
2422,0,0,0,0,0,0,0,0,0,0,0,0,0,,,,,,,,,,,,,,,,,,,,
2423,0,0,0,0,0,0,0,0,0,0,0,0,0,,,,,,,,,,,,,,,,,,,,
2424,0,0,0,0,0,0,0,0,0,0,0,0,0,,,,,,,,,,,,,,,,,,,,
2425,0,0,0,0,0,0,0,0,0,0,0,0,0,,,,,,,,,,,,,,,,,,,,
2426,0,0,0,0,0,0,0,0,0,0,0,0,0,,,,,,,,,,,,,,,,,,,,
2427,0,0,0,0,0,0,0,0,0,0,0,0,0,,,,,,,,,,,,,,,,,,,,
2428,0,0,0,0,0,0,0,0,0,0,0,0,0,,,,,,,,,,,,,,,,,,,,
2429,0,0,0,0,0,0,0,0,0,0,0,0,0,,,,,,,,,,,,,,,,,,,,
2430,0,0,0,0,0,0,0,0,0,0,0,0,0,,,,,,,,,,,,,,,,,,,,
2431,0,0,0,0,0,0,0,0,0,0,0,0,0,,,,,,,,,,,,,,,,,,,,
2432,0,0,0,0,0,0,0,0,0,0,0,0,0,,,,,,,,,,,,,,,,,,,,
2433,0,0,0,0,0,0,0,0,0,0,0,0,0,,,,,,,,,,,,,,,,,,,,
2434,0,0,0,0,0,0,0,0,0,0,0,0,0,,,,,,,,,,,,,,,,,,,,
2435,0,0,0,0,0,0,0,0,0,0,0,0,0,,,,,,,,,,,,,,,,,,,,
2436,0,0,0,0,0,0,0,0,0,0,0,0,0,,,,,,,,,,,,,,,,,,,,
2437,0,0,0,0,0,0,0,0,0,0,0,0,0,,,,,,,,,,,,,,,,,,,,
2438,0,0,0,0,0,0,0,0,0,0,0,0,0,,,,,,,,,,,,,,,,,,,,
2439,0,0,0,0,0,0,0,0,0,0,0,0,0,,,,,,,,,,,,,,,,,,,,
2440,0,0,0,0,0,0,0,0,0,0,0,0,0,,,,,,,,,,,,,,,,,,,,
2441,0,0,0,0,0,0,0,0,0,0,0,0,0,,,,,,,,,,,,,,,,,,,,
2442,0,0,0,0,0,0,0,0,0,0,0,0,0,,,,,,,,,,,,,,,,,,,,
2443,0,0,0,0,0,0,0,0,0,0,0,0,0,,,,,,,,,,,,,,,,,,,,
2444,0,0,0,0,0,0,0,0,0,0,0,0,0,,,,,,,,,,,,,,,,,,,,
2445,0,0,0,0,0,0,0,0,0,0,0,0,0,,,,,,,,,,,,,,,,,,,,
2446,0,0,0,0,0,0,0,0,0,0,0,0,0,,,,,,,,,,,,,,,,,,,,
2447,0,0,0,0,0,0,0,0,0,0,0,0,0,,,,,,,,,,,,,,,,,,,,
2448,0,0,0,0,0,0,0,0,0,0,0,0,0,,,,,,,,,,,,,,,,,,,,
2449,0,0,0,0,0,0,0,0,0,0,0,0,0,,,,,,,,,,,,,,,,,,,,
2450,0,0,0,0,0,0,0,0,0,0,0,0,0,,,,,,,,,,,,,,,,,,,,
2451,0,0,0,0,0,0,0,0,0,0,0,0,0,,,,,,,,,,,,,,,,,,,,
2452,0,0,0,0,0,0,0,0,0,0,0,0,0,,,,,,,,,,,,,,,,,,,,
2453,0,0,0,0,0,0,0,0,0,0,0,0,0,,,,,,,,,,,,,,,,,,,,
2454,0,0,0,0,0,0,0,0,0,0,0,0,0,,,,,,,,,,,,,,,,,,,,
2455,0,0,0,0,0,0,0,0,0,0,0,0,0,,,,,,,,,,,,,,,,,,,,
2456,0,0,0,0,0,0,0,0,0,0,0,0,0,,,,,,,,,,,,,,,,,,,,
2457,0,0,0,0,0,0,0,0,0,0,0,0,0,,,,,,,,,,,,,,,,,,,,
2458,0,0,0,0,0,0,0,0,0,0,0,0,0,,,,,,,,,,,,,,,,,,,,
2459,0,0,0,0,0,0,0,0,0,0,0,0,0,,,,,,,,,,,,,,,,,,,,
2460,0,0,0,0,0,0,0,0,0,0,0,0,0,,,,,,,,,,,,,,,,,,,,
2461,0,0,0,0,0,0,0,0,0,0,0,0,0,,,,,,,,,,,,,,,,,,,,
2462,0,0,0,0,0,0,0,0,0,0,0,0,0,,,,,,,,,,,,,,,,,,,,
2463,0,0,0,0,0,0,0,0,0,0,0,0,0,,,,,,,,,,,,,,,,,,,,
2464,0,0,0,0,0,0,0,0,0,0,0,0,0,,,,,,,,,,,,,,,,,,,,
2465,0,0,0,0,0,0,0,0,0,0,0,0,0,,,,,,,,,,,,,,,,,,,,
2466,0,0,0,0,0,0,0,0,0,0,0,0,0,,,,,,,,,,,,,,,,,,,,
2467,0,0,0,0,0,0,0,0,0,0,0,0,0,,,,,,,,,,,,,,,,,,,,
2468,0,0,0,0,0,0,0,0,0,0,0,0,0,,,,,,,,,,,,,,,,,,,,
2469,0,0,0,0,0,0,0,0,0,0,0,0,0,,,,,,,,,,,,,,,,,,,,
2470,0,0,0,0,0,0,0,0,0,0,0,0,0,,,,,,,,,,,,,,,,,,,,
2471,0,0,0,0,0,0,0,0,0,0,0,0,0,,,,,,,,,,,,,,,,,,,,
2472,0,0,0,0,0,0,0,0,0,0,0,0,0,,,,,,,,,,,,,,,,,,,,
2473,0,0,0,0,0,0,0,0,0,0,0,0,0,,,,,,,,,,,,,,,,,,,,
2474,0,0,0,0,0,0,0,0,0,0,0,0,0,,,,,,,,,,,,,,,,,,,,
2475,0,0,0,0,0,0,0,0,0,0,0,0,0,,,,,,,,,,,,,,,,,,,,
2476,0,0,0,0,0,0,0,0,0,0,0,0,0,,,,,,,,,,,,,,,,,,,,
2477,0,0,0,0,0,0,0,0,0,0,0,0,0,,,,,,,,,,,,,,,,,,,,
2478,0,0,0,0,0,0,0,0,0,0,0,0,0,,,,,,,,,,,,,,,,,,,,
2479,0,0,0,0,0,0,0,0,0,0,0,0,0,,,,,,,,,,,,,,,,,,,,
2480,0,0,0,0,0,0,0,0,0,0,0,0,0,,,,,,,,,,,,,,,,,,,,
2481,0,0,0,0,0,0,0,0,0,0,0,0,0,,,,,,,,,,,,,,,,,,,,
2482,0,0,0,0,0,0,0,0,0,0,0,0,0,,,,,,,,,,,,,,,,,,,,
2483,0,0,0,0,0,0,0,0,0,0,0,0,0,,,,,,,,,,,,,,,,,,,,
2484,0,0,0,0,0,0,0,0,0,0,0,0,0,,,,,,,,,,,,,,,,,,,,
2485,0,0,0,0,0,0,0,0,0,0,0,0,0,,,,,,,,,,,,,,,,,,,,
2486,0,0,0,0,0,0,0,0,0,0,0,0,0,,,,,,,,,,,,,,,,,,,,
2487,0,0,0,0,0,0,0,0,0,0,0,0,0,,,,,,,,,,,,,,,,,,,,
2488,0,0,0,0,0,0,0,0,0,0,0,0,0,,,,,,,,,,,,,,,,,,,,
2489,0,0,0,0,0,0,0,0,0,0,0,0,0,,,,,,,,,,,,,,,,,,,,
2490,0,0,0,0,0,0,0,0,0,0,0,0,0,,,,,,,,,,,,,,,,,,,,
2491,0,0,0,0,0,0,0,0,0,0,0,0,0,,,,,,,,,,,,,,,,,,,,
2492,0,0,0,0,0,0,0,0,0,0,0,0,0,,,,,,,,,,,,,,,,,,,,
2493,0,0,0,0,0,0,0,0,0,0,0,0,0,,,,,,,,,,,,,,,,,,,,
2494,0,0,0,0,0,0,0,0,0,0,0,0,0,,,,,,,,,,,,,,,,,,,,
2495,0,0,0,0,0,0,0,0,0,0,0,0,0,,,,,,,,,,,,,,,,,,,,
2496,0,0,0,0,0,0,0,0,0,0,0,0,0,,,,,,,,,,,,,,,,,,,,
2497,0,0,0,0,0,0,0,0,0,0,0,0,0,,,,,,,,,,,,,,,,,,,,
2498,0,0,0,0,0,0,0,0,0,0,0,0,0,,,,,,,,,,,,,,,,,,,,
2499,0,0,0,0,0,0,0,0,0,0,0,0,0,,,,,,,,,,,,,,,,,,,,
2500,0,0,0,0,0,0,0,0,0,0,0,0,0,,,,,,,,,,,,,,,,,,,,
2501,0,0,0,0,0,0,0,0,0,0,0,0,0,,,,,,,,,,,,,,,,,,,,
2502,0,0,0,0,0,0,0,0,0,0,0,0,0,,,,,,,,,,,,,,,,,,,,
2503,0,0,0,0,0,0,0,0,0,0,0,0,0,,,,,,,,,,,,,,,,,,,,
2504,0,0,0,0,0,0,0,0,0,0,0,0,0,,,,,,,,,,,,,,,,,,,,
2505,0,0,0,0,0,0,0,0,0,0,0,0,0,,,,,,,,,,,,,,,,,,,,
2506,0,0,0,0,0,0,0,0,0,0,0,0,0,,,,,,,,,,,,,,,,,,,,
2507,0,0,0,0,0,0,0,0,0,0,0,0,0,,,,,,,,,,,,,,,,,,,,
2508,0,0,0,0,0,0,0,0,0,0,0,0,0,,,,,,,,,,,,,,,,,,,,
2509,0,0,0,0,0,0,0,0,0,0,0,0,0,,,,,,,,,,,,,,,,,,,,
2510,0,0,0,0,0,0,0,0,0,0,0,0,0,,,,,,,,,,,,,,,,,,,,
2511,0,0,0,0,0,0,0,0,0,0,0,0,0,,,,,,,,,,,,,,,,,,,,
2512,0,0,0,0,0,0,0,0,0,0,0,0,0,,,,,,,,,,,,,,,,,,,,
2513,0,0,0,0,0,0,0,0,0,0,0,0,0,,,,,,,,,,,,,,,,,,,,
2514,0,0,0,0,0,0,0,0,0,0,0,0,0,,,,,,,,,,,,,,,,,,,,
2515,0,0,0,0,0,0,0,0,0,0,0,0,0,,,,,,,,,,,,,,,,,,,,
2516,0,0,0,0,0,0,0,0,0,0,0,0,0,,,,,,,,,,,,,,,,,,,,
2517,0,0,0,0,0,0,0,0,0,0,0,0,0,,,,,,,,,,,,,,,,,,,,
2518,0,0,0,0,0,0,0,0,0,0,0,0,0,,,,,,,,,,,,,,,,,,,,
2519,0,0,0,0,0,0,0,0,0,0,0,0,0,,,,,,,,,,,,,,,,,,,,
2520,0,0,0,0,0,0,0,0,0,0,0,0,0,,,,,,,,,,,,,,,,,,,,
2521,0,0,0,0,0,0,0,0,0,0,0,0,0,,,,,,,,,,,,,,,,,,,,
2522,0,0,0,0,0,0,0,0,0,0,0,0,0,,,,,,,,,,,,,,,,,,,,
2523,0,0,0,0,0,0,0,0,0,0,0,0,0,,,,,,,,,,,,,,,,,,,,
2524,0,0,0,0,0,0,0,0,0,0,0,0,0,,,,,,,,,,,,,,,,,,,,
2525,0,0,0,0,0,0,0,0,0,0,0,0,0,,,,,,,,,,,,,,,,,,,,
2526,0,0,0,0,0,0,0,0,0,0,0,0,0,,,,,,,,,,,,,,,,,,,,
2527,0,0,0,0,0,0,0,0,0,0,0,0,0,,,,,,,,,,,,,,,,,,,,
2528,0,0,0,0,0,0,0,0,0,0,0,0,0,,,,,,,,,,,,,,,,,,,,
2529,0,0,0,0,0,0,0,0,0,0,0,0,0,,,,,,,,,,,,,,,,,,,,
2530,0,0,0,0,0,0,0,0,0,0,0,0,0,,,,,,,,,,,,,,,,,,,,
2531,0,0,0,0,0,0,0,0,0,0,0,0,0,,,,,,,,,,,,,,,,,,,,
2532,0,0,0,0,0,0,0,0,0,0,0,0,0,,,,,,,,,,,,,,,,,,,,
2533,0,0,0,0,0,0,0,0,0,0,0,0,0,,,,,,,,,,,,,,,,,,,,
2534,0,0,0,0,0,0,0,0,0,0,0,0,0,,,,,,,,,,,,,,,,,,,,
2535,0,0,0,0,0,0,0,0,0,0,0,0,0,,,,,,,,,,,,,,,,,,,,
2536,0,0,0,0,0,0,0,0,0,0,0,0,0,,,,,,,,,,,,,,,,,,,,
2537,0,0,0,0,0,0,0,0,0,0,0,0,0,,,,,,,,,,,,,,,,,,,,
2538,0,0,0,0,0,0,0,0,0,0,0,0,0,,,,,,,,,,,,,,,,,,,,
2539,0,0,0,0,0,0,0,0,0,0,0,0,0,,,,,,,,,,,,,,,,,,,,
2540,0,0,0,0,0,0,0,0,0,0,0,0,0,,,,,,,,,,,,,,,,,,,,
2541,0,0,0,0,0,0,0,0,0,0,0,0,0,,,,,,,,,,,,,,,,,,,,
2542,0,0,0,0,0,0,0,0,0,0,0,0,0,,,,,,,,,,,,,,,,,,,,
2543,0,0,0,0,0,0,0,0,0,0,0,0,0,,,,,,,,,,,,,,,,,,,,
2544,0,0,0,0,0,0,0,0,0,0,0,0,0,,,,,,,,,,,,,,,,,,,,
2545,0,0,0,0,0,0,0,0,0,0,0,0,0,,,,,,,,,,,,,,,,,,,,
2546,0,0,0,0,0,0,0,0,0,0,0,0,0,,,,,,,,,,,,,,,,,,,,
2547,0,0,0,0,0,0,0,0,0,0,0,0,0,,,,,,,,,,,,,,,,,,,,
2548,0,0,0,0,0,0,0,0,0,0,0,0,0,,,,,,,,,,,,,,,,,,,,
2549,0,0,0,0,0,0,0,0,0,0,0,0,0,,,,,,,,,,,,,,,,,,,,
2550,0,0,0,0,0,0,0,0,0,0,0,0,0,,,,,,,,,,,,,,,,,,,,
2551,0,0,0,0,0,0,0,0,0,0,0,0,0,,,,,,,,,,,,,,,,,,,,
2552,0,0,0,0,0,0,0,0,0,0,0,0,0,,,,,,,,,,,,,,,,,,,,
2553,0,0,0,0,0,0,0,0,0,0,0,0,0,,,,,,,,,,,,,,,,,,,,
2554,0,0,0,0,0,0,0,0,0,0,0,0,0,,,,,,,,,,,,,,,,,,,,
2555,0,0,0,0,0,0,0,0,0,0,0,0,0,,,,,,,,,,,,,,,,,,,,
2556,0,0,0,0,0,0,0,0,0,0,0,0,0,,,,,,,,,,,,,,,,,,,,
2557,0,0,0,0,0,0,0,0,0,0,0,0,0,,,,,,,,,,,,,,,,,,,,
2558,0,0,0,0,0,0,0,0,0,0,0,0,0,,,,,,,,,,,,,,,,,,,,
2559,0,0,0,0,0,0,0,0,0,0,0,0,0,,,,,,,,,,,,,,,,,,,,
2560,0,0,0,0,0,0,0,0,0,0,0,0,0,,,,,,,,,,,,,,,,,,,,
2561,0,0,0,0,0,0,0,0,0,0,0,0,0,,,,,,,,,,,,,,,,,,,,
2562,0,0,0,0,0,0,0,0,0,0,0,0,0,,,,,,,,,,,,,,,,,,,,
2563,0,0,0,0,0,0,0,0,0,0,0,0,0,,,,,,,,,,,,,,,,,,,,
2564,0,0,0,0,0,0,0,0,0,0,0,0,0,,,,,,,,,,,,,,,,,,,,
2565,0,0,0,0,0,0,0,0,0,0,0,0,0,,,,,,,,,,,,,,,,,,,,
2566,0,0,0,0,0,0,0,0,0,0,0,0,0,,,,,,,,,,,,,,,,,,,,
2567,0,0,0,0,0,0,0,0,0,0,0,0,0,,,,,,,,,,,,,,,,,,,,
2568,0,0,0,0,0,0,0,0,0,0,0,0,0,,,,,,,,,,,,,,,,,,,,
2569,0,0,0,0,0,0,0,0,0,0,0,0,0,,,,,,,,,,,,,,,,,,,,
2570,0,0,0,0,0,0,0,0,0,0,0,0,0,,,,,,,,,,,,,,,,,,,,
2571,0,0,0,0,0,0,0,0,0,0,0,0,0,,,,,,,,,,,,,,,,,,,,
2572,0,0,0,0,0,0,0,0,0,0,0,0,0,,,,,,,,,,,,,,,,,,,,
2573,0,0,0,0,0,0,0,0,0,0,0,0,0,,,,,,,,,,,,,,,,,,,,
2574,0,0,0,0,0,0,0,0,0,0,0,0,0,,,,,,,,,,,,,,,,,,,,
2575,0,0,0,0,0,0,0,0,0,0,0,0,0,,,,,,,,,,,,,,,,,,,,
2576,0,0,0,0,0,0,0,0,0,0,0,0,0,,,,,,,,,,,,,,,,,,,,
2577,0,0,0,0,0,0,0,0,0,0,0,0,0,,,,,,,,,,,,,,,,,,,,
2578,0,0,0,0,0,0,0,0,0,0,0,0,0,,,,,,,,,,,,,,,,,,,,
2579,0,0,0,0,0,0,0,0,0,0,0,0,0,,,,,,,,,,,,,,,,,,,,
2580,0,0,0,0,0,0,0,0,0,0,0,0,0,,,,,,,,,,,,,,,,,,,,
2581,0,0,0,0,0,0,0,0,0,0,0,0,0,,,,,,,,,,,,,,,,,,,,
2582,0,0,0,0,0,0,0,0,0,0,0,0,0,,,,,,,,,,,,,,,,,,,,
2583,0,0,0,0,0,0,0,0,0,0,0,0,0,,,,,,,,,,,,,,,,,,,,
2584,0,0,0,0,0,0,0,0,0,0,0,0,0,,,,,,,,,,,,,,,,,,,,
2585,0,0,0,0,0,0,0,0,0,0,0,0,0,,,,,,,,,,,,,,,,,,,,
2586,0,0,0,0,0,0,0,0,0,0,0,0,0,,,,,,,,,,,,,,,,,,,,
2587,0,0,0,0,0,0,0,0,0,0,0,0,0,,,,,,,,,,,,,,,,,,,,
2588,0,0,0,0,0,0,0,0,0,0,0,0,0,,,,,,,,,,,,,,,,,,,,
2589,0,0,0,0,0,0,0,0,0,0,0,0,0,,,,,,,,,,,,,,,,,,,,
2590,0,0,0,0,0,0,0,0,0,0,0,0,0,,,,,,,,,,,,,,,,,,,,
2591,0,0,0,0,0,0,0,0,0,0,0,0,0,,,,,,,,,,,,,,,,,,,,
2592,0,0,0,0,0,0,0,0,0,0,0,0,0,,,,,,,,,,,,,,,,,,,,
2593,0,0,0,0,0,0,0,0,0,0,0,0,0,,,,,,,,,,,,,,,,,,,,
2594,0,0,0,0,0,0,0,0,0,0,0,0,0,,,,,,,,,,,,,,,,,,,,
2595,0,0,0,0,0,0,0,0,0,0,0,0,0,,,,,,,,,,,,,,,,,,,,
2596,0,0,0,0,0,0,0,0,0,0,0,0,0,,,,,,,,,,,,,,,,,,,,
2597,0,0,0,0,0,0,0,0,0,0,0,0,0,,,,,,,,,,,,,,,,,,,,
2598,0,0,0,0,0,0,0,0,0,0,0,0,0,,,,,,,,,,,,,,,,,,,,
2599,0,0,0,0,0,0,0,0,0,0,0,0,0,,,,,,,,,,,,,,,,,,,,
2600,0,0,0,0,0,0,0,0,0,0,0,0,0,,,,,,,,,,,,,,,,,,,,
