SR_WL,S2A_SR_AV_B1,S2A_SR_AV_B2,S2A_SR_AV_B3,S2A_SR_AV_B4,S2A_SR_AV_B5,S2A_SR_AV_B6,S2A_SR_AV_B7,S2A_SR_AV_B8,S2A_SR_AV_B8A,S2A_SR_AV_B9,S2A_SR_AV_B10,S2A_SR_AV_B11,S2A_SR_AV_B12,,,,,,,,
300,0,0,0,0,0,0,0,0,0,0,0,0,0,,,,,,,,
301,0,0,0,0,0,0,0,0,0,0,0,0,0,,,,,,,,
302,0,0,0,0,0,0,0,0,0,0,0,0,0,,,,,,,,
303,0,0,0,0,0,0,0,0,0,0,0,0,0,,,,,,,,
304,0,0,0,0,0,0,0,0,0,0,0,0,0,,,,,,,,
305,0,0,0,0,0,0,0,0,0,0,0,0,0,,,,,,,,
306,0,0,0,0,0,0,0,0,0,0,0,0,0,,,,,,,,
307,0,0,0,0,0,0,0,0,0,0,0,0,0,,,,,,,,
308,0,0,0,0,0,0,0,0,0,0,0,0,0,,,,,,,,
309,0,0,0,0,0,0,0,0,0,0,0,0,0,,,,,,,,
310,0,0,0,0,0,0,0,0,0,0,0,0,0,,,,,,,,
311,0,0,0,0,0,0,0,0,0,0,0,0,0,,,,,,,,
312,0,0,0,0,0,0,0,0,0,0,0,0,0,,,,,,,,
313,0,0,0,0,0,0,0,0,0,0,0,0,0,,,,,,,,
314,0,0,0,0,0,0,0,0,0,0,0,0,0,,,,,,,,
315,0,0,0,0,0,0,0,0,0,0,0,0,0,,,,,,,,
316,0,0,0,0,0,0,0,0,0,0,0,0,0,,,,,,,,
317,0,0,0,0,0,0,0,0,0,0,0,0,0,,,,,,,,
318,0,0,0,0,0,0,0,0,0,0,0,0,0,,,,,,,,
319,0,0,0,0,0,0,0,0,0,0,0,0,0,,,,,,,,
320,0,0,0,0,0,0,0,0,0,0,0,0,0,,,,,,,,
321,0,0,0,0,0,0,0,0,0,0,0,0,0,,,,,,,,
322,0,0,0,0,0,0,0,0,0,0,0,0,0,,,,,,,,
323,0,0,0,0,0,0,0,0,0,0,0,0,0,,,,,,,,
324,0,0,0,0,0,0,0,0,0,0,0,0,0,,,,,,,,
325,0,0,0,0,0,0,0,0,0,0,0,0,0,,,,,,,,
326,0,0,0,0,0,0,0,0,0,0,0,0,0,,,,,,,,
327,0,0,0,0,0,0,0,0,0,0,0,0,0,,,,,,,,
328,0,0,0,0,0,0,0,0,0,0,0,0,0,,,,,,,,
329,0,0,0,0,0,0,0,0,0,0,0,0,0,,,,,,,,
330,0,0,0,0,0,0,0,0,0,0,0,0,0,,,,,,,,
331,0,0,0,0,0,0,0,0,0,0,0,0,0,,,,,,,,
332,0,0,0,0,0,0,0,0,0,0,0,0,0,,,,,,,,
333,0,0,0,0,0,0,0,0,0,0,0,0,0,,,,,,,,
334,0,0,0,0,0,0,0,0,0,0,0,0,0,,,,,,,,
335,0,0,0,0,0,0,0,0,0,0,0,0,0,,,,,,,,
336,0,0,0,0,0,0,0,0,0,0,0,0,0,,,,,,,,
337,0,0,0,0,0,0,0,0,0,0,0,0,0,,,,,,,,
338,0,0,0,0,0,0,0,0,0,0,0,0,0,,,,,,,,
339,0,0,0,0,0,0,0,0,0,0,0,0,0,,,,,,,,
340,0,0,0,0,0,0,0,0,0,0,0,0,0,,,,,,,,
341,0,0,0,0,0,0,0,0,0,0,0,0,0,,,,,,,,
342,0,0,0,0,0,0,0,0,0,0,0,0,0,,,,,,,,
343,0,0,0,0,0,0,0,0,0,0,0,0,0,,,,,,,,
344,0,0,0,0,0,0,0,0,0,0,0,0,0,,,,,,,,
345,0,0,0,0,0,0,0,0,0,0,0,0,0,,,,,,,,
346,0,0,0,0,0,0,0,0,0,0,0,0,0,,,,,,,,
347,0,0,0,0,0,0,0,0,0,0,0,0,0,,,,,,,,
348,0,0,0,0,0,0,0,0,0,0,0,0,0,,,,,,,,
349,0,0,0,0,0,0,0,0,0,0,0,0,0,,,,,,,,
350,0,0,0,0,0,0,0,0,0,0,0,0,0,,,,,,,,
351,0,0,0,0,0,0,0,0,0,0,0,0,0,,,,,,,,
352,0,0,0,0,0,0,0,0,0,0,0,0,0,,,,,,,,
353,0,0,0,0,0,0,0,0,0,0,0,0,0,,,,,,,,
354,0,0,0,0,0,0,0,0,0,0,0,0,0,,,,,,,,
355,0,0,0,0,0,0,0,0,0,0,0,0,0,,,,,,,,
356,0,0,0,0,0,0,0,0,0,0,0,0,0,,,,,,,,
357,0,0,0,0,0,0,0,0,0,0,0,0,0,,,,,,,,
358,0,0,0,0,0,0,0,0,0,0,0,0,0,,,,,,,,
359,0,0,0,0,0,0,0,0,0,0,0,0,0,,,,,,,,
360,0,0,0,0,0,0,0,0,0,0,0,0,0,,,,,,,,
361,0,0,0,0,0,0,0,0,0,0,0,0,0,,,,,,,,
362,0,0,0,0,0,0,0,0,0,0,0,0,0,,,,,,,,
363,0,0,0,0,0,0,0,0,0,0,0,0,0,,,,,,,,
364,0,0,0,0,0,0,0,0,0,0,0,0,0,,,,,,,,
365,0,0,0,0,0,0,0,0,0,0,0,0,0,,,,,,,,
366,0,0,0,0,0,0,0,0,0,0,0,0,0,,,,,,,,
367,0,0,0,0,0,0,0,0,0,0,0,0,0,,,,,,,,
368,0,0,0,0,0,0,0,0,0,0,0,0,0,,,,,,,,
369,0,0,0,0,0,0,0,0,0,0,0,0,0,,,,,,,,
370,0,0,0,0,0,0,0,0,0,0,0,0,0,,,,,,,,
371,0,0,0,0,0,0,0,0,0,0,0,0,0,,,,,,,,
372,0,0,0,0,0,0,0,0,0,0,0,0,0,,,,,,,,
373,0,0,0,0,0,0,0,0,0,0,0,0,0,,,,,,,,
374,0,0,0,0,0,0,0,0,0,0,0,0,0,,,,,,,,
375,0,0,0,0,0,0,0,0,0,0,0,0,0,,,,,,,,
376,0,0,0,0,0,0,0,0,0,0,0,0,0,,,,,,,,
377,0,0,0,0,0,0,0,0,0,0,0,0,0,,,,,,,,
378,0,0,0,0,0,0,0,0,0,0,0,0,0,,,,,,,,
379,0,0,0,0,0,0,0,0,0,0,0,0,0,,,,,,,,
380,0,0,0,0,0,0,0,0,0,0,0,0,0,,,,,,,,
381,0,0,0,0,0,0,0,0,0,0,0,0,0,,,,,,,,
382,0,0,0,0,0,0,0,0,0,0,0,0,0,,,,,,,,
383,0,0,0,0,0,0,0,0,0,0,0,0,0,,,,,,,,
384,0,0,0,0,0,0,0,0,0,0,0,0,0,,,,,,,,
385,0,0,0,0,0,0,0,0,0,0,0,0,0,,,,,,,,
386,0,0,0,0,0,0,0,0,0,0,0,0,0,,,,,,,,
387,0,0,0,0,0,0,0,0,0,0,0,0,0,,,,,,,,
388,0,0,0,0,0,0,0,0,0,0,0,0,0,,,,,,,,
389,0,0,0,0,0,0,0,0,0,0,0,0,0,,,,,,,,
390,0,0,0,0,0,0,0,0,0,0,0,0,0,,,,,,,,
391,0,0,0,0,0,0,0,0,0,0,0,0,0,,,,,,,,
392,0,0,0,0,0,0,0,0,0,0,0,0,0,,,,,,,,
393,0,0,0,0,0,0,0,0,0,0,0,0,0,,,,,,,,
394,0,0,0,0,0,0,0,0,0,0,0,0,0,,,,,,,,
395,0,0,0,0,0,0,0,0,0,0,0,0,0,,,,,,,,
396,0,0,0,0,0,0,0,0,0,0,0,0,0,,,,,,,,
397,0,0,0,0,0,0,0,0,0,0,0,0,0,,,,,,,,
398,0,0,0,0,0,0,0,0,0,0,0,0,0,,,,,,,,
399,0,0,0,0,0,0,0,0,0,0,0,0,0,,,,,,,,
400,0,0,0,0,0,0,0,0,0,0,0,0,0,,,,,,,,
401,0,0,0,0,0,0,0,0,0,0,0,0,0,,,,,,,,
402,0,0,0,0,0,0,0,0,0,0,0,0,0,,,,,,,,
403,0,0,0,0,0,0,0,0,0,0,0,0,0,,,,,,,,
404,0,0,0,0,0,0,0,0,0,0,0,0,0,,,,,,,,
405,0,0,0,0,0,0,0,0,0,0,0,0,0,,,,,,,,
406,0,0,0,0,0,0,0,0,0,0,0,0,0,,,,,,,,
407,0,0,0,0,0,0,0,0,0,0,0,0,0,,,,,,,,
408,0,0,0,0,0,0,0,0,0,0,0,0,0,,,,,,,,
409,0,0,0,0,0,0,0,0,0,0,0,0,0,,,,,,,,
410,0,0,0,0,0,0,0,0,0,0,0,0,0,,,,,,,,
411,0.002080367,0,0,0,0,0,0,0,0,0,0,0,0,,,,,,,,
412,0.004005397,0,0,0,0,0,0,0,0,0,0,0,0,,,,,,,,
413,0.002700964,0,0,0,0,0,0,0,0,0,0,0,0,,,,,,,,
414,0.003958504,0,0,0,0,0,0,0,0,0,0,0,0,,,,,,,,
415,0.00360164,0,0,0,0,0,0,0,0,0,0,0,0,,,,,,,,
416,0.004676671,0,0,0,0,0,0,0,0,0,0,0,0,,,,,,,,
417,0.003217437,0,0,0,0,0,0,0,0,0,0,0,0,,,,,,,,
418,0.003558464,0,0,0,0,0,0,0,0,0,0,0,0,,,,,,,,
419,0.002462081,0,0,0,0,0,0,0,0,0,0,0,0,,,,,,,,
420,0.002013411,0,0,0,0,0,0,0,0,0,0,0,0,,,,,,,,
421,0.001226831,0,0,0,0,0,0,0,0,0,0,0,0,,,,,,,,
422,0.001659548,0,0,0,0,0,0,0,0,0,0,0,0,,,,,,,,
423,0.001679721,0,0,0,0,0,0,0,0,0,0,0,0,,,,,,,,
424,0.002412084,0,0,0,0,0,0,0,0,0,0,0,0,,,,,,,,
425,0.00203861,0,0,0,0,0,0,0,0,0,0,0,0,,,,,,,,
426,0.001785229,0,0,0,0,0,0,0,0,0,0,0,0,,,,,,,,
427,0.001896012,0,0,0,0,0,0,0,0,0,0,0,0,,,,,,,,
428,0.002528076,0,0,0,0,0,0,0,0,0,0,0,0,,,,,,,,
429,0.006303151,0,0,0,0,0,0,0,0,0,0,0,0,,,,,,,,
430,0.02691416,0,0,0,0,0,0,0,0,0,0,0,0,,,,,,,,
431,0.102547264,0,0,0,0,0,0,0,0,0,0,0,0,,,,,,,,
432,0.263908176,0,0,0,0,0,0,0,0,0,0,0,0,,,,,,,,
433,0.485549136,0,0,0,0,0,0,0,0,0,0,0,0,,,,,,,,
434,0.707761948,0,0,0,0,0,0,0,0,0,0,0,0,,,,,,,,
435,0.806636963,0,0,0,0,0,0,0,0,0,0,0,0,,,,,,,,
436,0.834304052,0.001937363,0,0,0,0,0,0,0,0,0,0,0,,,,,,,,
437,0.856671775,0.00187225,0,0,0,0,0,0,0,0,0,0,0,,,,,,,,
438,0.868062942,0.00185808,0,0,0,0,0,0,0,0,0,0,0,,,,,,,,
439,0.885345649,0.001781877,0,0,0,0,0,0,0,0,0,0,0,,,,,,,,
440,0.905541889,0.001731143,0,0,0,0,0,0,0,0,0,0,0,,,,,,,,
441,0.911122519,0.00168491,0,0,0,0,0,0,0,0,0,0,0,,,,,,,,
442,0.91496895,0.001647453,0,0,0,0,0,0,0,0,0,0,0,,,,,,,,
443,0.931311304,0.001659743,0,0,0,0,0,0,0,0,0,0,0,,,,,,,,
444,0.963565108,0.001591303,0,0,0,0,0,0,0,0,0,0,0,,,,,,,,
445,0.97333266,0.00151981,0,0,0,0,0,0,0,0,0,0,0,,,,,,,,
446,0.961511234,0.001447547,0,0,0,0,0,0,0,0,0,0,0,,,,,,,,
447,0.95004967,0.001417763,0,0,0,0,0,0,0,0,0,0,0,,,,,,,,
448,0.938163777,0.0013942,0,0,0,0,0,0,0,0,0,0,0,,,,,,,,
449,0.919971882,0.00138086,0,0,0,0,0,0,0,0,0,0,0,,,,,,,,
450,0.901349139,0.001388377,0,0,0,0,0,0,0,0,0,0,0,,,,,,,,
451,0.862579719,0.001437847,0,0,0,0,0,0,0,0,0,0,0,,,,,,,,
452,0.735548875,0.001708967,0,0,0,0,0,0,0,0,0,0,0,,,,,,,,
453,0.520904442,0.00308065,0,0,0,0,0,0,0,0,0,0,0,,,,,,,,
454,0.265714344,0.009294937,0,0,0,0,0,0,0,0,0,0,0,,,,,,,,
455,0.07047873,0.04187853,0,0,0,0,0,0,0,0,0,0,0,,,,,,,,
456,0.013360422,0.181863533,0,0,0,0,0,0,0,0,0,0,0,,,,,,,,
457,0.001074293,0.33607339,0,0,0,0,0,0,0,0,0,0,0,,,,,,,,
458,0.00048095,0.434195097,0,0,0,0,0,0,0,0,0,0,0,,,,,,,,
459,0.000344847,0.565447033,0,0,0,0,0,0,0,0,0,0,0,,,,,,,,
460,0.000291993,0.70249165,0,0,0,0,0,0,0,0,0,0,0,,,,,,,,
461,0.00026927,0.79350742,0,0,0,0,0,0,0,0,0,0,0,,,,,,,,
462,0.000259763,0.820288717,0,0,0,0,0,0,0,0,0,0,0,,,,,,,,
463,0.00025447,0.821300957,0,0,0,0,0,0,0,0,0,0,0,,,,,,,,
464,0.000237193,0.825572627,0,0,0,0,0,0,0,0,0,0,0,,,,,,,,
465,0.000220877,0.833460513,0,0,0,0,0,0,0,0,0,0,0,,,,,,,,
466,0.0002084,0.84688076,0,0,0,0,0,0,0,0,0,0,0,,,,,,,,
467,0.000208863,0.865005557,0,0,0,0,0,0,0,0,0,0,0,,,,,,,,
468,0.000213043,0.883052667,0,0,0,0,0,0,0,0,0,0,0,,,,,,,,
469,0.000212887,0.899713683,0,0,0,0,0,0,0,0,0,0,0,,,,,,,,
470,0.00020973,0.908341577,0,0,0,0,0,0,0,0,0,0,0,,,,,,,,
471,0.000201897,0.9077431,0,0,0,0,0,0,0,0,0,0,0,,,,,,,,
472,0.00018586,0.900353473,0,0,0,0,0,0,0,0,0,0,0,,,,,,,,
473,0.000167377,0.89209246,0,0,0,0,0,0,0,0,0,0,0,,,,,,,,
474,0.00014858,0.885038553,0,0,0,0,0,0,0,0,0,0,0,,,,,,,,
475,0,0.883026963,0,0,0,0,0,0,0,0,0,0,0,,,,,,,,
476,0,0.890139527,0,0,0,0,0,0,0,0,0,0,0,,,,,,,,
477,0,0.90074224,0,0,0,0,0,0,0,0,0,0,0,,,,,,,,
478,0,0.917227783,0,0,0,0,0,0,0,0,0,0,0,,,,,,,,
479,0,0.930133027,0,0,0,0,0,0,0,0,0,0,0,,,,,,,,
480,0,0.934893723,0,0,0,0,0,0,0,0,0,0,0,,,,,,,,
481,0,0.923427867,0,0,0,0,0,0,0,0,0,0,0,,,,,,,,
482,0,0.90762857,0,0,0,0,0,0,0,0,0,0,0,,,,,,,,
483,0,0.882388783,0,0,0,0,0,0,0,0,0,0,0,,,,,,,,
484,0,0.854389427,0,0,0,0,0,0,0,0,0,0,0,,,,,,,,
485,0,0.829604323,0,0,0,0,0,0,0,0,0,0,0,,,,,,,,
486,0,0.812165457,0,0,0,0,0,0,0,0,0,0,0,,,,,,,,
487,0,0.80410837,0,0,0,0,0,0,0,0,0,0,0,,,,,,,,
488,0,0.811759113,0,0,0,0,0,0,0,0,0,0,0,,,,,,,,
489,0,0.824455407,0,0,0,0,0,0,0,0,0,0,0,,,,,,,,
490,0,0.843351,0,0,0,0,0,0,0,0,0,0,0,,,,,,,,
491,0,0.86237921,0,0,0,0,0,0,0,0,0,0,0,,,,,,,,
492,0,0.888553793,0,0,0,0,0,0,0,0,0,0,0,,,,,,,,
493,0,0.914703333,0,0,0,0,0,0,0,0,0,0,0,,,,,,,,
494,0,0.938391447,0,0,0,0,0,0,0,0,0,0,0,,,,,,,,
495,0,0.948072777,0,0,0,0,0,0,0,0,0,0,0,,,,,,,,
496,0,0.952428813,0,0,0,0,0,0,0,0,0,0,0,,,,,,,,
497,0,0.95120935,0,0,0,0,0,0,0,0,0,0,0,,,,,,,,
498,0,0.946530847,0,0,0,0,0,0,0,0,0,0,0,,,,,,,,
499,0,0.94442466,0,0,0,0,0,0,0,0,0,0,0,,,,,,,,
500,0,0.947005847,0,0,0,0,0,0,0,0,0,0,0,,,,,,,,
501,0,0.950149787,0,0,0,0,0,0,0,0,0,0,0,,,,,,,,
502,0,0.956820323,0,0,0,0,0,0,0,0,0,0,0,,,,,,,,
503,0,0.963898643,0,0,0,0,0,0,0,0,0,0,0,,,,,,,,
504,0,0.96532527,0,0,0,0,0,0,0,0,0,0,0,,,,,,,,
505,0,0.958652713,0,0,0,0,0,0,0,0,0,0,0,,,,,,,,
506,0,0.946298347,0,0,0,0,0,0,0,0,0,0,0,,,,,,,,
507,0,0.929230927,0,0,0,0,0,0,0,0,0,0,0,,,,,,,,
508,0,0.90726999,0,0,0,0,0,0,0,0,0,0,0,,,,,,,,
509,0,0.886345597,0,0,0,0,0,0,0,0,0,0,0,,,,,,,,
510,0,0.870579113,0,0,0,0,0,0,0,0,0,0,0,,,,,,,,
511,0,0.86172359,0,0,0,0,0,0,0,0,0,0,0,,,,,,,,
512,0,0.86166142,0,0,0,0,0,0,0,0,0,0,0,,,,,,,,
513,0,0.87086767,0,0,0,0,0,0,0,0,0,0,0,,,,,,,,
514,0,0.885717793,0,0,0,0,0,0,0,0,0,0,0,,,,,,,,
515,0,0.90605481,0,0,0,0,0,0,0,0,0,0,0,,,,,,,,
516,0,0.932362547,0,0,0,0,0,0,0,0,0,0,0,,,,,,,,
517,0,0.962474167,0,0,0,0,0,0,0,0,0,0,0,,,,,,,,
518,0,0.985751807,0,0,0,0,0,0,0,0,0,0,0,,,,,,,,
519,0,0.990519443,0,0,0,0,0,0,0,0,0,0,0,,,,,,,,
520,0,0.959771383,0,0,0,0,0,0,0,0,0,0,0,,,,,,,,
521,0,0.86298691,0,0,0,0,0,0,0,0,0,0,0,,,,,,,,
522,0,0.7040774,0.00002719,0,0,0,0,0,0,0,0,0,0,,,,,,,,
523,0,0.527644957,0.000222137,0,0,0,0,0,0,0,0,0,0,,,,,,,,
524,0,0.355172,0.000239657,0,0,0,0,0,0,0,0,0,0,,,,,,,,
525,0,0.218517557,0.000277923,0,0,0,0,0,0,0,0,0,0,,,,,,,,
526,0,0.12808268,0.000337703,0,0,0,0,0,0,0,0,0,0,,,,,,,,
527,0,0.076666867,0.000356887,0,0,0,0,0,0,0,0,0,0,,,,,,,,
528,0,0.0481662,0.000344087,0,0,0,0,0,0,0,0,0,0,,,,,,,,
529,0,0.03188589,0.000350183,0,0,0,0,0,0,0,0,0,0,,,,,,,,
530,0,0.02030277,0.00036895,0,0,0,0,0,0,0,0,0,0,,,,,,,,
531,0,0.01044013,0.000403037,0,0,0,0,0,0,0,0,0,0,,,,,,,,
532,0,0.00293685,0.00042027,0,0,0,0,0,0,0,0,0,0,,,,,,,,
533,0,0.00079579,0.00041628,0,0,0,0,0,0,0,0,0,0,,,,,,,,
534,0,0.000508667,0.00041641,0,0,0,0,0,0,0,0,0,0,,,,,,,,
535,0,0.000503553,0.000434473,0,0,0,0,0,0,0,0,0,0,,,,,,,,
536,0,0.00050186,0.00111671,0,0,0,0,0,0,0,0,0,0,,,,,,,,
537,0,0.00050531,0.005780193,0,0,0,0,0,0,0,0,0,0,,,,,,,,
538,0,0.000502597,0.01800139,0,0,0,0,0,0,0,0,0,0,,,,,,,,
539,0,0.000489783,0.040206137,0,0,0,0,0,0,0,0,0,0,,,,,,,,
540,0,0.00047848,0.085118927,0,0,0,0,0,0,0,0,0,0,,,,,,,,
541,0,0.000462463,0.17633336,0,0,0,0,0,0,0,0,0,0,,,,,,,,
542,0,0.000455163,0.3600443,0,0,0,0,0,0,0,0,0,0,,,,,,,,
543,0,0.000241057,0.63727934,0,0,0,0,0,0,0,0,0,0,,,,,,,,
544,0,0,0.84652531,0,0,0,0,0,0,0,0,0,0,,,,,,,,
545,0,0,0.918222463,0,0,0,0,0,0,0,0,0,0,,,,,,,,
546,0,0,0.938483227,0,0,0,0,0,0,0,0,0,0,,,,,,,,
547,0,0,0.94558546,0,0,0,0,0,0,0,0,0,0,,,,,,,,
548,0,0,0.93856994,0,0,0,0,0,0,0,0,0,0,,,,,,,,
549,0,0,0.924016327,0,0,0,0,0,0,0,0,0,0,,,,,,,,
550,0,0,0.908465567,0,0,0,0,0,0,0,0,0,0,,,,,,,,
551,0,0,0.897241023,0,0,0,0,0,0,0,0,0,0,,,,,,,,
552,0,0,0.89175923,0,0,0,0,0,0,0,0,0,0,,,,,,,,
553,0,0,0.895315863,0,0,0,0,0,0,0,0,0,0,,,,,,,,
554,0,0,0.9070481,0,0,0,0,0,0,0,0,0,0,,,,,,,,
555,0,0,0.92404547,0,0,0,0,0,0,0,0,0,0,,,,,,,,
556,0,0,0.943766217,0,0,0,0,0,0,0,0,0,0,,,,,,,,
557,0,0,0.965647293,0,0,0,0,0,0,0,0,0,0,,,,,,,,
558,0,0,0.98168662,0,0,0,0,0,0,0,0,0,0,,,,,,,,
559,0,0,0.990954547,0,0,0,0,0,0,0,0,0,0,,,,,,,,
560,0,0,0.992402793,0,0,0,0,0,0,0,0,0,0,,,,,,,,
561,0,0,0.983870847,0,0,0,0,0,0,0,0,0,0,,,,,,,,
562,0,0,0.96580285,0,0,0,0,0,0,0,0,0,0,,,,,,,,
563,0,0,0.936835367,0,0,0,0,0,0,0,0,0,0,,,,,,,,
564,0,0,0.907487523,0,0,0,0,0,0,0,0,0,0,,,,,,,,
565,0,0,0.882421207,0,0,0,0,0,0,0,0,0,0,,,,,,,,
566,0,0,0.864120173,0,0,0,0,0,0,0,0,0,0,,,,,,,,
567,0,0,0.849239767,0,0,0,0,0,0,0,0,0,0,,,,,,,,
568,0,0,0.838662027,0,0,0,0,0,0,0,0,0,0,,,,,,,,
569,0,0,0.83596373,0,0,0,0,0,0,0,0,0,0,,,,,,,,
570,0,0,0.844143543,0,0,0,0,0,0,0,0,0,0,,,,,,,,
571,0,0,0.858058143,0,0,0,0,0,0,0,0,0,0,,,,,,,,
572,0,0,0.871509593,0,0,0,0,0,0,0,0,0,0,,,,,,,,
573,0,0,0.878330493,0,0,0,0,0,0,0,0,0,0,,,,,,,,
574,0,0,0.88015919,0,0,0,0,0,0,0,0,0,0,,,,,,,,
575,0,0,0.867542573,0,0,0,0,0,0,0,0,0,0,,,,,,,,
576,0,0,0.809282213,0,0,0,0,0,0,0,0,0,0,,,,,,,,
577,0,0,0.661869643,0,0,0,0,0,0,0,0,0,0,,,,,,,,
578,0,0,0.41814474,0,0,0,0,0,0,0,0,0,0,,,,,,,,
579,0,0,0.19853199,0,0,0,0,0,0,0,0,0,0,,,,,,,,
580,0,0,0.082526153,0,0,0,0,0,0,0,0,0,0,,,,,,,,
581,0,0,0.033670733,0,0,0,0,0,0,0,0,0,0,,,,,,,,
582,0,0,0.011374233,0,0,0,0,0,0,0,0,0,0,,,,,,,,
583,0,0,0.001958217,0,0,0,0,0,0,0,0,0,0,,,,,,,,
584,0,0,0.000928347,0,0,0,0,0,0,0,0,0,0,,,,,,,,
585,0,0,0.000639057,0,0,0,0,0,0,0,0,0,0,,,,,,,,
586,0,0,0.000484807,0,0,0,0,0,0,0,0,0,0,,,,,,,,
587,0,0,0.000401343,0,0,0,0,0,0,0,0,0,0,,,,,,,,
588,0,0,0.00035564,0,0,0,0,0,0,0,0,0,0,,,,,,,,
589,0,0,0.00034313,0,0,0,0,0,0,0,0,0,0,,,,,,,,
590,0,0,0.00035462,0,0,0,0,0,0,0,0,0,0,,,,,,,,
591,0,0,0.000381143,0,0,0,0,0,0,0,0,0,0,,,,,,,,
592,0,0,0.000401153,0,0,0,0,0,0,0,0,0,0,,,,,,,,
593,0,0,0.000385353,0,0,0,0,0,0,0,0,0,0,,,,,,,,
594,0,0,0.000327363,0,0,0,0,0,0,0,0,0,0,,,,,,,,
595,0,0,0.00026238,0,0,0,0,0,0,0,0,0,0,,,,,,,,
596,0,0,0.000215657,0,0,0,0,0,0,0,0,0,0,,,,,,,,
597,0,0,0.000187187,0,0,0,0,0,0,0,0,0,0,,,,,,,,
598,0,0,0.000170973,0,0,0,0,0,0,0,0,0,0,,,,,,,,
599,0,0,0.000170847,0,0,0,0,0,0,0,0,0,0,,,,,,,,
600,0,0,0,0,0,0,0,0,0,0,0,0,0,,,,,,,,
601,0,0,0,0,0,0,0,0,0,0,0,0,0,,,,,,,,
602,0,0,0,0,0,0,0,0,0,0,0,0,0,,,,,,,,
603,0,0,0,0,0,0,0,0,0,0,0,0,0,,,,,,,,
604,0,0,0,0,0,0,0,0,0,0,0,0,0,,,,,,,,
605,0,0,0,0,0,0,0,0,0,0,0,0,0,,,,,,,,
606,0,0,0,0,0,0,0,0,0,0,0,0,0,,,,,,,,
607,0,0,0,0,0,0,0,0,0,0,0,0,0,,,,,,,,
608,0,0,0,0,0,0,0,0,0,0,0,0,0,,,,,,,,
609,0,0,0,0,0,0,0,0,0,0,0,0,0,,,,,,,,
610,0,0,0,0,0,0,0,0,0,0,0,0,0,,,,,,,,
611,0,0,0,0,0,0,0,0,0,0,0,0,0,,,,,,,,
612,0,0,0,0,0,0,0,0,0,0,0,0,0,,,,,,,,
613,0,0,0,0,0,0,0,0,0,0,0,0,0,,,,,,,,
614,0,0,0,0,0,0,0,0,0,0,0,0,0,,,,,,,,
615,0,0,0,0,0,0,0,0,0,0,0,0,0,,,,,,,,
616,0,0,0,0,0,0,0,0,0,0,0,0,0,,,,,,,,
617,0,0,0,0,0,0,0,0,0,0,0,0,0,,,,,,,,
618,0,0,0,0,0,0,0,0,0,0,0,0,0,,,,,,,,
619,0,0,0,0,0,0,0,0,0,0,0,0,0,,,,,,,,
620,0,0,0,0,0,0,0,0,0,0,0,0,0,,,,,,,,
621,0,0,0,0,0,0,0,0,0,0,0,0,0,,,,,,,,
622,0,0,0,0,0,0,0,0,0,0,0,0,0,,,,,,,,
623,0,0,0,0,0,0,0,0,0,0,0,0,0,,,,,,,,
624,0,0,0,0,0,0,0,0,0,0,0,0,0,,,,,,,,
625,0,0,0,0,0,0,0,0,0,0,0,0,0,,,,,,,,
626,0,0,0,0,0,0,0,0,0,0,0,0,0,,,,,,,,
627,0,0,0,0,0,0,0,0,0,0,0,0,0,,,,,,,,
628,0,0,0,0,0,0,0,0,0,0,0,0,0,,,,,,,,
629,0,0,0,0,0,0,0,0,0,0,0,0,0,,,,,,,,
630,0,0,0,0.00024165,0,0,0,0,0,0,0,0,0,,,,,,,,
631,0,0,0,0.00022651,0,0,0,0,0,0,0,0,0,,,,,,,,
632,0,0,0,0.000185443,0,0,0,0,0,0,0,0,0,,,,,,,,
633,0,0,0,0.000148177,0,0,0,0,0,0,0,0,0,,,,,,,,
634,0,0,0,0.000129327,0,0,0,0,0,0,0,0,0,,,,,,,,
635,0,0,0,0.000120993,0,0,0,0,0,0,0,0,0,,,,,,,,
636,0,0,0,0.000120503,0,0,0,0,0,0,0,0,0,,,,,,,,
637,0,0,0,0.000123167,0,0,0,0,0,0,0,0,0,,,,,,,,
638,0,0,0,0.000130617,0,0,0,0,0,0,0,0,0,,,,,,,,
639,0,0,0,0.000145757,0,0,0,0,0,0,0,0,0,,,,,,,,
640,0,0,0,0.000165307,0,0,0,0,0,0,0,0,0,,,,,,,,
641,0,0,0,0.000197977,0,0,0,0,0,0,0,0,0,,,,,,,,
642,0,0,0,0.00025357,0,0,0,0,0,0,0,0,0,,,,,,,,
643,0,0,0,0.000349923,0,0,0,0,0,0,0,0,0,,,,,,,,
644,0,0,0,0.00052541,0,0,0,0,0,0,0,0,0,,,,,,,,
645,0,0,0,0.00082872,0,0,0,0,0,0,0,0,0,,,,,,,,
646,0,0,0,0.003628337,0,0,0,0,0,0,0,0,0,,,,,,,,
647,0,0,0,0.020625443,0,0,0,0,0,0,0,0,0,,,,,,,,
648,0,0,0,0.086532027,0,0,0,0,0,0,0,0,0,,,,,,,,
649,0,0,0,0.263893927,0,0,0,0,0,0,0,0,0,,,,,,,,
650,0,0,0,0.508375243,0,0,0,0,0,0,0,0,0,,,,,,,,
651,0,0,0,0.72175783,0,0,0,0,0,0,0,0,0,,,,,,,,
652,0,0,0,0.875621963,0,0,0,0,0,0,0,0,0,,,,,,,,
653,0,0,0,0.94797897,0,0,0,0,0,0,0,0,0,,,,,,,,
654,0,0,0,0.96046438,0,0,0,0,0,0,0,0,0,,,,,,,,
655,0,0,0,0.955926773,0,0,0,0,0,0,0,0,0,,,,,,,,
656,0,0,0,0.95041552,0,0,0,0,0,0,0,0,0,,,,,,,,
657,0,0,0,0.9422891,0,0,0,0,0,0,0,0,0,,,,,,,,
658,0,0,0,0.928353927,0,0,0,0,0,0,0,0,0,,,,,,,,
659,0,0,0,0.90689957,0,0,0,0,0,0,0,0,0,,,,,,,,
660,0,0,0,0.8858883,0,0,0,0,0,0,0,0,0,,,,,,,,
661,0,0,0,0.873148093,0,0,0,0,0,0,0,0,0,,,,,,,,
662,0,0,0,0.870612,0,0,0,0,0,0,0,0,0,,,,,,,,
663,0,0,0,0.877891343,0,0,0,0,0,0,0,0,0,,,,,,,,
664,0,0,0,0.892263013,0,0,0,0,0,0,0,0,0,,,,,,,,
665,0,0,0,0.9082999,0,0,0,0,0,0,0,0,0,,,,,,,,
666,0,0,0,0.92346117,0,0,0,0,0,0,0,0,0,,,,,,,,
667,0,0,0,0.938390867,0,0,0,0,0,0,0,0,0,,,,,,,,
668,0,0,0,0.951518813,0,0,0,0,0,0,0,0,0,,,,,,,,
669,0,0,0,0.964455577,0,0,0,0,0,0,0,0,0,,,,,,,,
670,0,0,0,0.973865803,0,0,0,0,0,0,0,0,0,,,,,,,,
671,0,0,0,0.97939327,0,0,0,0,0,0,0,0,0,,,,,,,,
672,0,0,0,0.979419867,0,0,0,0,0,0,0,0,0,,,,,,,,
673,0,0,0,0.97530923,0,0,0,0,0,0,0,0,0,,,,,,,,
674,0,0,0,0.970166147,0,0,0,0,0,0,0,0,0,,,,,,,,
675,0,0,0,0.96431074,0,0,0,0,0,0,0,0,0,,,,,,,,
676,0,0,0,0.954238543,0,0,0,0,0,0,0,0,0,,,,,,,,
677,0,0,0,0.93640541,0,0,0,0,0,0,0,0,0,,,,,,,,
678,0,0,0,0.894420033,0.00001367,0,0,0,0,0,0,0,0,,,,,,,,
679,0,0,0,0.788434123,4.69733E-05,0,0,0,0,0,0,0,0,,,,,,,,
680,0,0,0,0.609017523,4.78667E-05,0,0,0,0,0,0,0,0,,,,,,,,
681,0,0,0,0.398893227,0.0000489,0,0,0,0,0,0,0,0,,,,,,,,
682,0,0,0,0.202424143,5.19533E-05,0,0,0,0,0,0,0,0,,,,,,,,
683,0,0,0,0.08156667,0.00005529,0,0,0,0,0,0,0,0,,,,,,,,
684,0,0,0,0.028761107,5.58667E-05,0,0,0,0,0,0,0,0,,,,,,,,
685,0,0,0,0.01123328,0.00005866,0,0,0,0,0,0,0,0,,,,,,,,
686,0,0,0,0.00509425,6.25733E-05,0,0,0,0,0,0,0,0,,,,,,,,
687,0,0,0,0.002538237,6.59133E-05,0,0,0,0,0,0,0,0,,,,,,,,
688,0,0,0,0.001384903,6.97133E-05,0,0,0,0,0,0,0,0,,,,,,,,
689,0,0,0,0.000834177,7.86633E-05,0,0,0,0,0,0,0,0,,,,,,,,
690,0,0,0,0.000557927,9.02333E-05,0,0,0,0,0,0,0,0,,,,,,,,
691,0,0,0,0.00039142,0.0001069,0,0,0,0,0,0,0,0,,,,,,,,
692,0,0,0,0.000286057,0.000138793,0,0,0,0,0,0,0,0,,,,,,,,
693,0,0,0,0.000220227,0.000206117,0,0,0,0,0,0,0,0,,,,,,,,
694,0,0,0,0.000177507,0.003852603,0,0,0,0,0,0,0,0,,,,,,,,
695,0,0,0,0.000150873,0.029337713,0,0,0,0,0,0,0,0,,,,,,,,
696,0,0,0,0.00013135,0.115199127,0,0,0,0,0,0,0,0,,,,,,,,
697,0,0,0,0.00011658,0.32326528,0,0,0,0,0,0,0,0,,,,,,,,
698,0,0,0,0.00010567,0.58394128,0,0,0,0,0,0,0,0,,,,,,,,
699,0,0,0,0.00009951,0.768327853,0,0,0,0,0,0,0,0,,,,,,,,
700,0,0,0,0.0000939,0.897301457,0,0,0,0,0,0,0,0,,,,,,,,
701,0,0,0,0.00009148,0.97388993,0,0,0,0,0,0,0,0,,,,,,,,
702,0,0,0,9.08367E-05,0.98127879,0,0,0,0,0,0,0,0,,,,,,,,
703,0,0,0,0.00009145,0.977833343,0,0,0,0,0,0,0,0,,,,,,,,
704,0,0,0,0,0.973361733,0,0,0,0,0,0,0,0,,,,,,,,
705,0,0,0,0,0.966632067,0,0,0,0,0,0,0,0,,,,,,,,
706,0,0,0,0,0.956988923,0,0,0,0,0,0,0,0,,,,,,,,
707,0,0,0,0,0.94396925,0,0,0,0,0,0,0,0,,,,,,,,
708,0,0,0,0,0.933229373,0,0,0,0,0,0,0,0,,,,,,,,
709,0,0,0,0,0.917140157,0,0,0,0,0,0,0,0,,,,,,,,
710,0,0,0,0,0.85079301,0,0,0,0,0,0,0,0,,,,,,,,
711,0,0,0,0,0.69689701,0,0,0,0,0,0,0,0,,,,,,,,
712,0,0,0,0,0.478801257,7.35267E-05,0,0,0,0,0,0,0,,,,,,,,
713,0,0,0,0,0.33960587,8.23567E-05,0,0,0,0,0,0,0,,,,,,,,
714,0,0,0,0,0.240934967,7.67033E-05,0,0,0,0,0,0,0,,,,,,,,
715,0,0,0,0,0.13118031,7.21133E-05,0,0,0,0,0,0,0,,,,,,,,
716,0,0,0,0,0.04337065,0.00007116,0,0,0,0,0,0,0,,,,,,,,
717,0,0,0,0,0.011388703,7.09033E-05,0,0,0,0,0,0,0,,,,,,,,
718,0,0,0,0,0.00332529,7.18833E-05,0,0,0,0,0,0,0,,,,,,,,
719,0,0,0,0,0.0012591,7.61833E-05,0,0,0,0,0,0,0,,,,,,,,
720,0,0,0,0,0.000595557,8.14633E-05,0,0,0,0,0,0,0,,,,,,,,
721,0,0,0,0,0.000319753,9.17367E-05,0,0,0,0,0,0,0,,,,,,,,
722,0,0,0,0,0.00019371,0.000104377,0,0,0,0,0,0,0,,,,,,,,
723,0,0,0,0,0.000135167,0.000127897,0,0,0,0,0,0,0,,,,,,,,
724,0,0,0,0,0.00010552,0.00015782,0,0,0,0,0,0,0,,,,,,,,
725,0,0,0,0,8.69833E-05,0.000207687,0,0,0,0,0,0,0,,,,,,,,
726,0,0,0,0,0.00007518,0.000299917,0,0,0,0,0,0,0,,,,,,,,
727,0,0,0,0,6.76967E-05,0.00048703,0,0,0,0,0,0,0,,,,,,,,
728,0,0,0,0,6.30633E-05,0.000900473,0,0,0,0,0,0,0,,,,,,,,
729,0,0,0,0,6.04433E-05,0.001897683,0,0,0,0,0,0,0,,,,,,,,
730,0,0,0,0,5.63867E-05,0.010292407,0,0,0,0,0,0,0,,,,,,,,
731,0,0,0,0,5.49467E-05,0.04902723,0,0,0,0,0,0,0,,,,,,,,
732,0,0,0,0,5.25867E-05,0.19044529,0,0,0,0,0,0,0,,,,,,,,
733,0,0,0,0,0.00005063,0.47158466,0,0,0,0,0,0,0,,,,,,,,
734,0,0,0,0,5.04833E-05,0.748765987,0,0,0,0,0,0,0,,,,,,,,
735,0,0,0,0,5.07733E-05,0.907726307,0,0,0,0,0,0,0,,,,,,,,
736,0,0,0,0,2.13567E-05,0.931614313,0,0,0,0,0,0,0,,,,,,,,
737,0,0,0,0,0,0.9390686,0,0,0,0,0,0,0,,,,,,,,
738,0,0,0,0,0,0.955552517,0,0,0,0,0,0,0,,,,,,,,
739,0,0,0,0,0,0.97136321,0,0,0,0,0,0,0,,,,,,,,
740,0,0,0,0,0,0.98132122,0,0,0,0,0,0,0,,,,,,,,
741,0,0,0,0,0,0.987799483,0,0,0,0,0,0,0,,,,,,,,
742,0,0,0,0,0,0.995157217,0,0,0,0,0,0,0,,,,,,,,
743,0,0,0,0,0,0.99993175,0,0,0,0,0,0,0,,,,,,,,
744,0,0,0,0,0,0.986747983,0,0,0,0,0,0,0,,,,,,,,
745,0,0,0,0,0,0.929390233,0,0,0,0,0,0,0,,,,,,,,
746,0,0,0,0,0,0.78369284,0,0,0,0,0,0,0,,,,,,,,
747,0,0,0,0,0,0.537382983,0,0,0,0,0,0,0,,,,,,,,
748,0,0,0,0,0,0.306475923,0,0,0,0,0,0,0,,,,,,,,
749,0,0,0,0,0,0.14191295,0,0,0,0,0,0,0,,,,,,,,
750,0,0,0,0,0,0.053650993,0,0,0,0,0,0,0,,,,,,,,
751,0,0,0,0,0,0.018274637,0,0,0,0,0,0,0,,,,,,,,
752,0,0,0,0,0,0.006508307,0,0,0,0,0,0,0,,,,,,,,
753,0,0,0,0,0,0.002630437,2.42367E-05,0,0,0,0,0,0,,,,,,,,
754,0,0,0,0,0,0.001301367,3.84733E-05,0,0,0,0,0,0,,,,,,,,
755,0,0,0,0,0,0.00074141,3.99533E-05,0,0,0,0,0,0,,,,,,,,
756,0,0,0,0,0,0.00045246,4.21867E-05,0,0,0,0,0,0,,,,,,,,
757,0,0,0,0,0,0.000300407,4.47667E-05,0,0,0,0,0,0,,,,,,,,
758,0,0,0,0,0,0.00021343,4.82167E-05,0,0,0,0,0,0,,,,,,,,
759,0,0,0,0,0,0.000166797,5.11733E-05,0,0,0,0,0,0,,,,,,,,
760,0,0,0,0,0,0.000137507,0.00005567,0.000224197,0,0,0,0,0,,,,,,,,
761,0,0,0,0,0,0.000116267,6.23967E-05,0.00132398,0,0,0,0,0,,,,,,,,
762,0,0,0,0,0,0.000100797,7.17333E-05,0.000257337,0,0,0,0,0,,,,,,,,
763,0,0,0,0,0,9.32667E-05,0.0000842,0.00035741,0,0,0,0,0,,,,,,,,
764,0,0,0,0,0,8.75533E-05,0.00010351,0.000382083,0,0,0,0,0,,,,,,,,
765,0,0,0,0,0,8.69467E-05,0.000133637,0.00041623,0,0,0,0,0,,,,,,,,
766,0,0,0,0,0,8.42633E-05,0.00364259,0.000465803,0,0,0,0,0,,,,,,,,
767,0,0,0,0,0,0.00008634,0.01280322,0.000529793,0,0,0,0,0,,,,,,,,
768,0,0,0,0,0,9.33833E-05,0.03796941,0.000625313,0,0,0,0,0,,,,,,,,
769,0,0,0,0,0,0.000101867,0.087417167,0.000735113,0,0,0,0,0,,,,,,,,
770,0,0,0,0,0,0.00011237,0.166072263,0.00087585,0,0,0,0,0,,,,,,,,
771,0,0,0,0,0,0,0.266433517,0.00107926,0,0,0,0,0,,,,,,,,
772,0,0,0,0,0,0,0.37459395,0.001354863,0,0,0,0,0,,,,,,,,
773,0,0,0,0,0,0,0.492071077,0.001848337,0,0,0,0,0,,,,,,,,
774,0,0,0,0,0,0,0.641162203,0.004734347,0,0,0,0,0,,,,,,,,
775,0,0,0,0,0,0,0.80420389,0.009811857,0,0,0,0,0,,,,,,,,
776,0,0,0,0,0,0,0.932959827,0.020383143,0,0,0,0,0,,,,,,,,
777,0,0,0,0,0,0,0.987333467,0.032839093,0,0,0,0,0,,,,,,,,
778,0,0,0,0,0,0,0.999659737,0.052533483,0,0,0,0,0,,,,,,,,
779,0,0,0,0,0,0,0.997588987,0.082955517,0,0,0,0,0,,,,,,,,
780,0,0,0,0,0,0,0.983367023,0.13237857,0,0,0,0,0,,,,,,,,
781,0,0,0,0,0,0,0.957919987,0.213108027,0,0,0,0,0,,,,,,,,
782,0,0,0,0,0,0,0.929867017,0.32719018,0,0,0,0,0,,,,,,,,
783,0,0,0,0,0,0,0.90589755,0.46371194,0,0,0,0,0,,,,,,,,
784,0,0,0,0,0,0,0.890078883,0.593167827,0,0,0,0,0,,,,,,,,
785,0,0,0,0,0,0,0.879999287,0.701929207,0,0,0,0,0,,,,,,,,
786,0,0,0,0,0,0,0.87356286,0.7905088,0,0,0,0,0,,,,,,,,
787,0,0,0,0,0,0,0.866251913,0.861955573,0,0,0,0,0,,,,,,,,
788,0,0,0,0,0,0,0.84967771,0.91759432,0,0,0,0,0,,,,,,,,
789,0,0,0,0,0,0,0.81118659,0.954884007,0,0,0,0,0,,,,,,,,
790,0,0,0,0,0,0,0.737027437,0.973674183,0,0,0,0,0,,,,,,,,
791,0,0,0,0,0,0,0.62937866,0.978957013,0,0,0,0,0,,,,,,,,
792,0,0,0,0,0,0,0.52564858,0.977782677,0,0,0,0,0,,,,,,,,
793,0,0,0,0,0,0,0.430602733,0.978743637,0,0,0,0,0,,,,,,,,
794,0,0,0,0,0,0,0.316531853,0.980181547,0,0,0,0,0,,,,,,,,
795,0,0,0,0,0,0,0.192923847,0.983466243,0,0,0,0,0,,,,,,,,
796,0,0,0,0,0,0,0.086042367,0.983798997,0,0,0,0,0,,,,,,,,
797,0,0,0,0,0,0,0.029630177,0.983976627,0,0,0,0,0,,,,,,,,
798,0,0,0,0,0,0,0.009600473,0.978726287,0,0,0,0,0,,,,,,,,
799,0,0,0,0,0,0,0.004071707,0.973668903,0,0,0,0,0,,,,,,,,
800,0,0,0,0,0,0,0.00193382,0.968527493,0,0,0,0,0,,,,,,,,
801,0,0,0,0,0,0,0.000975593,0.961587487,0,0,0,0,0,,,,,,,,
802,0,0,0,0,0,0,0.000536,0.95680499,0,0,0,0,0,,,,,,,,
803,0,0,0,0,0,0,0.00032303,0.954499507,0,0,0,0,0,,,,,,,,
804,0,0,0,0,0,0,0.0002183,0.951142387,0,0,0,0,0,,,,,,,,
805,0,0,0,0,0,0,0.000158397,0.947610963,0,0,0,0,0,,,,,,,,
806,0,0,0,0,0,0,0.00012146,0.93975686,0,0,0,0,0,,,,,,,,
807,0,0,0,0,0,0,0.00009832,0.929305983,0,0,0,0,0,,,,,,,,
808,0,0,0,0,0,0,0.00008162,0.916091887,0,0,0,0,0,,,,,,,,
809,0,0,0,0,0,0,7.10667E-05,0.902090677,0,0,0,0,0,,,,,,,,
810,0,0,0,0,0,0,6.27133E-05,0.886733863,0,0,0,0,0,,,,,,,,
811,0,0,0,0,0,0,5.65667E-05,0.871386067,0,0,0,0,0,,,,,,,,
812,0,0,0,0,0,0,0.00005271,0.85588098,0,0,0,0,0,,,,,,,,
813,0,0,0,0,0,0,4.99267E-05,0.841830363,0,0,0,0,0,,,,,,,,
814,0,0,0,0,0,0,4.67967E-05,0.82940232,0,0,0,0,0,,,,,,,,
815,0,0,0,0,0,0,0.00004636,0.816088317,0,0,0,0,0,,,,,,,,
816,0,0,0,0,0,0,0.00004442,0.799666603,0,0,0,0,0,,,,,,,,
817,0,0,0,0,0,0,0,0.78519422,0,0,0,0,0,,,,,,,,
818,0,0,0,0,0,0,0,0.770722477,0,0,0,0,0,,,,,,,,
819,0,0,0,0,0,0,0,0.75701668,0,0,0,0,0,,,,,,,,
820,0,0,0,0,0,0,0,0.745829277,0,0,0,0,0,,,,,,,,
821,0,0,0,0,0,0,0,0.734276837,0,0,0,0,0,,,,,,,,
822,0,0,0,0,0,0,0,0.726238923,0,0,0,0,0,,,,,,,,
823,0,0,0,0,0,0,0,0.719389207,0,0,0,0,0,,,,,,,,
824,0,0,0,0,0,0,0,0.720404893,0,0,0,0,0,,,,,,,,
825,0,0,0,0,0,0,0,0.721671967,0,0,0,0,0,,,,,,,,
826,0,0,0,0,0,0,0,0.723533533,0,0,0,0,0,,,,,,,,
827,0,0,0,0,0,0,0,0.72619708,0,0,0,0,0,,,,,,,,
828,0,0,0,0,0,0,0,0.727052907,0,0,0,0,0,,,,,,,,
829,0,0,0,0,0,0,0,0.727518843,0,0,0,0,0,,,,,,,,
830,0,0,0,0,0,0,0,0.72962085,0,0,0,0,0,,,,,,,,
831,0,0,0,0,0,0,0,0.727484433,0,0,0,0,0,,,,,,,,
832,0,0,0,0,0,0,0,0.725880873,0,0,0,0,0,,,,,,,,
833,0,0,0,0,0,0,0,0.725883173,0,0,0,0,0,,,,,,,,
834,0,0,0,0,0,0,0,0.727427573,0.00004695,0,0,0,0,,,,,,,,
835,0,0,0,0,0,0,0,0.73062763,5.52733E-05,0,0,0,0,,,,,,,,
836,0,0,0,0,0,0,0,0.735587523,5.65233E-05,0,0,0,0,,,,,,,,
837,0,0,0,0,0,0,0,0.741914597,0.000160283,0,0,0,0,,,,,,,,
838,0,0,0,0,0,0,0,0.749084737,0.00006388,0,0,0,0,,,,,,,,
839,0,0,0,0,0,0,0,0.75450931,6.66067E-05,0,0,0,0,,,,,,,,
840,0,0,0,0,0,0,0,0.758700743,7.11533E-05,0,0,0,0,,,,,,,,
841,0,0,0,0,0,0,0,0.758223853,7.66067E-05,0,0,0,0,,,,,,,,
842,0,0,0,0,0,0,0,0.756715057,0.00008558,0,0,0,0,,,,,,,,
843,0,0,0,0,0,0,0,0.751828547,0.00010024,0,0,0,0,,,,,,,,
844,0,0,0,0,0,0,0,0.745476703,0.000115973,0,0,0,0,,,,,,,,
845,0,0,0,0,0,0,0,0.73838443,0.00014364,0,0,0,0,,,,,,,,
846,0,0,0,0,0,0,0,0.72867119,0.000190197,0,0,0,0,,,,,,,,
847,0,0,0,0,0,0,0,0.719439343,0.000798133,0,0,0,0,,,,,,,,
848,0,0,0,0,0,0,0,0.707794323,0.001827743,0,0,0,0,,,,,,,,
849,0,0,0,0,0,0,0,0.69704774,0.010510097,0,0,0,0,,,,,,,,
850,0,0,0,0,0,0,0,0.684987527,0.0208358,0,0,0,0,,,,,,,,
851,0,0,0,0,0,0,0,0.67077991,0.044957533,0,0,0,0,,,,,,,,
852,0,0,0,0,0,0,0,0.657393637,0.099523167,0,0,0,0,,,,,,,,
853,0,0,0,0,0,0,0,0.64361048,0.208468723,0,0,0,0,,,,,,,,
854,0,0,0,0,0,0,0,0.631309723,0.3694079,0,0,0,0,,,,,,,,
855,0,0,0,0,0,0,0,0.620261607,0.573568377,0,0,0,0,,,,,,,,
856,0,0,0,0,0,0,0,0.611039153,0.77825022,0,0,0,0,,,,,,,,
857,0,0,0,0,0,0,0,0.602999613,0.918429573,0,0,0,0,,,,,,,,
858,0,0,0,0,0,0,0,0.596079313,0.978415537,0,0,0,0,,,,,,,,
859,0,0,0,0,0,0,0,0.590509293,0.990009027,0,0,0,0,,,,,,,,
860,0,0,0,0,0,0,0,0.58537535,0.990658467,0,0,0,0,,,,,,,,
861,0,0,0,0,0,0,0,0.57931774,0.987312647,0,0,0,0,,,,,,,,
862,0,0,0,0,0,0,0,0.57247385,0.984478343,0,0,0,0,,,,,,,,
863,0,0,0,0,0,0,0,0.56833983,0.980873687,0,0,0,0,,,,,,,,
864,0,0,0,0,0,0,0,0.562661153,0.979488607,0,0,0,0,,,,,,,,
865,0,0,0,0,0,0,0,0.558332023,0.979246013,0,0,0,0,,,,,,,,
866,0,0,0,0,0,0,0,0.554056747,0.980493133,0,0,0,0,,,,,,,,
867,0,0,0,0,0,0,0,0.55236049,0.97887388,0,0,0,0,,,,,,,,
868,0,0,0,0,0,0,0,0.550199813,0.975659333,0,0,0,0,,,,,,,,
869,0,0,0,0,0,0,0,0.54932197,0.969208913,0,0,0,0,,,,,,,,
870,0,0,0,0,0,0,0,0.54953537,0.962610577,0,0,0,0,,,,,,,,
871,0,0,0,0,0,0,0,0.549300173,0.95423534,0,0,0,0,,,,,,,,
872,0,0,0,0,0,0,0,0.54871708,0.931163723,0,0,0,0,,,,,,,,
873,0,0,0,0,0,0,0,0.547809253,0.856723757,0,0,0,0,,,,,,,,
874,0,0,0,0,0,0,0,0.54604748,0.711268573,0,0,0,0,,,,,,,,
875,0,0,0,0,0,0,0,0.54356097,0.506197107,0,0,0,0,,,,,,,,
876,0,0,0,0,0,0,0,0.540207867,0.290579773,0,0,0,0,,,,,,,,
877,0,0,0,0,0,0,0,0.536295367,0.13913369,0,0,0,0,,,,,,,,
878,0,0,0,0,0,0,0,0.534348533,0.05894937,0,0,0,0,,,,,,,,
879,0,0,0,0,0,0,0,0.53189492,0.02694909,0,0,0,0,,,,,,,,
880,0,0,0,0,0,0,0,0.531128137,0.01041728,0,0,0,0,,,,,,,,
881,0,0,0,0,0,0,0,0.530981037,0.003343327,0,0,0,0,,,,,,,,
882,0,0,0,0,0,0,0,0.53114672,0.001503827,0,0,0,0,,,,,,,,
883,0,0,0,0,0,0,0,0.53083261,0.000820353,0,0,0,0,,,,,,,,
884,0,0,0,0,0,0,0,0.527677507,0.000508527,0,0,0,0,,,,,,,,
885,0,0,0,0,0,0,0,0.52087286,0.00033435,0,0,0,0,,,,,,,,
886,0,0,0,0,0,0,0,0.51002083,0.000229053,0,0,0,0,,,,,,,,
887,0,0,0,0,0,0,0,0.494062813,0.000164347,0,0,0,0,,,,,,,,
888,0,0,0,0,0,0,0,0.47597006,0.000125063,0,0,0,0,,,,,,,,
889,0,0,0,0,0,0,0,0.45810338,0.000101603,0,0,0,0,,,,,,,,
890,0,0,0,0,0,0,0,0.443453653,8.64067E-05,0,0,0,0,,,,,,,,
891,0,0,0,0,0,0,0,0.431758847,7.43333E-05,0,0,0,0,,,,,,,,
892,0,0,0,0,0,0,0,0.425299757,0.00006587,0,0,0,0,,,,,,,,
893,0,0,0,0,0,0,0,0.424669573,0.00005905,0,0,0,0,,,,,,,,
894,0,0,0,0,0,0,0,0.42656335,5.39667E-05,0,0,0,0,,,,,,,,
895,0,0,0,0,0,0,0,0.426422503,5.12967E-05,0,0,0,0,,,,,,,,
896,0,0,0,0,0,0,0,0.418727817,4.66967E-05,0,0,0,0,,,,,,,,
897,0,0,0,0,0,0,0,0.39342091,4.60133E-05,0,0,0,0,,,,,,,,
898,0,0,0,0,0,0,0,0.347179577,1.55933E-05,0,0,0,0,,,,,,,,
899,0,0,0,0,0,0,0,0.28850659,0,0,0,0,0,,,,,,,,
900,0,0,0,0,0,0,0,0.224514743,0,0,0,0,0,,,,,,,,
901,0,0,0,0,0,0,0,0.16209893,0,0,0,0,0,,,,,,,,
902,0,0,0,0,0,0,0,0.109431263,0,0,0,0,0,,,,,,,,
903,0,0,0,0,0,0,0,0.071285477,0,0,0,0,0,,,,,,,,
904,0,0,0,0,0,0,0,0.047202347,0,0,0,0,0,,,,,,,,
905,0,0,0,0,0,0,0,0.030786087,0,0,0,0,0,,,,,,,,
906,0,0,0,0,0,0,0,0.019947967,0,0,0,0,0,,,,,,,,
907,0,0,0,0,0,0,0,0.010086823,0,0,0,0,0,,,,,,,,
908,0,0,0,0,0,0,0,0.0047747,0,0,0,0,0,,,,,,,,
909,0,0,0,0,0,0,0,0.003555683,0,0,0,0,0,,,,,,,,
910,0,0,0,0,0,0,0,0.002672663,0,0,0,0,0,,,,,,,,
911,0,0,0,0,0,0,0,0.002023657,0,0,0,0,0,,,,,,,,
912,0,0,0,0,0,0,0,0.001534527,0,0,0,0,0,,,,,,,,
913,0,0,0,0,0,0,0,0.001192657,0,0,0,0,0,,,,,,,,
914,0,0,0,0,0,0,0,0.000961117,0,0,0,0,0,,,,,,,,
915,0,0,0,0,0,0,0,0.000781173,0,0,0,0,0,,,,,,,,
916,0,0,0,0,0,0,0,0.000637147,0,0.00004625,0,0,0,,,,,,,,
917,0,0,0,0,0,0,0,0.000518833,0,4.78333E-05,0,0,0,,,,,,,,
918,0,0,0,0,0,0,0,0.000431067,0,4.90467E-05,0,0,0,,,,,,,,
919,0,0,0,0,0,0,0,0.000365337,0,5.12367E-05,0,0,0,,,,,,,,
920,0,0,0,0,0,0,0,0.00031548,0,0.00005311,0,0,0,,,,,,,,
921,0,0,0,0,0,0,0,0.000277177,0,5.49567E-05,0,0,0,,,,,,,,
922,0,0,0,0,0,0,0,0.00024452,0,0.00005709,0,0,0,,,,,,,,
923,0,0,0,0,0,0,0,7.98933E-05,0,0.00006052,0,0,0,,,,,,,,
924,0,0,0,0,0,0,0,0,0,6.33467E-05,0,0,0,,,,,,,,
925,0,0,0,0,0,0,0,0,0,6.79333E-05,0,0,0,,,,,,,,
926,0,0,0,0,0,0,0,0,0,0.00007393,0,0,0,,,,,,,,
927,0,0,0,0,0,0,0,0,0,0.00008402,0,0,0,,,,,,,,
928,0,0,0,0,0,0,0,0,0,0.00010135,0,0,0,,,,,,,,
929,0,0,0,0,0,0,0,0,0,0.000136703,0,0,0,,,,,,,,
930,0,0,0,0,0,0,0,0,0,0.004262403,0,0,0,,,,,,,,
931,0,0,0,0,0,0,0,0,0,0.015790313,0,0,0,,,,,,,,
932,0,0,0,0,0,0,0,0,0,0.057118077,0,0,0,,,,,,,,
933,0,0,0,0,0,0,0,0,0,0.14289353,0,0,0,,,,,,,,
934,0,0,0,0,0,0,0,0,0,0.268388383,0,0,0,,,,,,,,
935,0,0,0,0,0,0,0,0,0,0.431717597,0,0,0,,,,,,,,
936,0,0,0,0,0,0,0,0,0,0.5909267,0,0,0,,,,,,,,
937,0,0,0,0,0,0,0,0,0,0.7328813,0,0,0,,,,,,,,
938,0,0,0,0,0,0,0,0,0,0.850349947,0,0,0,,,,,,,,
939,0,0,0,0,0,0,0,0,0,0.947620533,0,0,0,,,,,,,,
940,0,0,0,0,0,0,0,0,0,0.991649893,0,0,0,,,,,,,,
941,0,0,0,0,0,0,0,0,0,0.998375633,0,0,0,,,,,,,,
942,0,0,0,0,0,0,0,0,0,0.991283397,0,0,0,,,,,,,,
943,0,0,0,0,0,0,0,0,0,0.976392187,0,0,0,,,,,,,,
944,0,0,0,0,0,0,0,0,0,0.968348763,0,0,0,,,,,,,,
945,0,0,0,0,0,0,0,0,0,0.975923827,0,0,0,,,,,,,,
946,0,0,0,0,0,0,0,0,0,0.961472637,0,0,0,,,,,,,,
947,0,0,0,0,0,0,0,0,0,0.958581973,0,0,0,,,,,,,,
948,0,0,0,0,0,0,0,0,0,0.93710425,0,0,0,,,,,,,,
949,0,0,0,0,0,0,0,0,0,0.923978267,0,0,0,,,,,,,,
950,0,0,0,0,0,0,0,0,0,0.89929277,0,0,0,,,,,,,,
951,0,0,0,0,0,0,0,0,0,0.892586863,0,0,0,,,,,,,,
952,0,0,0,0,0,0,0,0,0,0.838764323,0,0,0,,,,,,,,
953,0,0,0,0,0,0,0,0,0,0.750032107,0,0,0,,,,,,,,
954,0,0,0,0,0,0,0,0,0,0.61286803,0,0,0,,,,,,,,
955,0,0,0,0,0,0,0,0,0,0.465685123,0,0,0,,,,,,,,
956,0,0,0,0,0,0,0,0,0,0.338191817,0,0,0,,,,,,,,
957,0,0,0,0,0,0,0,0,0,0.227656033,0,0,0,,,,,,,,
958,0,0,0,0,0,0,0,0,0,0.131344493,0,0,0,,,,,,,,
959,0,0,0,0,0,0,0,0,0,0.05389756,0,0,0,,,,,,,,
960,0,0,0,0,0,0,0,0,0,0.016028117,0,0,0,,,,,,,,
961,0,0,0,0,0,0,0,0,0,0.004114023,0,0,0,,,,,,,,
962,0,0,0,0,0,0,0,0,0,0.00118979,0,0,0,,,,,,,,
963,0,0,0,0,0,0,0,0,0,0.000437213,0,0,0,,,,,,,,
964,0,0,0,0,0,0,0,0,0,0.000213603,0,0,0,,,,,,,,
965,0,0,0,0,0,0,0,0,0,0.000130187,0,0,0,,,,,,,,
966,0,0,0,0,0,0,0,0,0,0.00009221,0,0,0,,,,,,,,
967,0,0,0,0,0,0,0,0,0,7.42167E-05,0,0,0,,,,,,,,
968,0,0,0,0,0,0,0,0,0,0.00006479,0,0,0,,,,,,,,
969,0,0,0,0,0,0,0,0,0,0.00005911,0,0,0,,,,,,,,
970,0,0,0,0,0,0,0,0,0,5.42367E-05,0,0,0,,,,,,,,
971,0,0,0,0,0,0,0,0,0,5.20167E-05,0,0,0,,,,,,,,
972,0,0,0,0,0,0,0,0,0,4.96233E-05,0,0,0,,,,,,,,
973,0,0,0,0,0,0,0,0,0,4.75467E-05,0,0,0,,,,,,,,
974,0,0,0,0,0,0,0,0,0,4.61633E-05,0,0,0,,,,,,,,
975,0,0,0,0,0,0,0,0,0,4.50367E-05,0,0,0,,,,,,,,
976,0,0,0,0,0,0,0,0,0,4.41733E-05,0,0,0,,,,,,,,
977,0,0,0,0,0,0,0,0,0,0.00004247,0,0,0,,,,,,,,
978,0,0,0,0,0,0,0,0,0,0.00004129,0,0,0,,,,,,,,
979,0,0,0,0,0,0,0,0,0,1.14733E-05,0,0,0,,,,,,,,
980,0,0,0,0,0,0,0,0,0,0,0,0,0,,,,,,,,
981,0,0,0,0,0,0,0,0,0,0,0,0,0,,,,,,,,
982,0,0,0,0,0,0,0,0,0,0,0,0,0,,,,,,,,
983,0,0,0,0,0,0,0,0,0,0,0,0,0,,,,,,,,
984,0,0,0,0,0,0,0,0,0,0,0,0,0,,,,,,,,
985,0,0,0,0,0,0,0,0,0,0,0,0,0,,,,,,,,
986,0,0,0,0,0,0,0,0,0,0,0,0,0,,,,,,,,
987,0,0,0,0,0,0,0,0,0,0,0,0,0,,,,,,,,
988,0,0,0,0,0,0,0,0,0,0,0,0,0,,,,,,,,
989,0,0,0,0,0,0,0,0,0,0,0,0,0,,,,,,,,
990,0,0,0,0,0,0,0,0,0,0,0,0,0,,,,,,,,
991,0,0,0,0,0,0,0,0,0,0,0,0,0,,,,,,,,
992,0,0,0,0,0,0,0,0,0,0,0,0,0,,,,,,,,
993,0,0,0,0,0,0,0,0,0,0,0,0,0,,,,,,,,
994,0,0,0,0,0,0,0,0,0,0,0,0,0,,,,,,,,
995,0,0,0,0,0,0,0,0,0,0,0,0,0,,,,,,,,
996,0,0,0,0,0,0,0,0,0,0,0,0,0,,,,,,,,
997,0,0,0,0,0,0,0,0,0,0,0,0,0,,,,,,,,
998,0,0,0,0,0,0,0,0,0,0,0,0,0,,,,,,,,
999,0,0,0,0,0,0,0,0,0,0,0,0,0,,,,,,,,
1000,0,0,0,0,0,0,0,0,0,0,0,0,0,,,,,,,,
1001,0,0,0,0,0,0,0,0,0,0,0,0,0,,,,,,,,
1002,0,0,0,0,0,0,0,0,0,0,0,0,0,,,,,,,,
1003,0,0,0,0,0,0,0,0,0,0,0,0,0,,,,,,,,
1004,0,0,0,0,0,0,0,0,0,0,0,0,0,,,,,,,,
1005,0,0,0,0,0,0,0,0,0,0,0,0,0,,,,,,,,
1006,0,0,0,0,0,0,0,0,0,0,0,0,0,,,,,,,,
1007,0,0,0,0,0,0,0,0,0,0,0,0,0,,,,,,,,
1008,0,0,0,0,0,0,0,0,0,0,0,0,0,,,,,,,,
1009,0,0,0,0,0,0,0,0,0,0,0,0,0,,,,,,,,
1010,0,0,0,0,0,0,0,0,0,0,0,0,0,,,,,,,,
1011,0,0,0,0,0,0,0,0,0,0,0,0,0,,,,,,,,
1012,0,0,0,0,0,0,0,0,0,0,0,0,0,,,,,,,,
1013,0,0,0,0,0,0,0,0,0,0,0,0,0,,,,,,,,
1014,0,0,0,0,0,0,0,0,0,0,0,0,0,,,,,,,,
1015,0,0,0,0,0,0,0,0,0,0,0,0,0,,,,,,,,
1016,0,0,0,0,0,0,0,0,0,0,0,0,0,,,,,,,,
1017,0,0,0,0,0,0,0,0,0,0,0,0,0,,,,,,,,
1018,0,0,0,0,0,0,0,0,0,0,0,0,0,,,,,,,,
1019,0,0,0,0,0,0,0,0,0,0,0,0,0,,,,,,,,
1020,0,0,0,0,0,0,0,0,0,0,0,0,0,,,,,,,,
1021,0,0,0,0,0,0,0,0,0,0,0,0,0,,,,,,,,
1022,0,0,0,0,0,0,0,0,0,0,0,0,0,,,,,,,,
1023,0,0,0,0,0,0,0,0,0,0,0,0,0,,,,,,,,
1024,0,0,0,0,0,0,0,0,0,0,0,0,0,,,,,,,,
1025,0,0,0,0,0,0,0,0,0,0,0,0,0,,,,,,,,
1026,0,0,0,0,0,0,0,0,0,0,0,0,0,,,,,,,,
1027,0,0,0,0,0,0,0,0,0,0,0,0,0,,,,,,,,
1028,0,0,0,0,0,0,0,0,0,0,0,0,0,,,,,,,,
1029,0,0,0,0,0,0,0,0,0,0,0,0,0,,,,,,,,
1030,0,0,0,0,0,0,0,0,0,0,0,0,0,,,,,,,,
1031,0,0,0,0,0,0,0,0,0,0,0,0,0,,,,,,,,
1032,0,0,0,0,0,0,0,0,0,0,0,0,0,,,,,,,,
1033,0,0,0,0,0,0,0,0,0,0,0,0,0,,,,,,,,
1034,0,0,0,0,0,0,0,0,0,0,0,0,0,,,,,,,,
1035,0,0,0,0,0,0,0,0,0,0,0,0,0,,,,,,,,
1036,0,0,0,0,0,0,0,0,0,0,0,0,0,,,,,,,,
1037,0,0,0,0,0,0,0,0,0,0,0,0,0,,,,,,,,
1038,0,0,0,0,0,0,0,0,0,0,0,0,0,,,,,,,,
1039,0,0,0,0,0,0,0,0,0,0,0,0,0,,,,,,,,
1040,0,0,0,0,0,0,0,0,0,0,0,0,0,,,,,,,,
1041,0,0,0,0,0,0,0,0,0,0,0,0,0,,,,,,,,
1042,0,0,0,0,0,0,0,0,0,0,0,0,0,,,,,,,,
1043,0,0,0,0,0,0,0,0,0,0,0,0,0,,,,,,,,
1044,0,0,0,0,0,0,0,0,0,0,0,0,0,,,,,,,,
1045,0,0,0,0,0,0,0,0,0,0,0,0,0,,,,,,,,
1046,0,0,0,0,0,0,0,0,0,0,0,0,0,,,,,,,,
1047,0,0,0,0,0,0,0,0,0,0,0,0,0,,,,,,,,
1048,0,0,0,0,0,0,0,0,0,0,0,0,0,,,,,,,,
1049,0,0,0,0,0,0,0,0,0,0,0,0,0,,,,,,,,
1050,0,0,0,0,0,0,0,0,0,0,0,0,0,,,,,,,,
1051,0,0,0,0,0,0,0,0,0,0,0,0,0,,,,,,,,
1052,0,0,0,0,0,0,0,0,0,0,0,0,0,,,,,,,,
1053,0,0,0,0,0,0,0,0,0,0,0,0,0,,,,,,,,
1054,0,0,0,0,0,0,0,0,0,0,0,0,0,,,,,,,,
1055,0,0,0,0,0,0,0,0,0,0,0,0,0,,,,,,,,
1056,0,0,0,0,0,0,0,0,0,0,0,0,0,,,,,,,,
1057,0,0,0,0,0,0,0,0,0,0,0,0,0,,,,,,,,
1058,0,0,0,0,0,0,0,0,0,0,0,0,0,,,,,,,,
1059,0,0,0,0,0,0,0,0,0,0,0,0,0,,,,,,,,
1060,0,0,0,0,0,0,0,0,0,0,0,0,0,,,,,,,,
1061,0,0,0,0,0,0,0,0,0,0,0,0,0,,,,,,,,
1062,0,0,0,0,0,0,0,0,0,0,0,0,0,,,,,,,,
1063,0,0,0,0,0,0,0,0,0,0,0,0,0,,,,,,,,
1064,0,0,0,0,0,0,0,0,0,0,0,0,0,,,,,,,,
1065,0,0,0,0,0,0,0,0,0,0,0,0,0,,,,,,,,
1066,0,0,0,0,0,0,0,0,0,0,0,0,0,,,,,,,,
1067,0,0,0,0,0,0,0,0,0,0,0,0,0,,,,,,,,
1068,0,0,0,0,0,0,0,0,0,0,0,0,0,,,,,,,,
1069,0,0,0,0,0,0,0,0,0,0,0,0,0,,,,,,,,
1070,0,0,0,0,0,0,0,0,0,0,0,0,0,,,,,,,,
1071,0,0,0,0,0,0,0,0,0,0,0,0,0,,,,,,,,
1072,0,0,0,0,0,0,0,0,0,0,0,0,0,,,,,,,,
1073,0,0,0,0,0,0,0,0,0,0,0,0,0,,,,,,,,
1074,0,0,0,0,0,0,0,0,0,0,0,0,0,,,,,,,,
1075,0,0,0,0,0,0,0,0,0,0,0,0,0,,,,,,,,
1076,0,0,0,0,0,0,0,0,0,0,0,0,0,,,,,,,,
1077,0,0,0,0,0,0,0,0,0,0,0,0,0,,,,,,,,
1078,0,0,0,0,0,0,0,0,0,0,0,0,0,,,,,,,,
1079,0,0,0,0,0,0,0,0,0,0,0,0,0,,,,,,,,
1080,0,0,0,0,0,0,0,0,0,0,0,0,0,,,,,,,,
1081,0,0,0,0,0,0,0,0,0,0,0,0,0,,,,,,,,
1082,0,0,0,0,0,0,0,0,0,0,0,0,0,,,,,,,,
1083,0,0,0,0,0,0,0,0,0,0,0,0,0,,,,,,,,
1084,0,0,0,0,0,0,0,0,0,0,0,0,0,,,,,,,,
1085,0,0,0,0,0,0,0,0,0,0,0,0,0,,,,,,,,
1086,0,0,0,0,0,0,0,0,0,0,0,0,0,,,,,,,,
1087,0,0,0,0,0,0,0,0,0,0,0,0,0,,,,,,,,
1088,0,0,0,0,0,0,0,0,0,0,0,0,0,,,,,,,,
1089,0,0,0,0,0,0,0,0,0,0,0,0,0,,,,,,,,
1090,0,0,0,0,0,0,0,0,0,0,0,0,0,,,,,,,,
1091,0,0,0,0,0,0,0,0,0,0,0,0,0,,,,,,,,
1092,0,0,0,0,0,0,0,0,0,0,0,0,0,,,,,,,,
1093,0,0,0,0,0,0,0,0,0,0,0,0,0,,,,,,,,
1094,0,0,0,0,0,0,0,0,0,0,0,0,0,,,,,,,,
1095,0,0,0,0,0,0,0,0,0,0,0,0,0,,,,,,,,
1096,0,0,0,0,0,0,0,0,0,0,0,0,0,,,,,,,,
1097,0,0,0,0,0,0,0,0,0,0,0,0,0,,,,,,,,
1098,0,0,0,0,0,0,0,0,0,0,0,0,0,,,,,,,,
1099,0,0,0,0,0,0,0,0,0,0,0,0,0,,,,,,,,
1100,0,0,0,0,0,0,0,0,0,0,0,0,0,,,,,,,,
1101,0,0,0,0,0,0,0,0,0,0,0,0,0,,,,,,,,
1102,0,0,0,0,0,0,0,0,0,0,0,0,0,,,,,,,,
1103,0,0,0,0,0,0,0,0,0,0,0,0,0,,,,,,,,
1104,0,0,0,0,0,0,0,0,0,0,0,0,0,,,,,,,,
1105,0,0,0,0,0,0,0,0,0,0,0,0,0,,,,,,,,
1106,0,0,0,0,0,0,0,0,0,0,0,0,0,,,,,,,,
1107,0,0,0,0,0,0,0,0,0,0,0,0,0,,,,,,,,
1108,0,0,0,0,0,0,0,0,0,0,0,0,0,,,,,,,,
1109,0,0,0,0,0,0,0,0,0,0,0,0,0,,,,,,,,
1110,0,0,0,0,0,0,0,0,0,0,0,0,0,,,,,,,,
1111,0,0,0,0,0,0,0,0,0,0,0,0,0,,,,,,,,
1112,0,0,0,0,0,0,0,0,0,0,0,0,0,,,,,,,,
1113,0,0,0,0,0,0,0,0,0,0,0,0,0,,,,,,,,
1114,0,0,0,0,0,0,0,0,0,0,0,0,0,,,,,,,,
1115,0,0,0,0,0,0,0,0,0,0,0,0,0,,,,,,,,
1116,0,0,0,0,0,0,0,0,0,0,0,0,0,,,,,,,,
1117,0,0,0,0,0,0,0,0,0,0,0,0,0,,,,,,,,
1118,0,0,0,0,0,0,0,0,0,0,0,0,0,,,,,,,,
1119,0,0,0,0,0,0,0,0,0,0,0,0,0,,,,,,,,
1120,0,0,0,0,0,0,0,0,0,0,0,0,0,,,,,,,,
1121,0,0,0,0,0,0,0,0,0,0,0,0,0,,,,,,,,
1122,0,0,0,0,0,0,0,0,0,0,0,0,0,,,,,,,,
1123,0,0,0,0,0,0,0,0,0,0,0,0,0,,,,,,,,
1124,0,0,0,0,0,0,0,0,0,0,0,0,0,,,,,,,,
1125,0,0,0,0,0,0,0,0,0,0,0,0,0,,,,,,,,
1126,0,0,0,0,0,0,0,0,0,0,0,0,0,,,,,,,,
1127,0,0,0,0,0,0,0,0,0,0,0,0,0,,,,,,,,
1128,0,0,0,0,0,0,0,0,0,0,0,0,0,,,,,,,,
1129,0,0,0,0,0,0,0,0,0,0,0,0,0,,,,,,,,
1130,0,0,0,0,0,0,0,0,0,0,0,0,0,,,,,,,,
1131,0,0,0,0,0,0,0,0,0,0,0,0,0,,,,,,,,
1132,0,0,0,0,0,0,0,0,0,0,0,0,0,,,,,,,,
1133,0,0,0,0,0,0,0,0,0,0,0,0,0,,,,,,,,
1134,0,0,0,0,0,0,0,0,0,0,0,0,0,,,,,,,,
1135,0,0,0,0,0,0,0,0,0,0,0,0,0,,,,,,,,
1136,0,0,0,0,0,0,0,0,0,0,0,0,0,,,,,,,,
1137,0,0,0,0,0,0,0,0,0,0,0,0,0,,,,,,,,
1138,0,0,0,0,0,0,0,0,0,0,0,0,0,,,,,,,,
1139,0,0,0,0,0,0,0,0,0,0,0,0,0,,,,,,,,
1140,0,0,0,0,0,0,0,0,0,0,0,0,0,,,,,,,,
1141,0,0,0,0,0,0,0,0,0,0,0,0,0,,,,,,,,
1142,0,0,0,0,0,0,0,0,0,0,0,0,0,,,,,,,,
1143,0,0,0,0,0,0,0,0,0,0,0,0,0,,,,,,,,
1144,0,0,0,0,0,0,0,0,0,0,0,0,0,,,,,,,,
1145,0,0,0,0,0,0,0,0,0,0,0,0,0,,,,,,,,
1146,0,0,0,0,0,0,0,0,0,0,0,0,0,,,,,,,,
1147,0,0,0,0,0,0,0,0,0,0,0,0,0,,,,,,,,
1148,0,0,0,0,0,0,0,0,0,0,0,0,0,,,,,,,,
1149,0,0,0,0,0,0,0,0,0,0,0,0,0,,,,,,,,
1150,0,0,0,0,0,0,0,0,0,0,0,0,0,,,,,,,,
1151,0,0,0,0,0,0,0,0,0,0,0,0,0,,,,,,,,
1152,0,0,0,0,0,0,0,0,0,0,0,0,0,,,,,,,,
1153,0,0,0,0,0,0,0,0,0,0,0,0,0,,,,,,,,
1154,0,0,0,0,0,0,0,0,0,0,0,0,0,,,,,,,,
1155,0,0,0,0,0,0,0,0,0,0,0,0,0,,,,,,,,
1156,0,0,0,0,0,0,0,0,0,0,0,0,0,,,,,,,,
1157,0,0,0,0,0,0,0,0,0,0,0,0,0,,,,,,,,
1158,0,0,0,0,0,0,0,0,0,0,0,0,0,,,,,,,,
1159,0,0,0,0,0,0,0,0,0,0,0,0,0,,,,,,,,
1160,0,0,0,0,0,0,0,0,0,0,0,0,0,,,,,,,,
1161,0,0,0,0,0,0,0,0,0,0,0,0,0,,,,,,,,
1162,0,0,0,0,0,0,0,0,0,0,0,0,0,,,,,,,,
1163,0,0,0,0,0,0,0,0,0,0,0,0,0,,,,,,,,
1164,0,0,0,0,0,0,0,0,0,0,0,0,0,,,,,,,,
1165,0,0,0,0,0,0,0,0,0,0,0,0,0,,,,,,,,
1166,0,0,0,0,0,0,0,0,0,0,0,0,0,,,,,,,,
1167,0,0,0,0,0,0,0,0,0,0,0,0,0,,,,,,,,
1168,0,0,0,0,0,0,0,0,0,0,0,0,0,,,,,,,,
1169,0,0,0,0,0,0,0,0,0,0,0,0,0,,,,,,,,
1170,0,0,0,0,0,0,0,0,0,0,0,0,0,,,,,,,,
1171,0,0,0,0,0,0,0,0,0,0,0,0,0,,,,,,,,
1172,0,0,0,0,0,0,0,0,0,0,0,0,0,,,,,,,,
1173,0,0,0,0,0,0,0,0,0,0,0,0,0,,,,,,,,
1174,0,0,0,0,0,0,0,0,0,0,0,0,0,,,,,,,,
1175,0,0,0,0,0,0,0,0,0,0,0,0,0,,,,,,,,
1176,0,0,0,0,0,0,0,0,0,0,0,0,0,,,,,,,,
1177,0,0,0,0,0,0,0,0,0,0,0,0,0,,,,,,,,
1178,0,0,0,0,0,0,0,0,0,0,0,0,0,,,,,,,,
1179,0,0,0,0,0,0,0,0,0,0,0,0,0,,,,,,,,
1180,0,0,0,0,0,0,0,0,0,0,0,0,0,,,,,,,,
1181,0,0,0,0,0,0,0,0,0,0,0,0,0,,,,,,,,
1182,0,0,0,0,0,0,0,0,0,0,0,0,0,,,,,,,,
1183,0,0,0,0,0,0,0,0,0,0,0,0,0,,,,,,,,
1184,0,0,0,0,0,0,0,0,0,0,0,0,0,,,,,,,,
1185,0,0,0,0,0,0,0,0,0,0,0,0,0,,,,,,,,
1186,0,0,0,0,0,0,0,0,0,0,0,0,0,,,,,,,,
1187,0,0,0,0,0,0,0,0,0,0,0,0,0,,,,,,,,
1188,0,0,0,0,0,0,0,0,0,0,0,0,0,,,,,,,,
1189,0,0,0,0,0,0,0,0,0,0,0,0,0,,,,,,,,
1190,0,0,0,0,0,0,0,0,0,0,0,0,0,,,,,,,,
1191,0,0,0,0,0,0,0,0,0,0,0,0,0,,,,,,,,
1192,0,0,0,0,0,0,0,0,0,0,0,0,0,,,,,,,,
1193,0,0,0,0,0,0,0,0,0,0,0,0,0,,,,,,,,
1194,0,0,0,0,0,0,0,0,0,0,0,0,0,,,,,,,,
1195,0,0,0,0,0,0,0,0,0,0,0,0,0,,,,,,,,
1196,0,0,0,0,0,0,0,0,0,0,0,0,0,,,,,,,,
1197,0,0,0,0,0,0,0,0,0,0,0,0,0,,,,,,,,
1198,0,0,0,0,0,0,0,0,0,0,0,0,0,,,,,,,,
1199,0,0,0,0,0,0,0,0,0,0,0,0,0,,,,,,,,
1200,0,0,0,0,0,0,0,0,0,0,0,0,0,,,,,,,,
1201,0,0,0,0,0,0,0,0,0,0,0,0,0,,,,,,,,
1202,0,0,0,0,0,0,0,0,0,0,0,0,0,,,,,,,,
1203,0,0,0,0,0,0,0,0,0,0,0,0,0,,,,,,,,
1204,0,0,0,0,0,0,0,0,0,0,0,0,0,,,,,,,,
1205,0,0,0,0,0,0,0,0,0,0,0,0,0,,,,,,,,
1206,0,0,0,0,0,0,0,0,0,0,0,0,0,,,,,,,,
1207,0,0,0,0,0,0,0,0,0,0,0,0,0,,,,,,,,
1208,0,0,0,0,0,0,0,0,0,0,0,0,0,,,,,,,,
1209,0,0,0,0,0,0,0,0,0,0,0,0,0,,,,,,,,
1210,0,0,0,0,0,0,0,0,0,0,0,0,0,,,,,,,,
1211,0,0,0,0,0,0,0,0,0,0,0,0,0,,,,,,,,
1212,0,0,0,0,0,0,0,0,0,0,0,0,0,,,,,,,,
1213,0,0,0,0,0,0,0,0,0,0,0,0,0,,,,,,,,
1214,0,0,0,0,0,0,0,0,0,0,0,0,0,,,,,,,,
1215,0,0,0,0,0,0,0,0,0,0,0,0,0,,,,,,,,
1216,0,0,0,0,0,0,0,0,0,0,0,0,0,,,,,,,,
1217,0,0,0,0,0,0,0,0,0,0,0,0,0,,,,,,,,
1218,0,0,0,0,0,0,0,0,0,0,0,0,0,,,,,,,,
1219,0,0,0,0,0,0,0,0,0,0,0,0,0,,,,,,,,
1220,0,0,0,0,0,0,0,0,0,0,0,0,0,,,,,,,,
1221,0,0,0,0,0,0,0,0,0,0,0,0,0,,,,,,,,
1222,0,0,0,0,0,0,0,0,0,0,0,0,0,,,,,,,,
1223,0,0,0,0,0,0,0,0,0,0,0,0,0,,,,,,,,
1224,0,0,0,0,0,0,0,0,0,0,0,0,0,,,,,,,,
1225,0,0,0,0,0,0,0,0,0,0,0,0,0,,,,,,,,
1226,0,0,0,0,0,0,0,0,0,0,0,0,0,,,,,,,,
1227,0,0,0,0,0,0,0,0,0,0,0,0,0,,,,,,,,
1228,0,0,0,0,0,0,0,0,0,0,0,0,0,,,,,,,,
1229,0,0,0,0,0,0,0,0,0,0,0,0,0,,,,,,,,
1230,0,0,0,0,0,0,0,0,0,0,0,0,0,,,,,,,,
1231,0,0,0,0,0,0,0,0,0,0,0,0,0,,,,,,,,
1232,0,0,0,0,0,0,0,0,0,0,0,0,0,,,,,,,,
1233,0,0,0,0,0,0,0,0,0,0,0,0,0,,,,,,,,
1234,0,0,0,0,0,0,0,0,0,0,0,0,0,,,,,,,,
1235,0,0,0,0,0,0,0,0,0,0,0,0,0,,,,,,,,
1236,0,0,0,0,0,0,0,0,0,0,0,0,0,,,,,,,,
1237,0,0,0,0,0,0,0,0,0,0,0,0,0,,,,,,,,
1238,0,0,0,0,0,0,0,0,0,0,0,0,0,,,,,,,,
1239,0,0,0,0,0,0,0,0,0,0,0,0,0,,,,,,,,
1240,0,0,0,0,0,0,0,0,0,0,0,0,0,,,,,,,,
1241,0,0,0,0,0,0,0,0,0,0,0,0,0,,,,,,,,
1242,0,0,0,0,0,0,0,0,0,0,0,0,0,,,,,,,,
1243,0,0,0,0,0,0,0,0,0,0,0,0,0,,,,,,,,
1244,0,0,0,0,0,0,0,0,0,0,0,0,0,,,,,,,,
1245,0,0,0,0,0,0,0,0,0,0,0,0,0,,,,,,,,
1246,0,0,0,0,0,0,0,0,0,0,0,0,0,,,,,,,,
1247,0,0,0,0,0,0,0,0,0,0,0,0,0,,,,,,,,
1248,0,0,0,0,0,0,0,0,0,0,0,0,0,,,,,,,,
1249,0,0,0,0,0,0,0,0,0,0,0,0,0,,,,,,,,
1250,0,0,0,0,0,0,0,0,0,0,0,0,0,,,,,,,,
1251,0,0,0,0,0,0,0,0,0,0,0,0,0,,,,,,,,
1252,0,0,0,0,0,0,0,0,0,0,0,0,0,,,,,,,,
1253,0,0,0,0,0,0,0,0,0,0,0,0,0,,,,,,,,
1254,0,0,0,0,0,0,0,0,0,0,0,0,0,,,,,,,,
1255,0,0,0,0,0,0,0,0,0,0,0,0,0,,,,,,,,
1256,0,0,0,0,0,0,0,0,0,0,0,0,0,,,,,,,,
1257,0,0,0,0,0,0,0,0,0,0,0,0,0,,,,,,,,
1258,0,0,0,0,0,0,0,0,0,0,0,0,0,,,,,,,,
1259,0,0,0,0,0,0,0,0,0,0,0,0,0,,,,,,,,
1260,0,0,0,0,0,0,0,0,0,0,0,0,0,,,,,,,,
1261,0,0,0,0,0,0,0,0,0,0,0,0,0,,,,,,,,
1262,0,0,0,0,0,0,0,0,0,0,0,0,0,,,,,,,,
1263,0,0,0,0,0,0,0,0,0,0,0,0,0,,,,,,,,
1264,0,0,0,0,0,0,0,0,0,0,0,0,0,,,,,,,,
1265,0,0,0,0,0,0,0,0,0,0,0,0,0,,,,,,,,
1266,0,0,0,0,0,0,0,0,0,0,0,0,0,,,,,,,,
1267,0,0,0,0,0,0,0,0,0,0,0,0,0,,,,,,,,
1268,0,0,0,0,0,0,0,0,0,0,0,0,0,,,,,,,,
1269,0,0,0,0,0,0,0,0,0,0,0,0,0,,,,,,,,
1270,0,0,0,0,0,0,0,0,0,0,0,0,0,,,,,,,,
1271,0,0,0,0,0,0,0,0,0,0,0,0,0,,,,,,,,
1272,0,0,0,0,0,0,0,0,0,0,0,0,0,,,,,,,,
1273,0,0,0,0,0,0,0,0,0,0,0,0,0,,,,,,,,
1274,0,0,0,0,0,0,0,0,0,0,0,0,0,,,,,,,,
1275,0,0,0,0,0,0,0,0,0,0,0,0,0,,,,,,,,
1276,0,0,0,0,0,0,0,0,0,0,0,0,0,,,,,,,,
1277,0,0,0,0,0,0,0,0,0,0,0,0,0,,,,,,,,
1278,0,0,0,0,0,0,0,0,0,0,0,0,0,,,,,,,,
1279,0,0,0,0,0,0,0,0,0,0,0,0,0,,,,,,,,
1280,0,0,0,0,0,0,0,0,0,0,0,0,0,,,,,,,,
1281,0,0,0,0,0,0,0,0,0,0,0,0,0,,,,,,,,
1282,0,0,0,0,0,0,0,0,0,0,0,0,0,,,,,,,,
1283,0,0,0,0,0,0,0,0,0,0,0,0,0,,,,,,,,
1284,0,0,0,0,0,0,0,0,0,0,0,0,0,,,,,,,,
1285,0,0,0,0,0,0,0,0,0,0,0,0,0,,,,,,,,
1286,0,0,0,0,0,0,0,0,0,0,0,0,0,,,,,,,,
1287,0,0,0,0,0,0,0,0,0,0,0,0,0,,,,,,,,
1288,0,0,0,0,0,0,0,0,0,0,0,0,0,,,,,,,,
1289,0,0,0,0,0,0,0,0,0,0,0,0,0,,,,,,,,
1290,0,0,0,0,0,0,0,0,0,0,0,0,0,,,,,,,,
1291,0,0,0,0,0,0,0,0,0,0,0,0,0,,,,,,,,
1292,0,0,0,0,0,0,0,0,0,0,0,0,0,,,,,,,,
1293,0,0,0,0,0,0,0,0,0,0,0,0,0,,,,,,,,
1294,0,0,0,0,0,0,0,0,0,0,0,0,0,,,,,,,,
1295,0,0,0,0,0,0,0,0,0,0,0,0,0,,,,,,,,
1296,0,0,0,0,0,0,0,0,0,0,0,0,0,,,,,,,,
1297,0,0,0,0,0,0,0,0,0,0,0,0,0,,,,,,,,
1298,0,0,0,0,0,0,0,0,0,0,0,0,0,,,,,,,,
1299,0,0,0,0,0,0,0,0,0,0,0,0,0,,,,,,,,
1300,0,0,0,0,0,0,0,0,0,0,0,0,0,,,,,,,,
1301,0,0,0,0,0,0,0,0,0,0,0,0,0,,,,,,,,
1302,0,0,0,0,0,0,0,0,0,0,0,0,0,,,,,,,,
1303,0,0,0,0,0,0,0,0,0,0,0,0,0,,,,,,,,
1304,0,0,0,0,0,0,0,0,0,0,0,0,0,,,,,,,,
1305,0,0,0,0,0,0,0,0,0,0,0,0,0,,,,,,,,
1306,0,0,0,0,0,0,0,0,0,0,0,0,0,,,,,,,,
1307,0,0,0,0,0,0,0,0,0,0,0,0,0,,,,,,,,
1308,0,0,0,0,0,0,0,0,0,0,0,0,0,,,,,,,,
1309,0,0,0,0,0,0,0,0,0,0,0,0,0,,,,,,,,
1310,0,0,0,0,0,0,0,0,0,0,0,0,0,,,,,,,,
1311,0,0,0,0,0,0,0,0,0,0,0,0,0,,,,,,,,
1312,0,0,0,0,0,0,0,0,0,0,0,0,0,,,,,,,,
1313,0,0,0,0,0,0,0,0,0,0,0,0,0,,,,,,,,
1314,0,0,0,0,0,0,0,0,0,0,0,0,0,,,,,,,,
1315,0,0,0,0,0,0,0,0,0,0,0,0,0,,,,,,,,
1316,0,0,0,0,0,0,0,0,0,0,0,0,0,,,,,,,,
1317,0,0,0,0,0,0,0,0,0,0,0,0,0,,,,,,,,
1318,0,0,0,0,0,0,0,0,0,0,0,0,0,,,,,,,,
1319,0,0,0,0,0,0,0,0,0,0,0,0,0,,,,,,,,
1320,0,0,0,0,0,0,0,0,0,0,0,0,0,,,,,,,,
1321,0,0,0,0,0,0,0,0,0,0,0,0,0,,,,,,,,
1322,0,0,0,0,0,0,0,0,0,0,0,0,0,,,,,,,,
1323,0,0,0,0,0,0,0,0,0,0,0,0,0,,,,,,,,
1324,0,0,0,0,0,0,0,0,0,0,0,0,0,,,,,,,,
1325,0,0,0,0,0,0,0,0,0,0,0,0,0,,,,,,,,
1326,0,0,0,0,0,0,0,0,0,0,0,0,0,,,,,,,,
1327,0,0,0,0,0,0,0,0,0,0,0,0,0,,,,,,,,
1328,0,0,0,0,0,0,0,0,0,0,0,0,0,,,,,,,,
1329,0,0,0,0,0,0,0,0,0,0,0,0,0,,,,,,,,
1330,0,0,0,0,0,0,0,0,0,0,0,0,0,,,,,,,,
1331,0,0,0,0,0,0,0,0,0,0,0,0,0,,,,,,,,
1332,0,0,0,0,0,0,0,0,0,0,8.68133E-05,0,0,,,,,,,,
1333,0,0,0,0,0,0,0,0,0,0,0.0001084,0,0,,,,,,,,
1334,0,0,0,0,0,0,0,0,0,0,0.00016252,0,0,,,,,,,,
1335,0,0,0,0,0,0,0,0,0,0,0.00022625,0,0,,,,,,,,
1336,0,0,0,0,0,0,0,0,0,0,0.000238057,0,0,,,,,,,,
1337,0,0,0,0,0,0,0,0,0,0,0.000333453,0,0,,,,,,,,
1338,0,0,0,0,0,0,0,0,0,0,0.00029124,0,0,,,,,,,,
1339,0,0,0,0,0,0,0,0,0,0,0.000317643,0,0,,,,,,,,
1340,0,0,0,0,0,0,0,0,0,0,0.000387723,0,0,,,,,,,,
1341,0,0,0,0,0,0,0,0,0,0,0.000445013,0,0,,,,,,,,
1342,0,0,0,0,0,0,0,0,0,0,0.000509193,0,0,,,,,,,,
1343,0,0,0,0,0,0,0,0,0,0,0.000612663,0,0,,,,,,,,
1344,0,0,0,0,0,0,0,0,0,0,0.000770523,0,0,,,,,,,,
1345,0,0,0,0,0,0,0,0,0,0,0.001049123,0,0,,,,,,,,
1346,0,0,0,0,0,0,0,0,0,0,0.001526627,0,0,,,,,,,,
1347,0,0,0,0,0,0,0,0,0,0,0.002279253,0,0,,,,,,,,
1348,0,0,0,0,0,0,0,0,0,0,0.003602747,0,0,,,,,,,,
1349,0,0,0,0,0,0,0,0,0,0,0.00588337,0,0,,,,,,,,
1350,0,0,0,0,0,0,0,0,0,0,0.009829247,0,0,,,,,,,,
1351,0,0,0,0,0,0,0,0,0,0,0.016899843,0,0,,,,,,,,
1352,0,0,0,0,0,0,0,0,0,0,0.029666333,0,0,,,,,,,,
1353,0,0,0,0,0,0,0,0,0,0,0.052170883,0,0,,,,,,,,
1354,0,0,0,0,0,0,0,0,0,0,0.0890636,0,0,,,,,,,,
1355,0,0,0,0,0,0,0,0,0,0,0.144494093,0,0,,,,,,,,
1356,0,0,0,0,0,0,0,0,0,0,0.221218693,0,0,,,,,,,,
1357,0,0,0,0,0,0,0,0,0,0,0.314779057,0,0,,,,,,,,
1358,0,0,0,0,0,0,0,0,0,0,0.41582679,0,0,,,,,,,,
1359,0,0,0,0,0,0,0,0,0,0,0.514837037,0,0,,,,,,,,
1360,0,0,0,0,0,0,0,0,0,0,0.606841847,0,0,,,,,,,,
1361,0,0,0,0,0,0,0,0,0,0,0.69075521,0,0,,,,,,,,
1362,0,0,0,0,0,0,0,0,0,0,0.767635833,0,0,,,,,,,,
1363,0,0,0,0,0,0,0,0,0,0,0.83888702,0,0,,,,,,,,
1364,0,0,0,0,0,0,0,0,0,0,0.900450803,0,0,,,,,,,,
1365,0,0,0,0,0,0,0,0,0,0,0.945160283,0,0,,,,,,,,
1366,0,0,0,0,0,0,0,0,0,0,0.971539733,0,0,,,,,,,,
1367,0,0,0,0,0,0,0,0,0,0,0.98465326,0,0,,,,,,,,
1368,0,0,0,0,0,0,0,0,0,0,0.991191743,0,0,,,,,,,,
1369,0,0,0,0,0,0,0,0,0,0,0.99530099,0,0,,,,,,,,
1370,0,0,0,0,0,0,0,0,0,0,0.998010337,0,0,,,,,,,,
1371,0,0,0,0,0,0,0,0,0,0,0.999211083,0,0,,,,,,,,
1372,0,0,0,0,0,0,0,0,0,0,0.998470487,0,0,,,,,,,,
1373,0,0,0,0,0,0,0,0,0,0,0.99569165,0,0,,,,,,,,
1374,0,0,0,0,0,0,0,0,0,0,0.991056493,0,0,,,,,,,,
1375,0,0,0,0,0,0,0,0,0,0,0.98508806,0,0,,,,,,,,
1376,0,0,0,0,0,0,0,0,0,0,0.978621193,0,0,,,,,,,,
1377,0,0,0,0,0,0,0,0,0,0,0.972197253,0,0,,,,,,,,
1378,0,0,0,0,0,0,0,0,0,0,0.96592158,0,0,,,,,,,,
1379,0,0,0,0,0,0,0,0,0,0,0.959336407,0,0,,,,,,,,
1380,0,0,0,0,0,0,0,0,0,0,0.951872263,0,0,,,,,,,,
1381,0,0,0,0,0,0,0,0,0,0,0.94347985,0,0,,,,,,,,
1382,0,0,0,0,0,0,0,0,0,0,0.9340574,0,0,,,,,,,,
1383,0,0,0,0,0,0,0,0,0,0,0.923211747,0,0,,,,,,,,
1384,0,0,0,0,0,0,0,0,0,0,0.908888087,0,0,,,,,,,,
1385,0,0,0,0,0,0,0,0,0,0,0.885221123,0,0,,,,,,,,
1386,0,0,0,0,0,0,0,0,0,0,0.841953837,0,0,,,,,,,,
1387,0,0,0,0,0,0,0,0,0,0,0.76932128,0,0,,,,,,,,
1388,0,0,0,0,0,0,0,0,0,0,0.667394557,0,0,,,,,,,,
1389,0,0,0,0,0,0,0,0,0,0,0.549540327,0,0,,,,,,,,
1390,0,0,0,0,0,0,0,0,0,0,0.432865117,0,0,,,,,,,,
1391,0,0,0,0,0,0,0,0,0,0,0.32755163,0,0,,,,,,,,
1392,0,0,0,0,0,0,0,0,0,0,0.23472145,0,0,,,,,,,,
1393,0,0,0,0,0,0,0,0,0,0,0.155195773,0,0,,,,,,,,
1394,0,0,0,0,0,0,0,0,0,0,0.09207828,0,0,,,,,,,,
1395,0,0,0,0,0,0,0,0,0,0,0.04840512,0,0,,,,,,,,
1396,0,0,0,0,0,0,0,0,0,0,0.022934353,0,0,,,,,,,,
1397,0,0,0,0,0,0,0,0,0,0,0.01048788,0,0,,,,,,,,
1398,0,0,0,0,0,0,0,0,0,0,0.005193157,0,0,,,,,,,,
1399,0,0,0,0,0,0,0,0,0,0,0.0029974,0,0,,,,,,,,
1400,0,0,0,0,0,0,0,0,0,0,0.001917797,0,0,,,,,,,,
1401,0,0,0,0,0,0,0,0,0,0,0.001369057,0,0,,,,,,,,
1402,0,0,0,0,0,0,0,0,0,0,0.00103469,0,0,,,,,,,,
1403,0,0,0,0,0,0,0,0,0,0,0.000780693,0,0,,,,,,,,
1404,0,0,0,0,0,0,0,0,0,0,0.000604257,0,0,,,,,,,,
1405,0,0,0,0,0,0,0,0,0,0,0.000525627,0,0,,,,,,,,
1406,0,0,0,0,0,0,0,0,0,0,0.000468583,0,0,,,,,,,,
1407,0,0,0,0,0,0,0,0,0,0,0.000405873,0,0,,,,,,,,
1408,0,0,0,0,0,0,0,0,0,0,0.000359377,0,0,,,,,,,,
1409,0,0,0,0,0,0,0,0,0,0,0.00032916,0,0,,,,,,,,
1410,0,0,0,0,0,0,0,0,0,0,0.000337523,0,0,,,,,,,,
1411,0,0,0,0,0,0,0,0,0,0,0.000224123,0,0,,,,,,,,
1412,0,0,0,0,0,0,0,0,0,0,0.000183703,0,0,,,,,,,,
1413,0,0,0,0,0,0,0,0,0,0,0.000108787,0,0,,,,,,,,
1414,0,0,0,0,0,0,0,0,0,0,4.00233E-05,0,0,,,,,,,,
1415,0,0,0,0,0,0,0,0,0,0,1.44567E-05,0,0,,,,,,,,
1416,0,0,0,0,0,0,0,0,0,0,0,0,0,,,,,,,,
1417,0,0,0,0,0,0,0,0,0,0,0,0,0,,,,,,,,
1418,0,0,0,0,0,0,0,0,0,0,0,0,0,,,,,,,,
1419,0,0,0,0,0,0,0,0,0,0,0,0,0,,,,,,,,
1420,0,0,0,0,0,0,0,0,0,0,0,0,0,,,,,,,,
1421,0,0,0,0,0,0,0,0,0,0,0,0,0,,,,,,,,
1422,0,0,0,0,0,0,0,0,0,0,0,0,0,,,,,,,,
1423,0,0,0,0,0,0,0,0,0,0,0,0,0,,,,,,,,
1424,0,0,0,0,0,0,0,0,0,0,0,0,0,,,,,,,,
1425,0,0,0,0,0,0,0,0,0,0,0,0,0,,,,,,,,
1426,0,0,0,0,0,0,0,0,0,0,0,0,0,,,,,,,,
1427,0,0,0,0,0,0,0,0,0,0,0,0,0,,,,,,,,
1428,0,0,0,0,0,0,0,0,0,0,0,0,0,,,,,,,,
1429,0,0,0,0,0,0,0,0,0,0,0,0,0,,,,,,,,
1430,0,0,0,0,0,0,0,0,0,0,0,0,0,,,,,,,,
1431,0,0,0,0,0,0,0,0,0,0,0,0,0,,,,,,,,
1432,0,0,0,0,0,0,0,0,0,0,0,0,0,,,,,,,,
1433,0,0,0,0,0,0,0,0,0,0,0,0,0,,,,,,,,
1434,0,0,0,0,0,0,0,0,0,0,0,0,0,,,,,,,,
1435,0,0,0,0,0,0,0,0,0,0,0,0,0,,,,,,,,
1436,0,0,0,0,0,0,0,0,0,0,0,0,0,,,,,,,,
1437,0,0,0,0,0,0,0,0,0,0,0,0,0,,,,,,,,
1438,0,0,0,0,0,0,0,0,0,0,0,0,0,,,,,,,,
1439,0,0,0,0,0,0,0,0,0,0,0,0,0,,,,,,,,
1440,0,0,0,0,0,0,0,0,0,0,0,0,0,,,,,,,,
1441,0,0,0,0,0,0,0,0,0,0,0,0,0,,,,,,,,
1442,0,0,0,0,0,0,0,0,0,0,0,0,0,,,,,,,,
1443,0,0,0,0,0,0,0,0,0,0,0,0,0,,,,,,,,
1444,0,0,0,0,0,0,0,0,0,0,0,0,0,,,,,,,,
1445,0,0,0,0,0,0,0,0,0,0,0,0,0,,,,,,,,
1446,0,0,0,0,0,0,0,0,0,0,0,0,0,,,,,,,,
1447,0,0,0,0,0,0,0,0,0,0,0,0,0,,,,,,,,
1448,0,0,0,0,0,0,0,0,0,0,0,0,0,,,,,,,,
1449,0,0,0,0,0,0,0,0,0,0,0,0,0,,,,,,,,
1450,0,0,0,0,0,0,0,0,0,0,0,0,0,,,,,,,,
1451,0,0,0,0,0,0,0,0,0,0,0,0,0,,,,,,,,
1452,0,0,0,0,0,0,0,0,0,0,0,0,0,,,,,,,,
1453,0,0,0,0,0,0,0,0,0,0,0,0,0,,,,,,,,
1454,0,0,0,0,0,0,0,0,0,0,0,0,0,,,,,,,,
1455,0,0,0,0,0,0,0,0,0,0,0,0,0,,,,,,,,
1456,0,0,0,0,0,0,0,0,0,0,0,0,0,,,,,,,,
1457,0,0,0,0,0,0,0,0,0,0,0,0,0,,,,,,,,
1458,0,0,0,0,0,0,0,0,0,0,0,0,0,,,,,,,,
1459,0,0,0,0,0,0,0,0,0,0,0,0,0,,,,,,,,
1460,0,0,0,0,0,0,0,0,0,0,0,0,0,,,,,,,,
1461,0,0,0,0,0,0,0,0,0,0,0,0,0,,,,,,,,
1462,0,0,0,0,0,0,0,0,0,0,0,0,0,,,,,,,,
1463,0,0,0,0,0,0,0,0,0,0,0,0,0,,,,,,,,
1464,0,0,0,0,0,0,0,0,0,0,0,0,0,,,,,,,,
1465,0,0,0,0,0,0,0,0,0,0,0,0,0,,,,,,,,
1466,0,0,0,0,0,0,0,0,0,0,0,0,0,,,,,,,,
1467,0,0,0,0,0,0,0,0,0,0,0,0,0,,,,,,,,
1468,0,0,0,0,0,0,0,0,0,0,0,0,0,,,,,,,,
1469,0,0,0,0,0,0,0,0,0,0,0,0,0,,,,,,,,
1470,0,0,0,0,0,0,0,0,0,0,0,0,0,,,,,,,,
1471,0,0,0,0,0,0,0,0,0,0,0,0,0,,,,,,,,
1472,0,0,0,0,0,0,0,0,0,0,0,0,0,,,,,,,,
1473,0,0,0,0,0,0,0,0,0,0,0,0,0,,,,,,,,
1474,0,0,0,0,0,0,0,0,0,0,0,0,0,,,,,,,,
1475,0,0,0,0,0,0,0,0,0,0,0,0,0,,,,,,,,
1476,0,0,0,0,0,0,0,0,0,0,0,0,0,,,,,,,,
1477,0,0,0,0,0,0,0,0,0,0,0,0,0,,,,,,,,
1478,0,0,0,0,0,0,0,0,0,0,0,0,0,,,,,,,,
1479,0,0,0,0,0,0,0,0,0,0,0,0,0,,,,,,,,
1480,0,0,0,0,0,0,0,0,0,0,0,0,0,,,,,,,,
1481,0,0,0,0,0,0,0,0,0,0,0,0,0,,,,,,,,
1482,0,0,0,0,0,0,0,0,0,0,0,0,0,,,,,,,,
1483,0,0,0,0,0,0,0,0,0,0,0,0,0,,,,,,,,
1484,0,0,0,0,0,0,0,0,0,0,0,0,0,,,,,,,,
1485,0,0,0,0,0,0,0,0,0,0,0,0,0,,,,,,,,
1486,0,0,0,0,0,0,0,0,0,0,0,0,0,,,,,,,,
1487,0,0,0,0,0,0,0,0,0,0,0,0,0,,,,,,,,
1488,0,0,0,0,0,0,0,0,0,0,0,0,0,,,,,,,,
1489,0,0,0,0,0,0,0,0,0,0,0,0,0,,,,,,,,
1490,0,0,0,0,0,0,0,0,0,0,0,0,0,,,,,,,,
1491,0,0,0,0,0,0,0,0,0,0,0,0,0,,,,,,,,
1492,0,0,0,0,0,0,0,0,0,0,0,0,0,,,,,,,,
1493,0,0,0,0,0,0,0,0,0,0,0,0,0,,,,,,,,
1494,0,0,0,0,0,0,0,0,0,0,0,0,0,,,,,,,,
1495,0,0,0,0,0,0,0,0,0,0,0,0,0,,,,,,,,
1496,0,0,0,0,0,0,0,0,0,0,0,0,0,,,,,,,,
1497,0,0,0,0,0,0,0,0,0,0,0,0,0,,,,,,,,
1498,0,0,0,0,0,0,0,0,0,0,0,0,0,,,,,,,,
1499,0,0,0,0,0,0,0,0,0,0,0,0,0,,,,,,,,
1500,0,0,0,0,0,0,0,0,0,0,0,0,0,,,,,,,,
1501,0,0,0,0,0,0,0,0,0,0,0,0,0,,,,,,,,
1502,0,0,0,0,0,0,0,0,0,0,0,0,0,,,,,,,,
1503,0,0,0,0,0,0,0,0,0,0,0,0,0,,,,,,,,
1504,0,0,0,0,0,0,0,0,0,0,0,0,0,,,,,,,,
1505,0,0,0,0,0,0,0,0,0,0,0,0,0,,,,,,,,
1506,0,0,0,0,0,0,0,0,0,0,0,0,0,,,,,,,,
1507,0,0,0,0,0,0,0,0,0,0,0,0,0,,,,,,,,
1508,0,0,0,0,0,0,0,0,0,0,0,0,0,,,,,,,,
1509,0,0,0,0,0,0,0,0,0,0,0,0,0,,,,,,,,
1510,0,0,0,0,0,0,0,0,0,0,0,0,0,,,,,,,,
1511,0,0,0,0,0,0,0,0,0,0,0,0,0,,,,,,,,
1512,0,0,0,0,0,0,0,0,0,0,0,0,0,,,,,,,,
1513,0,0,0,0,0,0,0,0,0,0,0,0,0,,,,,,,,
1514,0,0,0,0,0,0,0,0,0,0,0,0,0,,,,,,,,
1515,0,0,0,0,0,0,0,0,0,0,0,0,0,,,,,,,,
1516,0,0,0,0,0,0,0,0,0,0,0,0,0,,,,,,,,
1517,0,0,0,0,0,0,0,0,0,0,0,0,0,,,,,,,,
1518,0,0,0,0,0,0,0,0,0,0,0,0,0,,,,,,,,
1519,0,0,0,0,0,0,0,0,0,0,0,0,0,,,,,,,,
1520,0,0,0,0,0,0,0,0,0,0,0,0,0,,,,,,,,
1521,0,0,0,0,0,0,0,0,0,0,0,0,0,,,,,,,,
1522,0,0,0,0,0,0,0,0,0,0,0,0,0,,,,,,,,
1523,0,0,0,0,0,0,0,0,0,0,0,0,0,,,,,,,,
1524,0,0,0,0,0,0,0,0,0,0,0,0,0,,,,,,,,
1525,0,0,0,0,0,0,0,0,0,0,0,0,0,,,,,,,,
1526,0,0,0,0,0,0,0,0,0,0,0,0,0,,,,,,,,
1527,0,0,0,0,0,0,0,0,0,0,0,0,0,,,,,,,,
1528,0,0,0,0,0,0,0,0,0,0,0,0,0,,,,,,,,
1529,0,0,0,0,0,0,0,0,0,0,0,0,0,,,,,,,,
1530,0,0,0,0,0,0,0,0,0,0,0,0,0,,,,,,,,
1531,0,0,0,0,0,0,0,0,0,0,0,0,0,,,,,,,,
1532,0,0,0,0,0,0,0,0,0,0,0,0,0,,,,,,,,
1533,0,0,0,0,0,0,0,0,0,0,0,0,0,,,,,,,,
1534,0,0,0,0,0,0,0,0,0,0,0,0,0,,,,,,,,
1535,0,0,0,0,0,0,0,0,0,0,0,0,0,,,,,,,,
1536,0,0,0,0,0,0,0,0,0,0,0,0,0,,,,,,,,
1537,0,0,0,0,0,0,0,0,0,0,0,0,0,,,,,,,,
1538,0,0,0,0,0,0,0,0,0,0,0,3.84667E-06,0,,,,,,,,
1539,0,0,0,0,0,0,0,0,0,0,0,1.12867E-05,0,,,,,,,,
1540,0,0,0,0,0,0,0,0,0,0,0,0.000239393,0,,,,,,,,
1541,0,0,0,0,0,0,0,0,0,0,0,0.000394243,0,,,,,,,,
1542,0,0,0,0,0,0,0,0,0,0,0,0.000755603,0,,,,,,,,
1543,0,0,0,0,0,0,0,0,0,0,0,0.00092813,0,,,,,,,,
1544,0,0,0,0,0,0,0,0,0,0,0,0.001091513,0,,,,,,,,
1545,0,0,0,0,0,0,0,0,0,0,0,0.00130893,0,,,,,,,,
1546,0,0,0,0,0,0,0,0,0,0,0,0.001571387,0,,,,,,,,
1547,0,0,0,0,0,0,0,0,0,0,0,0.001951327,0,,,,,,,,
1548,0,0,0,0,0,0,0,0,0,0,0,0.002359223,0,,,,,,,,
1549,0,0,0,0,0,0,0,0,0,0,0,0.002904723,0,,,,,,,,
1550,0,0,0,0,0,0,0,0,0,0,0,0.003653187,0,,,,,,,,
1551,0,0,0,0,0,0,0,0,0,0,0,0.004628587,0,,,,,,,,
1552,0,0,0,0,0,0,0,0,0,0,0,0.006056633,0,,,,,,,,
1553,0,0,0,0,0,0,0,0,0,0,0,0.00810791,0,,,,,,,,
1554,0,0,0,0,0,0,0,0,0,0,0,0.01104365,0,,,,,,,,
1555,0,0,0,0,0,0,0,0,0,0,0,0.015438047,0,,,,,,,,
1556,0,0,0,0,0,0,0,0,0,0,0,0.02218978,0,,,,,,,,
1557,0,0,0,0,0,0,0,0,0,0,0,0.03198101,0,,,,,,,,
1558,0,0,0,0,0,0,0,0,0,0,0,0.045803383,0,,,,,,,,
1559,0,0,0,0,0,0,0,0,0,0,0,0.06525157,0,,,,,,,,
1560,0,0,0,0,0,0,0,0,0,0,0,0.09239408,0,,,,,,,,
1561,0,0,0,0,0,0,0,0,0,0,0,0.12845571,0,,,,,,,,
1562,0,0,0,0,0,0,0,0,0,0,0,0.17620165,0,,,,,,,,
1563,0,0,0,0,0,0,0,0,0,0,0,0.23656175,0,,,,,,,,
1564,0,0,0,0,0,0,0,0,0,0,0,0.307293587,0,,,,,,,,
1565,0,0,0,0,0,0,0,0,0,0,0,0.389072713,0,,,,,,,,
1566,0,0,0,0,0,0,0,0,0,0,0,0.478152663,0,,,,,,,,
1567,0,0,0,0,0,0,0,0,0,0,0,0.567930633,0,,,,,,,,
1568,0,0,0,0,0,0,0,0,0,0,0,0.653235447,0,,,,,,,,
1569,0,0,0,0,0,0,0,0,0,0,0,0.731255083,0,,,,,,,,
1570,0,0,0,0,0,0,0,0,0,0,0,0.800407987,0,,,,,,,,
1571,0,0,0,0,0,0,0,0,0,0,0,0.85529309,0,,,,,,,,
1572,0,0,0,0,0,0,0,0,0,0,0,0.894487333,0,,,,,,,,
1573,0,0,0,0,0,0,0,0,0,0,0,0.918486553,0,,,,,,,,
1574,0,0,0,0,0,0,0,0,0,0,0,0.930138467,0,,,,,,,,
1575,0,0,0,0,0,0,0,0,0,0,0,0.934647627,0,,,,,,,,
1576,0,0,0,0,0,0,0,0,0,0,0,0.93582346,0,,,,,,,,
1577,0,0,0,0,0,0,0,0,0,0,0,0.936326973,0,,,,,,,,
1578,0,0,0,0,0,0,0,0,0,0,0,0.937935617,0,,,,,,,,
1579,0,0,0,0,0,0,0,0,0,0,0,0.940546157,0,,,,,,,,
1580,0,0,0,0,0,0,0,0,0,0,0,0.943888253,0,,,,,,,,
1581,0,0,0,0,0,0,0,0,0,0,0,0.94782421,0,,,,,,,,
1582,0,0,0,0,0,0,0,0,0,0,0,0.95143866,0,,,,,,,,
1583,0,0,0,0,0,0,0,0,0,0,0,0.95502485,0,,,,,,,,
1584,0,0,0,0,0,0,0,0,0,0,0,0.958402603,0,,,,,,,,
1585,0,0,0,0,0,0,0,0,0,0,0,0.961134147,0,,,,,,,,
1586,0,0,0,0,0,0,0,0,0,0,0,0.963255053,0,,,,,,,,
1587,0,0,0,0,0,0,0,0,0,0,0,0.96528675,0,,,,,,,,
1588,0,0,0,0,0,0,0,0,0,0,0,0.96674184,0,,,,,,,,
1589,0,0,0,0,0,0,0,0,0,0,0,0.967841983,0,,,,,,,,
1590,0,0,0,0,0,0,0,0,0,0,0,0.969051473,0,,,,,,,,
1591,0,0,0,0,0,0,0,0,0,0,0,0.97001486,0,,,,,,,,
1592,0,0,0,0,0,0,0,0,0,0,0,0.970540113,0,,,,,,,,
1593,0,0,0,0,0,0,0,0,0,0,0,0.971211667,0,,,,,,,,
1594,0,0,0,0,0,0,0,0,0,0,0,0.971963163,0,,,,,,,,
1595,0,0,0,0,0,0,0,0,0,0,0,0.972599733,0,,,,,,,,
1596,0,0,0,0,0,0,0,0,0,0,0,0.973621303,0,,,,,,,,
1597,0,0,0,0,0,0,0,0,0,0,0,0.974587663,0,,,,,,,,
1598,0,0,0,0,0,0,0,0,0,0,0,0.975584487,0,,,,,,,,
1599,0,0,0,0,0,0,0,0,0,0,0,0.976837763,0,,,,,,,,
1600,0,0,0,0,0,0,0,0,0,0,0,0.978419947,0,,,,,,,,
1601,0,0,0,0,0,0,0,0,0,0,0,0.979537913,0,,,,,,,,
1602,0,0,0,0,0,0,0,0,0,0,0,0.980588923,0,,,,,,,,
1603,0,0,0,0,0,0,0,0,0,0,0,0.981788337,0,,,,,,,,
1604,0,0,0,0,0,0,0,0,0,0,0,0.982925507,0,,,,,,,,
1605,0,0,0,0,0,0,0,0,0,0,0,0.983906027,0,,,,,,,,
1606,0,0,0,0,0,0,0,0,0,0,0,0.984744163,0,,,,,,,,
1607,0,0,0,0,0,0,0,0,0,0,0,0.98533943,0,,,,,,,,
1608,0,0,0,0,0,0,0,0,0,0,0,0.98542591,0,,,,,,,,
1609,0,0,0,0,0,0,0,0,0,0,0,0.984950197,0,,,,,,,,
1610,0,0,0,0,0,0,0,0,0,0,0,0.98428849,0,,,,,,,,
1611,0,0,0,0,0,0,0,0,0,0,0,0.9829619,0,,,,,,,,
1612,0,0,0,0,0,0,0,0,0,0,0,0.981043813,0,,,,,,,,
1613,0,0,0,0,0,0,0,0,0,0,0,0.979073023,0,,,,,,,,
1614,0,0,0,0,0,0,0,0,0,0,0,0.9775441,0,,,,,,,,
1615,0,0,0,0,0,0,0,0,0,0,0,0.976174907,0,,,,,,,,
1616,0,0,0,0,0,0,0,0,0,0,0,0.975076297,0,,,,,,,,
1617,0,0,0,0,0,0,0,0,0,0,0,0.974723517,0,,,,,,,,
1618,0,0,0,0,0,0,0,0,0,0,0,0.974998503,0,,,,,,,,
1619,0,0,0,0,0,0,0,0,0,0,0,0.975575977,0,,,,,,,,
1620,0,0,0,0,0,0,0,0,0,0,0,0.976639373,0,,,,,,,,
1621,0,0,0,0,0,0,0,0,0,0,0,0.978117513,0,,,,,,,,
1622,0,0,0,0,0,0,0,0,0,0,0,0.9795833,0,,,,,,,,
1623,0,0,0,0,0,0,0,0,0,0,0,0.981062177,0,,,,,,,,
1624,0,0,0,0,0,0,0,0,0,0,0,0.982475207,0,,,,,,,,
1625,0,0,0,0,0,0,0,0,0,0,0,0.983742833,0,,,,,,,,
1626,0,0,0,0,0,0,0,0,0,0,0,0.984950153,0,,,,,,,,
1627,0,0,0,0,0,0,0,0,0,0,0,0.98559436,0,,,,,,,,
1628,0,0,0,0,0,0,0,0,0,0,0,0.98585908,0,,,,,,,,
1629,0,0,0,0,0,0,0,0,0,0,0,0.986163877,0,,,,,,,,
1630,0,0,0,0,0,0,0,0,0,0,0,0.986267773,0,,,,,,,,
1631,0,0,0,0,0,0,0,0,0,0,0,0.986069147,0,,,,,,,,
1632,0,0,0,0,0,0,0,0,0,0,0,0.986047753,0,,,,,,,,
1633,0,0,0,0,0,0,0,0,0,0,0,0.986681787,0,,,,,,,,
1634,0,0,0,0,0,0,0,0,0,0,0,0.98742185,0,,,,,,,,
1635,0,0,0,0,0,0,0,0,0,0,0,0.988498783,0,,,,,,,,
1636,0,0,0,0,0,0,0,0,0,0,0,0.990163597,0,,,,,,,,
1637,0,0,0,0,0,0,0,0,0,0,0,0.991819617,0,,,,,,,,
1638,0,0,0,0,0,0,0,0,0,0,0,0.992670087,0,,,,,,,,
1639,0,0,0,0,0,0,0,0,0,0,0,0.992884003,0,,,,,,,,
1640,0,0,0,0,0,0,0,0,0,0,0,0.99173656,0,,,,,,,,
1641,0,0,0,0,0,0,0,0,0,0,0,0.98807447,0,,,,,,,,
1642,0,0,0,0,0,0,0,0,0,0,0,0.982237973,0,,,,,,,,
1643,0,0,0,0,0,0,0,0,0,0,0,0.974606557,0,,,,,,,,
1644,0,0,0,0,0,0,0,0,0,0,0,0.96565579,0,,,,,,,,
1645,0,0,0,0,0,0,0,0,0,0,0,0.955508033,0,,,,,,,,
1646,0,0,0,0,0,0,0,0,0,0,0,0.945873107,0,,,,,,,,
1647,0,0,0,0,0,0,0,0,0,0,0,0.93825856,0,,,,,,,,
1648,0,0,0,0,0,0,0,0,0,0,0,0.93261585,0,,,,,,,,
1649,0,0,0,0,0,0,0,0,0,0,0,0.928432023,0,,,,,,,,
1650,0,0,0,0,0,0,0,0,0,0,0,0.92399139,0,,,,,,,,
1651,0,0,0,0,0,0,0,0,0,0,0,0.916713143,0,,,,,,,,
1652,0,0,0,0,0,0,0,0,0,0,0,0.901159117,0,,,,,,,,
1653,0,0,0,0,0,0,0,0,0,0,0,0.872079,0,,,,,,,,
1654,0,0,0,0,0,0,0,0,0,0,0,0.824917507,0,,,,,,,,
1655,0,0,0,0,0,0,0,0,0,0,0,0.752786493,0,,,,,,,,
1656,0,0,0,0,0,0,0,0,0,0,0,0.658451123,0,,,,,,,,
1657,0,0,0,0,0,0,0,0,0,0,0,0.553326183,0,,,,,,,,
1658,0,0,0,0,0,0,0,0,0,0,0,0.44976848,0,,,,,,,,
1659,0,0,0,0,0,0,0,0,0,0,0,0.35342753,0,,,,,,,,
1660,0,0,0,0,0,0,0,0,0,0,0,0.264968633,0,,,,,,,,
1661,0,0,0,0,0,0,0,0,0,0,0,0.191117267,0,,,,,,,,
1662,0,0,0,0,0,0,0,0,0,0,0,0.134995947,0,,,,,,,,
1663,0,0,0,0,0,0,0,0,0,0,0,0.093936097,0,,,,,,,,
1664,0,0,0,0,0,0,0,0,0,0,0,0.066190393,0,,,,,,,,
1665,0,0,0,0,0,0,0,0,0,0,0,0.047239513,0,,,,,,,,
1666,0,0,0,0,0,0,0,0,0,0,0,0.035184913,0,,,,,,,,
1667,0,0,0,0,0,0,0,0,0,0,0,0.027822503,0,,,,,,,,
1668,0,0,0,0,0,0,0,0,0,0,0,0.023117107,0,,,,,,,,
1669,0,0,0,0,0,0,0,0,0,0,0,0.01971584,0,,,,,,,,
1670,0,0,0,0,0,0,0,0,0,0,0,0.016927367,0,,,,,,,,
1671,0,0,0,0,0,0,0,0,0,0,0,0.014615577,0,,,,,,,,
1672,0,0,0,0,0,0,0,0,0,0,0,0.0124639,0,,,,,,,,
1673,0,0,0,0,0,0,0,0,0,0,0,0.0107091,0,,,,,,,,
1674,0,0,0,0,0,0,0,0,0,0,0,0.009241897,0,,,,,,,,
1675,0,0,0,0,0,0,0,0,0,0,0,0.007955133,0,,,,,,,,
1676,0,0,0,0,0,0,0,0,0,0,0,0.00693169,0,,,,,,,,
1677,0,0,0,0,0,0,0,0,0,0,0,0.004195483,0,,,,,,,,
1678,0,0,0,0,0,0,0,0,0,0,0,0.003239147,0,,,,,,,,
1679,0,0,0,0,0,0,0,0,0,0,0,0.000638943,0,,,,,,,,
1680,0,0,0,0,0,0,0,0,0,0,0,1.13833E-05,0,,,,,,,,
1681,0,0,0,0,0,0,0,0,0,0,0,1.50567E-05,0,,,,,,,,
1682,0,0,0,0,0,0,0,0,0,0,0,4.37667E-06,0,,,,,,,,
1683,0,0,0,0,0,0,0,0,0,0,0,0,0,,,,,,,,
1684,0,0,0,0,0,0,0,0,0,0,0,0,0,,,,,,,,
1685,0,0,0,0,0,0,0,0,0,0,0,0,0,,,,,,,,
1686,0,0,0,0,0,0,0,0,0,0,0,0,0,,,,,,,,
1687,0,0,0,0,0,0,0,0,0,0,0,0,0,,,,,,,,
1688,0,0,0,0,0,0,0,0,0,0,0,0,0,,,,,,,,
1689,0,0,0,0,0,0,0,0,0,0,0,0,0,,,,,,,,
1690,0,0,0,0,0,0,0,0,0,0,0,0,0,,,,,,,,
1691,0,0,0,0,0,0,0,0,0,0,0,0,0,,,,,,,,
1692,0,0,0,0,0,0,0,0,0,0,0,0,0,,,,,,,,
1693,0,0,0,0,0,0,0,0,0,0,0,0,0,,,,,,,,
1694,0,0,0,0,0,0,0,0,0,0,0,0,0,,,,,,,,
1695,0,0,0,0,0,0,0,0,0,0,0,0,0,,,,,,,,
1696,0,0,0,0,0,0,0,0,0,0,0,0,0,,,,,,,,
1697,0,0,0,0,0,0,0,0,0,0,0,0,0,,,,,,,,
1698,0,0,0,0,0,0,0,0,0,0,0,0,0,,,,,,,,
1699,0,0,0,0,0,0,0,0,0,0,0,0,0,,,,,,,,
1700,0,0,0,0,0,0,0,0,0,0,0,0,0,,,,,,,,
1701,0,0,0,0,0,0,0,0,0,0,0,0,0,,,,,,,,
1702,0,0,0,0,0,0,0,0,0,0,0,0,0,,,,,,,,
1703,0,0,0,0,0,0,0,0,0,0,0,0,0,,,,,,,,
1704,0,0,0,0,0,0,0,0,0,0,0,0,0,,,,,,,,
1705,0,0,0,0,0,0,0,0,0,0,0,0,0,,,,,,,,
1706,0,0,0,0,0,0,0,0,0,0,0,0,0,,,,,,,,
1707,0,0,0,0,0,0,0,0,0,0,0,0,0,,,,,,,,
1708,0,0,0,0,0,0,0,0,0,0,0,0,0,,,,,,,,
1709,0,0,0,0,0,0,0,0,0,0,0,0,0,,,,,,,,
1710,0,0,0,0,0,0,0,0,0,0,0,0,0,,,,,,,,
1711,0,0,0,0,0,0,0,0,0,0,0,0,0,,,,,,,,
1712,0,0,0,0,0,0,0,0,0,0,0,0,0,,,,,,,,
1713,0,0,0,0,0,0,0,0,0,0,0,0,0,,,,,,,,
1714,0,0,0,0,0,0,0,0,0,0,0,0,0,,,,,,,,
1715,0,0,0,0,0,0,0,0,0,0,0,0,0,,,,,,,,
1716,0,0,0,0,0,0,0,0,0,0,0,0,0,,,,,,,,
1717,0,0,0,0,0,0,0,0,0,0,0,0,0,,,,,,,,
1718,0,0,0,0,0,0,0,0,0,0,0,0,0,,,,,,,,
1719,0,0,0,0,0,0,0,0,0,0,0,0,0,,,,,,,,
1720,0,0,0,0,0,0,0,0,0,0,0,0,0,,,,,,,,
1721,0,0,0,0,0,0,0,0,0,0,0,0,0,,,,,,,,
1722,0,0,0,0,0,0,0,0,0,0,0,0,0,,,,,,,,
1723,0,0,0,0,0,0,0,0,0,0,0,0,0,,,,,,,,
1724,0,0,0,0,0,0,0,0,0,0,0,0,0,,,,,,,,
1725,0,0,0,0,0,0,0,0,0,0,0,0,0,,,,,,,,
1726,0,0,0,0,0,0,0,0,0,0,0,0,0,,,,,,,,
1727,0,0,0,0,0,0,0,0,0,0,0,0,0,,,,,,,,
1728,0,0,0,0,0,0,0,0,0,0,0,0,0,,,,,,,,
1729,0,0,0,0,0,0,0,0,0,0,0,0,0,,,,,,,,
1730,0,0,0,0,0,0,0,0,0,0,0,0,0,,,,,,,,
1731,0,0,0,0,0,0,0,0,0,0,0,0,0,,,,,,,,
1732,0,0,0,0,0,0,0,0,0,0,0,0,0,,,,,,,,
1733,0,0,0,0,0,0,0,0,0,0,0,0,0,,,,,,,,
1734,0,0,0,0,0,0,0,0,0,0,0,0,0,,,,,,,,
1735,0,0,0,0,0,0,0,0,0,0,0,0,0,,,,,,,,
1736,0,0,0,0,0,0,0,0,0,0,0,0,0,,,,,,,,
1737,0,0,0,0,0,0,0,0,0,0,0,0,0,,,,,,,,
1738,0,0,0,0,0,0,0,0,0,0,0,0,0,,,,,,,,
1739,0,0,0,0,0,0,0,0,0,0,0,0,0,,,,,,,,
1740,0,0,0,0,0,0,0,0,0,0,0,0,0,,,,,,,,
1741,0,0,0,0,0,0,0,0,0,0,0,0,0,,,,,,,,
1742,0,0,0,0,0,0,0,0,0,0,0,0,0,,,,,,,,
1743,0,0,0,0,0,0,0,0,0,0,0,0,0,,,,,,,,
1744,0,0,0,0,0,0,0,0,0,0,0,0,0,,,,,,,,
1745,0,0,0,0,0,0,0,0,0,0,0,0,0,,,,,,,,
1746,0,0,0,0,0,0,0,0,0,0,0,0,0,,,,,,,,
1747,0,0,0,0,0,0,0,0,0,0,0,0,0,,,,,,,,
1748,0,0,0,0,0,0,0,0,0,0,0,0,0,,,,,,,,
1749,0,0,0,0,0,0,0,0,0,0,0,0,0,,,,,,,,
1750,0,0,0,0,0,0,0,0,0,0,0,0,0,,,,,,,,
1751,0,0,0,0,0,0,0,0,0,0,0,0,0,,,,,,,,
1752,0,0,0,0,0,0,0,0,0,0,0,0,0,,,,,,,,
1753,0,0,0,0,0,0,0,0,0,0,0,0,0,,,,,,,,
1754,0,0,0,0,0,0,0,0,0,0,0,0,0,,,,,,,,
1755,0,0,0,0,0,0,0,0,0,0,0,0,0,,,,,,,,
1756,0,0,0,0,0,0,0,0,0,0,0,0,0,,,,,,,,
1757,0,0,0,0,0,0,0,0,0,0,0,0,0,,,,,,,,
1758,0,0,0,0,0,0,0,0,0,0,0,0,0,,,,,,,,
1759,0,0,0,0,0,0,0,0,0,0,0,0,0,,,,,,,,
1760,0,0,0,0,0,0,0,0,0,0,0,0,0,,,,,,,,
1761,0,0,0,0,0,0,0,0,0,0,0,0,0,,,,,,,,
1762,0,0,0,0,0,0,0,0,0,0,0,0,0,,,,,,,,
1763,0,0,0,0,0,0,0,0,0,0,0,0,0,,,,,,,,
1764,0,0,0,0,0,0,0,0,0,0,0,0,0,,,,,,,,
1765,0,0,0,0,0,0,0,0,0,0,0,0,0,,,,,,,,
1766,0,0,0,0,0,0,0,0,0,0,0,0,0,,,,,,,,
1767,0,0,0,0,0,0,0,0,0,0,0,0,0,,,,,,,,
1768,0,0,0,0,0,0,0,0,0,0,0,0,0,,,,,,,,
1769,0,0,0,0,0,0,0,0,0,0,0,0,0,,,,,,,,
1770,0,0,0,0,0,0,0,0,0,0,0,0,0,,,,,,,,
1771,0,0,0,0,0,0,0,0,0,0,0,0,0,,,,,,,,
1772,0,0,0,0,0,0,0,0,0,0,0,0,0,,,,,,,,
1773,0,0,0,0,0,0,0,0,0,0,0,0,0,,,,,,,,
1774,0,0,0,0,0,0,0,0,0,0,0,0,0,,,,,,,,
1775,0,0,0,0,0,0,0,0,0,0,0,0,0,,,,,,,,
1776,0,0,0,0,0,0,0,0,0,0,0,0,0,,,,,,,,
1777,0,0,0,0,0,0,0,0,0,0,0,0,0,,,,,,,,
1778,0,0,0,0,0,0,0,0,0,0,0,0,0,,,,,,,,
1779,0,0,0,0,0,0,0,0,0,0,0,0,0,,,,,,,,
1780,0,0,0,0,0,0,0,0,0,0,0,0,0,,,,,,,,
1781,0,0,0,0,0,0,0,0,0,0,0,0,0,,,,,,,,
1782,0,0,0,0,0,0,0,0,0,0,0,0,0,,,,,,,,
1783,0,0,0,0,0,0,0,0,0,0,0,0,0,,,,,,,,
1784,0,0,0,0,0,0,0,0,0,0,0,0,0,,,,,,,,
1785,0,0,0,0,0,0,0,0,0,0,0,0,0,,,,,,,,
1786,0,0,0,0,0,0,0,0,0,0,0,0,0,,,,,,,,
1787,0,0,0,0,0,0,0,0,0,0,0,0,0,,,,,,,,
1788,0,0,0,0,0,0,0,0,0,0,0,0,0,,,,,,,,
1789,0,0,0,0,0,0,0,0,0,0,0,0,0,,,,,,,,
1790,0,0,0,0,0,0,0,0,0,0,0,0,0,,,,,,,,
1791,0,0,0,0,0,0,0,0,0,0,0,0,0,,,,,,,,
1792,0,0,0,0,0,0,0,0,0,0,0,0,0,,,,,,,,
1793,0,0,0,0,0,0,0,0,0,0,0,0,0,,,,,,,,
1794,0,0,0,0,0,0,0,0,0,0,0,0,0,,,,,,,,
1795,0,0,0,0,0,0,0,0,0,0,0,0,0,,,,,,,,
1796,0,0,0,0,0,0,0,0,0,0,0,0,0,,,,,,,,
1797,0,0,0,0,0,0,0,0,0,0,0,0,0,,,,,,,,
1798,0,0,0,0,0,0,0,0,0,0,0,0,0,,,,,,,,
1799,0,0,0,0,0,0,0,0,0,0,0,0,0,,,,,,,,
1800,0,0,0,0,0,0,0,0,0,0,0,0,0,,,,,,,,
1801,0,0,0,0,0,0,0,0,0,0,0,0,0,,,,,,,,
1802,0,0,0,0,0,0,0,0,0,0,0,0,0,,,,,,,,
1803,0,0,0,0,0,0,0,0,0,0,0,0,0,,,,,,,,
1804,0,0,0,0,0,0,0,0,0,0,0,0,0,,,,,,,,
1805,0,0,0,0,0,0,0,0,0,0,0,0,0,,,,,,,,
1806,0,0,0,0,0,0,0,0,0,0,0,0,0,,,,,,,,
1807,0,0,0,0,0,0,0,0,0,0,0,0,0,,,,,,,,
1808,0,0,0,0,0,0,0,0,0,0,0,0,0,,,,,,,,
1809,0,0,0,0,0,0,0,0,0,0,0,0,0,,,,,,,,
1810,0,0,0,0,0,0,0,0,0,0,0,0,0,,,,,,,,
1811,0,0,0,0,0,0,0,0,0,0,0,0,0,,,,,,,,
1812,0,0,0,0,0,0,0,0,0,0,0,0,0,,,,,,,,
1813,0,0,0,0,0,0,0,0,0,0,0,0,0,,,,,,,,
1814,0,0,0,0,0,0,0,0,0,0,0,0,0,,,,,,,,
1815,0,0,0,0,0,0,0,0,0,0,0,0,0,,,,,,,,
1816,0,0,0,0,0,0,0,0,0,0,0,0,0,,,,,,,,
1817,0,0,0,0,0,0,0,0,0,0,0,0,0,,,,,,,,
1818,0,0,0,0,0,0,0,0,0,0,0,0,0,,,,,,,,
1819,0,0,0,0,0,0,0,0,0,0,0,0,0,,,,,,,,
1820,0,0,0,0,0,0,0,0,0,0,0,0,0,,,,,,,,
1821,0,0,0,0,0,0,0,0,0,0,0,0,0,,,,,,,,
1822,0,0,0,0,0,0,0,0,0,0,0,0,0,,,,,,,,
1823,0,0,0,0,0,0,0,0,0,0,0,0,0,,,,,,,,
1824,0,0,0,0,0,0,0,0,0,0,0,0,0,,,,,,,,
1825,0,0,0,0,0,0,0,0,0,0,0,0,0,,,,,,,,
1826,0,0,0,0,0,0,0,0,0,0,0,0,0,,,,,,,,
1827,0,0,0,0,0,0,0,0,0,0,0,0,0,,,,,,,,
1828,0,0,0,0,0,0,0,0,0,0,0,0,0,,,,,,,,
1829,0,0,0,0,0,0,0,0,0,0,0,0,0,,,,,,,,
1830,0,0,0,0,0,0,0,0,0,0,0,0,0,,,,,,,,
1831,0,0,0,0,0,0,0,0,0,0,0,0,0,,,,,,,,
1832,0,0,0,0,0,0,0,0,0,0,0,0,0,,,,,,,,
1833,0,0,0,0,0,0,0,0,0,0,0,0,0,,,,,,,,
1834,0,0,0,0,0,0,0,0,0,0,0,0,0,,,,,,,,
1835,0,0,0,0,0,0,0,0,0,0,0,0,0,,,,,,,,
1836,0,0,0,0,0,0,0,0,0,0,0,0,0,,,,,,,,
1837,0,0,0,0,0,0,0,0,0,0,0,0,0,,,,,,,,
1838,0,0,0,0,0,0,0,0,0,0,0,0,0,,,,,,,,
1839,0,0,0,0,0,0,0,0,0,0,0,0,0,,,,,,,,
1840,0,0,0,0,0,0,0,0,0,0,0,0,0,,,,,,,,
1841,0,0,0,0,0,0,0,0,0,0,0,0,0,,,,,,,,
1842,0,0,0,0,0,0,0,0,0,0,0,0,0,,,,,,,,
1843,0,0,0,0,0,0,0,0,0,0,0,0,0,,,,,,,,
1844,0,0,0,0,0,0,0,0,0,0,0,0,0,,,,,,,,
1845,0,0,0,0,0,0,0,0,0,0,0,0,0,,,,,,,,
1846,0,0,0,0,0,0,0,0,0,0,0,0,0,,,,,,,,
1847,0,0,0,0,0,0,0,0,0,0,0,0,0,,,,,,,,
1848,0,0,0,0,0,0,0,0,0,0,0,0,0,,,,,,,,
1849,0,0,0,0,0,0,0,0,0,0,0,0,0,,,,,,,,
1850,0,0,0,0,0,0,0,0,0,0,0,0,0,,,,,,,,
1851,0,0,0,0,0,0,0,0,0,0,0,0,0,,,,,,,,
1852,0,0,0,0,0,0,0,0,0,0,0,0,0,,,,,,,,
1853,0,0,0,0,0,0,0,0,0,0,0,0,0,,,,,,,,
1854,0,0,0,0,0,0,0,0,0,0,0,0,0,,,,,,,,
1855,0,0,0,0,0,0,0,0,0,0,0,0,0,,,,,,,,
1856,0,0,0,0,0,0,0,0,0,0,0,0,0,,,,,,,,
1857,0,0,0,0,0,0,0,0,0,0,0,0,0,,,,,,,,
1858,0,0,0,0,0,0,0,0,0,0,0,0,0,,,,,,,,
1859,0,0,0,0,0,0,0,0,0,0,0,0,0,,,,,,,,
1860,0,0,0,0,0,0,0,0,0,0,0,0,0,,,,,,,,
1861,0,0,0,0,0,0,0,0,0,0,0,0,0,,,,,,,,
1862,0,0,0,0,0,0,0,0,0,0,0,0,0,,,,,,,,
1863,0,0,0,0,0,0,0,0,0,0,0,0,0,,,,,,,,
1864,0,0,0,0,0,0,0,0,0,0,0,0,0,,,,,,,,
1865,0,0,0,0,0,0,0,0,0,0,0,0,0,,,,,,,,
1866,0,0,0,0,0,0,0,0,0,0,0,0,0,,,,,,,,
1867,0,0,0,0,0,0,0,0,0,0,0,0,0,,,,,,,,
1868,0,0,0,0,0,0,0,0,0,0,0,0,0,,,,,,,,
1869,0,0,0,0,0,0,0,0,0,0,0,0,0,,,,,,,,
1870,0,0,0,0,0,0,0,0,0,0,0,0,0,,,,,,,,
1871,0,0,0,0,0,0,0,0,0,0,0,0,0,,,,,,,,
1872,0,0,0,0,0,0,0,0,0,0,0,0,0,,,,,,,,
1873,0,0,0,0,0,0,0,0,0,0,0,0,0,,,,,,,,
1874,0,0,0,0,0,0,0,0,0,0,0,0,0,,,,,,,,
1875,0,0,0,0,0,0,0,0,0,0,0,0,0,,,,,,,,
1876,0,0,0,0,0,0,0,0,0,0,0,0,0,,,,,,,,
1877,0,0,0,0,0,0,0,0,0,0,0,0,0,,,,,,,,
1878,0,0,0,0,0,0,0,0,0,0,0,0,0,,,,,,,,
1879,0,0,0,0,0,0,0,0,0,0,0,0,0,,,,,,,,
1880,0,0,0,0,0,0,0,0,0,0,0,0,0,,,,,,,,
1881,0,0,0,0,0,0,0,0,0,0,0,0,0,,,,,,,,
1882,0,0,0,0,0,0,0,0,0,0,0,0,0,,,,,,,,
1883,0,0,0,0,0,0,0,0,0,0,0,0,0,,,,,,,,
1884,0,0,0,0,0,0,0,0,0,0,0,0,0,,,,,,,,
1885,0,0,0,0,0,0,0,0,0,0,0,0,0,,,,,,,,
1886,0,0,0,0,0,0,0,0,0,0,0,0,0,,,,,,,,
1887,0,0,0,0,0,0,0,0,0,0,0,0,0,,,,,,,,
1888,0,0,0,0,0,0,0,0,0,0,0,0,0,,,,,,,,
1889,0,0,0,0,0,0,0,0,0,0,0,0,0,,,,,,,,
1890,0,0,0,0,0,0,0,0,0,0,0,0,0,,,,,,,,
1891,0,0,0,0,0,0,0,0,0,0,0,0,0,,,,,,,,
1892,0,0,0,0,0,0,0,0,0,0,0,0,0,,,,,,,,
1893,0,0,0,0,0,0,0,0,0,0,0,0,0,,,,,,,,
1894,0,0,0,0,0,0,0,0,0,0,0,0,0,,,,,,,,
1895,0,0,0,0,0,0,0,0,0,0,0,0,0,,,,,,,,
1896,0,0,0,0,0,0,0,0,0,0,0,0,0,,,,,,,,
1897,0,0,0,0,0,0,0,0,0,0,0,0,0,,,,,,,,
1898,0,0,0,0,0,0,0,0,0,0,0,0,0,,,,,,,,
1899,0,0,0,0,0,0,0,0,0,0,0,0,0,,,,,,,,
1900,0,0,0,0,0,0,0,0,0,0,0,0,0,,,,,,,,
1901,0,0,0,0,0,0,0,0,0,0,0,0,0,,,,,,,,
1902,0,0,0,0,0,0,0,0,0,0,0,0,0,,,,,,,,
1903,0,0,0,0,0,0,0,0,0,0,0,0,0,,,,,,,,
1904,0,0,0,0,0,0,0,0,0,0,0,0,0,,,,,,,,
1905,0,0,0,0,0,0,0,0,0,0,0,0,0,,,,,,,,
1906,0,0,0,0,0,0,0,0,0,0,0,0,0,,,,,,,,
1907,0,0,0,0,0,0,0,0,0,0,0,0,0,,,,,,,,
1908,0,0,0,0,0,0,0,0,0,0,0,0,0,,,,,,,,
1909,0,0,0,0,0,0,0,0,0,0,0,0,0,,,,,,,,
1910,0,0,0,0,0,0,0,0,0,0,0,0,0,,,,,,,,
1911,0,0,0,0,0,0,0,0,0,0,0,0,0,,,,,,,,
1912,0,0,0,0,0,0,0,0,0,0,0,0,0,,,,,,,,
1913,0,0,0,0,0,0,0,0,0,0,0,0,0,,,,,,,,
1914,0,0,0,0,0,0,0,0,0,0,0,0,0,,,,,,,,
1915,0,0,0,0,0,0,0,0,0,0,0,0,0,,,,,,,,
1916,0,0,0,0,0,0,0,0,0,0,0,0,0,,,,,,,,
1917,0,0,0,0,0,0,0,0,0,0,0,0,0,,,,,,,,
1918,0,0,0,0,0,0,0,0,0,0,0,0,0,,,,,,,,
1919,0,0,0,0,0,0,0,0,0,0,0,0,0,,,,,,,,
1920,0,0,0,0,0,0,0,0,0,0,0,0,0,,,,,,,,
1921,0,0,0,0,0,0,0,0,0,0,0,0,0,,,,,,,,
1922,0,0,0,0,0,0,0,0,0,0,0,0,0,,,,,,,,
1923,0,0,0,0,0,0,0,0,0,0,0,0,0,,,,,,,,
1924,0,0,0,0,0,0,0,0,0,0,0,0,0,,,,,,,,
1925,0,0,0,0,0,0,0,0,0,0,0,0,0,,,,,,,,
1926,0,0,0,0,0,0,0,0,0,0,0,0,0,,,,,,,,
1927,0,0,0,0,0,0,0,0,0,0,0,0,0,,,,,,,,
1928,0,0,0,0,0,0,0,0,0,0,0,0,0,,,,,,,,
1929,0,0,0,0,0,0,0,0,0,0,0,0,0,,,,,,,,
1930,0,0,0,0,0,0,0,0,0,0,0,0,0,,,,,,,,
1931,0,0,0,0,0,0,0,0,0,0,0,0,0,,,,,,,,
1932,0,0,0,0,0,0,0,0,0,0,0,0,0,,,,,,,,
1933,0,0,0,0,0,0,0,0,0,0,0,0,0,,,,,,,,
1934,0,0,0,0,0,0,0,0,0,0,0,0,0,,,,,,,,
1935,0,0,0,0,0,0,0,0,0,0,0,0,0,,,,,,,,
1936,0,0,0,0,0,0,0,0,0,0,0,0,0,,,,,,,,
1937,0,0,0,0,0,0,0,0,0,0,0,0,0,,,,,,,,
1938,0,0,0,0,0,0,0,0,0,0,0,0,0,,,,,,,,
1939,0,0,0,0,0,0,0,0,0,0,0,0,0,,,,,,,,
1940,0,0,0,0,0,0,0,0,0,0,0,0,0,,,,,,,,
1941,0,0,0,0,0,0,0,0,0,0,0,0,0,,,,,,,,
1942,0,0,0,0,0,0,0,0,0,0,0,0,0,,,,,,,,
1943,0,0,0,0,0,0,0,0,0,0,0,0,0,,,,,,,,
1944,0,0,0,0,0,0,0,0,0,0,0,0,0,,,,,,,,
1945,0,0,0,0,0,0,0,0,0,0,0,0,0,,,,,,,,
1946,0,0,0,0,0,0,0,0,0,0,0,0,0,,,,,,,,
1947,0,0,0,0,0,0,0,0,0,0,0,0,0,,,,,,,,
1948,0,0,0,0,0,0,0,0,0,0,0,0,0,,,,,,,,
1949,0,0,0,0,0,0,0,0,0,0,0,0,0,,,,,,,,
1950,0,0,0,0,0,0,0,0,0,0,0,0,0,,,,,,,,
1951,0,0,0,0,0,0,0,0,0,0,0,0,0,,,,,,,,
1952,0,0,0,0,0,0,0,0,0,0,0,0,0,,,,,,,,
1953,0,0,0,0,0,0,0,0,0,0,0,0,0,,,,,,,,
1954,0,0,0,0,0,0,0,0,0,0,0,0,0,,,,,,,,
1955,0,0,0,0,0,0,0,0,0,0,0,0,0,,,,,,,,
1956,0,0,0,0,0,0,0,0,0,0,0,0,0,,,,,,,,
1957,0,0,0,0,0,0,0,0,0,0,0,0,0,,,,,,,,
1958,0,0,0,0,0,0,0,0,0,0,0,0,0,,,,,,,,
1959,0,0,0,0,0,0,0,0,0,0,0,0,0,,,,,,,,
1960,0,0,0,0,0,0,0,0,0,0,0,0,0,,,,,,,,
1961,0,0,0,0,0,0,0,0,0,0,0,0,0,,,,,,,,
1962,0,0,0,0,0,0,0,0,0,0,0,0,0,,,,,,,,
1963,0,0,0,0,0,0,0,0,0,0,0,0,0,,,,,,,,
1964,0,0,0,0,0,0,0,0,0,0,0,0,0,,,,,,,,
1965,0,0,0,0,0,0,0,0,0,0,0,0,0,,,,,,,,
1966,0,0,0,0,0,0,0,0,0,0,0,0,0,,,,,,,,
1967,0,0,0,0,0,0,0,0,0,0,0,0,0,,,,,,,,
1968,0,0,0,0,0,0,0,0,0,0,0,0,0,,,,,,,,
1969,0,0,0,0,0,0,0,0,0,0,0,0,0,,,,,,,,
1970,0,0,0,0,0,0,0,0,0,0,0,0,0,,,,,,,,
1971,0,0,0,0,0,0,0,0,0,0,0,0,0,,,,,,,,
1972,0,0,0,0,0,0,0,0,0,0,0,0,0,,,,,,,,
1973,0,0,0,0,0,0,0,0,0,0,0,0,0,,,,,,,,
1974,0,0,0,0,0,0,0,0,0,0,0,0,0,,,,,,,,
1975,0,0,0,0,0,0,0,0,0,0,0,0,0,,,,,,,,
1976,0,0,0,0,0,0,0,0,0,0,0,0,0,,,,,,,,
1977,0,0,0,0,0,0,0,0,0,0,0,0,0,,,,,,,,
1978,0,0,0,0,0,0,0,0,0,0,0,0,0,,,,,,,,
1979,0,0,0,0,0,0,0,0,0,0,0,0,0,,,,,,,,
1980,0,0,0,0,0,0,0,0,0,0,0,0,0,,,,,,,,
1981,0,0,0,0,0,0,0,0,0,0,0,0,0,,,,,,,,
1982,0,0,0,0,0,0,0,0,0,0,0,0,0,,,,,,,,
1983,0,0,0,0,0,0,0,0,0,0,0,0,0,,,,,,,,
1984,0,0,0,0,0,0,0,0,0,0,0,0,0,,,,,,,,
1985,0,0,0,0,0,0,0,0,0,0,0,0,0,,,,,,,,
1986,0,0,0,0,0,0,0,0,0,0,0,0,0,,,,,,,,
1987,0,0,0,0,0,0,0,0,0,0,0,0,0,,,,,,,,
1988,0,0,0,0,0,0,0,0,0,0,0,0,0,,,,,,,,
1989,0,0,0,0,0,0,0,0,0,0,0,0,0,,,,,,,,
1990,0,0,0,0,0,0,0,0,0,0,0,0,0,,,,,,,,
1991,0,0,0,0,0,0,0,0,0,0,0,0,0,,,,,,,,
1992,0,0,0,0,0,0,0,0,0,0,0,0,0,,,,,,,,
1993,0,0,0,0,0,0,0,0,0,0,0,0,0,,,,,,,,
1994,0,0,0,0,0,0,0,0,0,0,0,0,0,,,,,,,,
1995,0,0,0,0,0,0,0,0,0,0,0,0,0,,,,,,,,
1996,0,0,0,0,0,0,0,0,0,0,0,0,0,,,,,,,,
1997,0,0,0,0,0,0,0,0,0,0,0,0,0,,,,,,,,
1998,0,0,0,0,0,0,0,0,0,0,0,0,0,,,,,,,,
1999,0,0,0,0,0,0,0,0,0,0,0,0,0,,,,,,,,
2000,0,0,0,0,0,0,0,0,0,0,0,0,0,,,,,,,,
2001,0,0,0,0,0,0,0,0,0,0,0,0,0,,,,,,,,
2002,0,0,0,0,0,0,0,0,0,0,0,0,0,,,,,,,,
2003,0,0,0,0,0,0,0,0,0,0,0,0,0,,,,,,,,
2004,0,0,0,0,0,0,0,0,0,0,0,0,0,,,,,,,,
2005,0,0,0,0,0,0,0,0,0,0,0,0,0,,,,,,,,
2006,0,0,0,0,0,0,0,0,0,0,0,0,0,,,,,,,,
2007,0,0,0,0,0,0,0,0,0,0,0,0,0,,,,,,,,
2008,0,0,0,0,0,0,0,0,0,0,0,0,0,,,,,,,,
2009,0,0,0,0,0,0,0,0,0,0,0,0,0,,,,,,,,
2010,0,0,0,0,0,0,0,0,0,0,0,0,0,,,,,,,,
2011,0,0,0,0,0,0,0,0,0,0,0,0,0,,,,,,,,
2012,0,0,0,0,0,0,0,0,0,0,0,0,0,,,,,,,,
2013,0,0,0,0,0,0,0,0,0,0,0,0,0,,,,,,,,
2014,0,0,0,0,0,0,0,0,0,0,0,0,0,,,,,,,,
2015,0,0,0,0,0,0,0,0,0,0,0,0,0,,,,,,,,
2016,0,0,0,0,0,0,0,0,0,0,0,0,0,,,,,,,,
2017,0,0,0,0,0,0,0,0,0,0,0,0,0,,,,,,,,
2018,0,0,0,0,0,0,0,0,0,0,0,0,0,,,,,,,,
2019,0,0,0,0,0,0,0,0,0,0,0,0,0,,,,,,,,
2020,0,0,0,0,0,0,0,0,0,0,0,0,0,,,,,,,,
2021,0,0,0,0,0,0,0,0,0,0,0,0,0,,,,,,,,
2022,0,0,0,0,0,0,0,0,0,0,0,0,0,,,,,,,,
2023,0,0,0,0,0,0,0,0,0,0,0,0,0,,,,,,,,
2024,0,0,0,0,0,0,0,0,0,0,0,0,0,,,,,,,,
2025,0,0,0,0,0,0,0,0,0,0,0,0,0,,,,,,,,
2026,0,0,0,0,0,0,0,0,0,0,0,0,0,,,,,,,,
2027,0,0,0,0,0,0,0,0,0,0,0,0,0,,,,,,,,
2028,0,0,0,0,0,0,0,0,0,0,0,0,0,,,,,,,,
2029,0,0,0,0,0,0,0,0,0,0,0,0,0,,,,,,,,
2030,0,0,0,0,0,0,0,0,0,0,0,0,0,,,,,,,,
2031,0,0,0,0,0,0,0,0,0,0,0,0,0,,,,,,,,
2032,0,0,0,0,0,0,0,0,0,0,0,0,0,,,,,,,,
2033,0,0,0,0,0,0,0,0,0,0,0,0,0,,,,,,,,
2034,0,0,0,0,0,0,0,0,0,0,0,0,0,,,,,,,,
2035,0,0,0,0,0,0,0,0,0,0,0,0,0,,,,,,,,
2036,0,0,0,0,0,0,0,0,0,0,0,0,0,,,,,,,,
2037,0,0,0,0,0,0,0,0,0,0,0,0,0,,,,,,,,
2038,0,0,0,0,0,0,0,0,0,0,0,0,0,,,,,,,,
2039,0,0,0,0,0,0,0,0,0,0,0,0,0,,,,,,,,
2040,0,0,0,0,0,0,0,0,0,0,0,0,0,,,,,,,,
2041,0,0,0,0,0,0,0,0,0,0,0,0,0,,,,,,,,
2042,0,0,0,0,0,0,0,0,0,0,0,0,0,,,,,,,,
2043,0,0,0,0,0,0,0,0,0,0,0,0,0,,,,,,,,
2044,0,0,0,0,0,0,0,0,0,0,0,0,0,,,,,,,,
2045,0,0,0,0,0,0,0,0,0,0,0,0,0,,,,,,,,
2046,0,0,0,0,0,0,0,0,0,0,0,0,0,,,,,,,,
2047,0,0,0,0,0,0,0,0,0,0,0,0,0,,,,,,,,
2048,0,0,0,0,0,0,0,0,0,0,0,0,0,,,,,,,,
2049,0,0,0,0,0,0,0,0,0,0,0,0,0,,,,,,,,
2050,0,0,0,0,0,0,0,0,0,0,0,0,0,,,,,,,,
2051,0,0,0,0,0,0,0,0,0,0,0,0,0,,,,,,,,
2052,0,0,0,0,0,0,0,0,0,0,0,0,0,,,,,,,,
2053,0,0,0,0,0,0,0,0,0,0,0,0,0,,,,,,,,
2054,0,0,0,0,0,0,0,0,0,0,0,0,0,,,,,,,,
2055,0,0,0,0,0,0,0,0,0,0,0,0,0,,,,,,,,
2056,0,0,0,0,0,0,0,0,0,0,0,0,0,,,,,,,,
2057,0,0,0,0,0,0,0,0,0,0,0,0,0,,,,,,,,
2058,0,0,0,0,0,0,0,0,0,0,0,0,0,,,,,,,,
2059,0,0,0,0,0,0,0,0,0,0,0,0,0,,,,,,,,
2060,0,0,0,0,0,0,0,0,0,0,0,0,0,,,,,,,,
2061,0,0,0,0,0,0,0,0,0,0,0,0,0,,,,,,,,
2062,0,0,0,0,0,0,0,0,0,0,0,0,0,,,,,,,,
2063,0,0,0,0,0,0,0,0,0,0,0,0,0,,,,,,,,
2064,0,0,0,0,0,0,0,0,0,0,0,0,0,,,,,,,,
2065,0,0,0,0,0,0,0,0,0,0,0,0,0.00007463,,,,,,,,
2066,0,0,0,0,0,0,0,0,0,0,0,0,0.001883813,,,,,,,,
2067,0,0,0,0,0,0,0,0,0,0,0,0,0.00219191,,,,,,,,
2068,0,0,0,0,0,0,0,0,0,0,0,0,0.008618397,,,,,,,,
2069,0,0,0,0,0,0,0,0,0,0,0,0,0.009151557,,,,,,,,
2070,0,0,0,0,0,0,0,0,0,0,0,0,0.017368657,,,,,,,,
2071,0,0,0,0,0,0,0,0,0,0,0,0,0.019244537,,,,,,,,
2072,0,0,0,0,0,0,0,0,0,0,0,0,0.019719963,,,,,,,,
2073,0,0,0,0,0,0,0,0,0,0,0,0,0.02030557,,,,,,,,
2074,0,0,0,0,0,0,0,0,0,0,0,0,0.02110118,,,,,,,,
2075,0,0,0,0,0,0,0,0,0,0,0,0,0.02208129,,,,,,,,
2076,0,0,0,0,0,0,0,0,0,0,0,0,0.023265687,,,,,,,,
2077,0,0,0,0,0,0,0,0,0,0,0,0,0.024785753,,,,,,,,
2078,0,0,0,0,0,0,0,0,0,0,0,0,0.026854967,,,,,,,,
2079,0,0,0,0,0,0,0,0,0,0,0,0,0.029160527,,,,,,,,
2080,0,0,0,0,0,0,0,0,0,0,0,0,0.03253985,,,,,,,,
2081,0,0,0,0,0,0,0,0,0,0,0,0,0.036454127,,,,,,,,
2082,0,0,0,0,0,0,0,0,0,0,0,0,0.04166819,,,,,,,,
2083,0,0,0,0,0,0,0,0,0,0,0,0,0.047557793,,,,,,,,
2084,0,0,0,0,0,0,0,0,0,0,0,0,0.054911573,,,,,,,,
2085,0,0,0,0,0,0,0,0,0,0,0,0,0.064138493,,,,,,,,
2086,0,0,0,0,0,0,0,0,0,0,0,0,0.07553938,,,,,,,,
2087,0,0,0,0,0,0,0,0,0,0,0,0,0.08936296,,,,,,,,
2088,0,0,0,0,0,0,0,0,0,0,0,0,0.105902993,,,,,,,,
2089,0,0,0,0,0,0,0,0,0,0,0,0,0.125129597,,,,,,,,
2090,0,0,0,0,0,0,0,0,0,0,0,0,0.147595687,,,,,,,,
2091,0,0,0,0,0,0,0,0,0,0,0,0,0.173935507,,,,,,,,
2092,0,0,0,0,0,0,0,0,0,0,0,0,0.20311252,,,,,,,,
2093,0,0,0,0,0,0,0,0,0,0,0,0,0.2353992,,,,,,,,
2094,0,0,0,0,0,0,0,0,0,0,0,0,0.270725797,,,,,,,,
2095,0,0,0,0,0,0,0,0,0,0,0,0,0.307243077,,,,,,,,
2096,0,0,0,0,0,0,0,0,0,0,0,0,0.343647703,,,,,,,,
2097,0,0,0,0,0,0,0,0,0,0,0,0,0.37902108,,,,,,,,
2098,0,0,0,0,0,0,0,0,0,0,0,0,0.41272392,,,,,,,,
2099,0,0,0,0,0,0,0,0,0,0,0,0,0.444678607,,,,,,,,
2100,0,0,0,0,0,0,0,0,0,0,0,0,0.475489327,,,,,,,,
2101,0,0,0,0,0,0,0,0,0,0,0,0,0.506308257,,,,,,,,
2102,0,0,0,0,0,0,0,0,0,0,0,0,0.5364052,,,,,,,,
2103,0,0,0,0,0,0,0,0,0,0,0,0,0.566311737,,,,,,,,
2104,0,0,0,0,0,0,0,0,0,0,0,0,0.596351887,,,,,,,,
2105,0,0,0,0,0,0,0,0,0,0,0,0,0.625361103,,,,,,,,
2106,0,0,0,0,0,0,0,0,0,0,0,0,0.65281129,,,,,,,,
2107,0,0,0,0,0,0,0,0,0,0,0,0,0.678320237,,,,,,,,
2108,0,0,0,0,0,0,0,0,0,0,0,0,0.701266963,,,,,,,,
2109,0,0,0,0,0,0,0,0,0,0,0,0,0.721881507,,,,,,,,
2110,0,0,0,0,0,0,0,0,0,0,0,0,0.740370217,,,,,,,,
2111,0,0,0,0,0,0,0,0,0,0,0,0,0.757615167,,,,,,,,
2112,0,0,0,0,0,0,0,0,0,0,0,0,0.772423543,,,,,,,,
2113,0,0,0,0,0,0,0,0,0,0,0,0,0.784817157,,,,,,,,
2114,0,0,0,0,0,0,0,0,0,0,0,0,0.795404203,,,,,,,,
2115,0,0,0,0,0,0,0,0,0,0,0,0,0.804403843,,,,,,,,
2116,0,0,0,0,0,0,0,0,0,0,0,0,0.81179199,,,,,,,,
2117,0,0,0,0,0,0,0,0,0,0,0,0,0.818023897,,,,,,,,
2118,0,0,0,0,0,0,0,0,0,0,0,0,0.823632637,,,,,,,,
2119,0,0,0,0,0,0,0,0,0,0,0,0,0.828619833,,,,,,,,
2120,0,0,0,0,0,0,0,0,0,0,0,0,0.83363645,,,,,,,,
2121,0,0,0,0,0,0,0,0,0,0,0,0,0.837963023,,,,,,,,
2122,0,0,0,0,0,0,0,0,0,0,0,0,0.84220878,,,,,,,,
2123,0,0,0,0,0,0,0,0,0,0,0,0,0.846715187,,,,,,,,
2124,0,0,0,0,0,0,0,0,0,0,0,0,0.85129321,,,,,,,,
2125,0,0,0,0,0,0,0,0,0,0,0,0,0.855858663,,,,,,,,
2126,0,0,0,0,0,0,0,0,0,0,0,0,0.860737947,,,,,,,,
2127,0,0,0,0,0,0,0,0,0,0,0,0,0.865547693,,,,,,,,
2128,0,0,0,0,0,0,0,0,0,0,0,0,0.870231793,,,,,,,,
2129,0,0,0,0,0,0,0,0,0,0,0,0,0.87465682,,,,,,,,
2130,0,0,0,0,0,0,0,0,0,0,0,0,0.878842403,,,,,,,,
2131,0,0,0,0,0,0,0,0,0,0,0,0,0.884476027,,,,,,,,
2132,0,0,0,0,0,0,0,0,0,0,0,0,0.889830633,,,,,,,,
2133,0,0,0,0,0,0,0,0,0,0,0,0,0.8950114,,,,,,,,
2134,0,0,0,0,0,0,0,0,0,0,0,0,0.900109613,,,,,,,,
2135,0,0,0,0,0,0,0,0,0,0,0,0,0.904907257,,,,,,,,
2136,0,0,0,0,0,0,0,0,0,0,0,0,0.909439543,,,,,,,,
2137,0,0,0,0,0,0,0,0,0,0,0,0,0.913752897,,,,,,,,
2138,0,0,0,0,0,0,0,0,0,0,0,0,0.917945563,,,,,,,,
2139,0,0,0,0,0,0,0,0,0,0,0,0,0.92207337,,,,,,,,
2140,0,0,0,0,0,0,0,0,0,0,0,0,0.9257475,,,,,,,,
2141,0,0,0,0,0,0,0,0,0,0,0,0,0.92772702,,,,,,,,
2142,0,0,0,0,0,0,0,0,0,0,0,0,0.92934744,,,,,,,,
2143,0,0,0,0,0,0,0,0,0,0,0,0,0.930723173,,,,,,,,
2144,0,0,0,0,0,0,0,0,0,0,0,0,0.931675443,,,,,,,,
2145,0,0,0,0,0,0,0,0,0,0,0,0,0.93206243,,,,,,,,
2146,0,0,0,0,0,0,0,0,0,0,0,0,0.932111487,,,,,,,,
2147,0,0,0,0,0,0,0,0,0,0,0,0,0.931971373,,,,,,,,
2148,0,0,0,0,0,0,0,0,0,0,0,0,0.93171443,,,,,,,,
2149,0,0,0,0,0,0,0,0,0,0,0,0,0.93150668,,,,,,,,
2150,0,0,0,0,0,0,0,0,0,0,0,0,0.931516453,,,,,,,,
2151,0,0,0,0,0,0,0,0,0,0,0,0,0.932549233,,,,,,,,
2152,0,0,0,0,0,0,0,0,0,0,0,0,0.93363655,,,,,,,,
2153,0,0,0,0,0,0,0,0,0,0,0,0,0.93490563,,,,,,,,
2154,0,0,0,0,0,0,0,0,0,0,0,0,0.93647666,,,,,,,,
2155,0,0,0,0,0,0,0,0,0,0,0,0,0.938493253,,,,,,,,
2156,0,0,0,0,0,0,0,0,0,0,0,0,0.941088207,,,,,,,,
2157,0,0,0,0,0,0,0,0,0,0,0,0,0.944013543,,,,,,,,
2158,0,0,0,0,0,0,0,0,0,0,0,0,0.947182833,,,,,,,,
2159,0,0,0,0,0,0,0,0,0,0,0,0,0.950533503,,,,,,,,
2160,0,0,0,0,0,0,0,0,0,0,0,0,0.953767,,,,,,,,
2161,0,0,0,0,0,0,0,0,0,0,0,0,0.95551455,,,,,,,,
2162,0,0,0,0,0,0,0,0,0,0,0,0,0.956174327,,,,,,,,
2163,0,0,0,0,0,0,0,0,0,0,0,0,0.95517094,,,,,,,,
2164,0,0,0,0,0,0,0,0,0,0,0,0,0.951706003,,,,,,,,
2165,0,0,0,0,0,0,0,0,0,0,0,0,0.945942157,,,,,,,,
2166,0,0,0,0,0,0,0,0,0,0,0,0,0.938806643,,,,,,,,
2167,0,0,0,0,0,0,0,0,0,0,0,0,0.931913967,,,,,,,,
2168,0,0,0,0,0,0,0,0,0,0,0,0,0.92630968,,,,,,,,
2169,0,0,0,0,0,0,0,0,0,0,0,0,0.922136843,,,,,,,,
2170,0,0,0,0,0,0,0,0,0,0,0,0,0.91904981,,,,,,,,
2171,0,0,0,0,0,0,0,0,0,0,0,0,0.918249163,,,,,,,,
2172,0,0,0,0,0,0,0,0,0,0,0,0,0.917818,,,,,,,,
2173,0,0,0,0,0,0,0,0,0,0,0,0,0.917598093,,,,,,,,
2174,0,0,0,0,0,0,0,0,0,0,0,0,0.91736378,,,,,,,,
2175,0,0,0,0,0,0,0,0,0,0,0,0,0.917351243,,,,,,,,
2176,0,0,0,0,0,0,0,0,0,0,0,0,0.917445247,,,,,,,,
2177,0,0,0,0,0,0,0,0,0,0,0,0,0.91768673,,,,,,,,
2178,0,0,0,0,0,0,0,0,0,0,0,0,0.917875453,,,,,,,,
2179,0,0,0,0,0,0,0,0,0,0,0,0,0.918121157,,,,,,,,
2180,0,0,0,0,0,0,0,0,0,0,0,0,0.918191723,,,,,,,,
2181,0,0,0,0,0,0,0,0,0,0,0,0,0.919064613,,,,,,,,
2182,0,0,0,0,0,0,0,0,0,0,0,0,0.919835663,,,,,,,,
2183,0,0,0,0,0,0,0,0,0,0,0,0,0.920290973,,,,,,,,
2184,0,0,0,0,0,0,0,0,0,0,0,0,0.920407973,,,,,,,,
2185,0,0,0,0,0,0,0,0,0,0,0,0,0.920240043,,,,,,,,
2186,0,0,0,0,0,0,0,0,0,0,0,0,0.91970375,,,,,,,,
2187,0,0,0,0,0,0,0,0,0,0,0,0,0.91874874,,,,,,,,
2188,0,0,0,0,0,0,0,0,0,0,0,0,0.9175629,,,,,,,,
2189,0,0,0,0,0,0,0,0,0,0,0,0,0.91620087,,,,,,,,
2190,0,0,0,0,0,0,0,0,0,0,0,0,0.914229653,,,,,,,,
2191,0,0,0,0,0,0,0,0,0,0,0,0,0.91499229,,,,,,,,
2192,0,0,0,0,0,0,0,0,0,0,0,0,0.915182013,,,,,,,,
2193,0,0,0,0,0,0,0,0,0,0,0,0,0.91457876,,,,,,,,
2194,0,0,0,0,0,0,0,0,0,0,0,0,0.913110837,,,,,,,,
2195,0,0,0,0,0,0,0,0,0,0,0,0,0.911042537,,,,,,,,
2196,0,0,0,0,0,0,0,0,0,0,0,0,0.908605817,,,,,,,,
2197,0,0,0,0,0,0,0,0,0,0,0,0,0.905757157,,,,,,,,
2198,0,0,0,0,0,0,0,0,0,0,0,0,0.903041817,,,,,,,,
2199,0,0,0,0,0,0,0,0,0,0,0,0,0.90062978,,,,,,,,
2200,0,0,0,0,0,0,0,0,0,0,0,0,0.898127893,,,,,,,,
2201,0,0,0,0,0,0,0,0,0,0,0,0,0.893966397,,,,,,,,
2202,0,0,0,0,0,0,0,0,0,0,0,0,0.890369583,,,,,,,,
2203,0,0,0,0,0,0,0,0,0,0,0,0,0.8873868,,,,,,,,
2204,0,0,0,0,0,0,0,0,0,0,0,0,0.885033953,,,,,,,,
2205,0,0,0,0,0,0,0,0,0,0,0,0,0.884064613,,,,,,,,
2206,0,0,0,0,0,0,0,0,0,0,0,0,0.88457807,,,,,,,,
2207,0,0,0,0,0,0,0,0,0,0,0,0,0.88672155,,,,,,,,
2208,0,0,0,0,0,0,0,0,0,0,0,0,0.89053927,,,,,,,,
2209,0,0,0,0,0,0,0,0,0,0,0,0,0.896070007,,,,,,,,
2210,0,0,0,0,0,0,0,0,0,0,0,0,0.90291572,,,,,,,,
2211,0,0,0,0,0,0,0,0,0,0,0,0,0.903067537,,,,,,,,
2212,0,0,0,0,0,0,0,0,0,0,0,0,0.90437284,,,,,,,,
2213,0,0,0,0,0,0,0,0,0,0,0,0,0.906829327,,,,,,,,
2214,0,0,0,0,0,0,0,0,0,0,0,0,0.910288567,,,,,,,,
2215,0,0,0,0,0,0,0,0,0,0,0,0,0.91474225,,,,,,,,
2216,0,0,0,0,0,0,0,0,0,0,0,0,0.919695697,,,,,,,,
2217,0,0,0,0,0,0,0,0,0,0,0,0,0.925239817,,,,,,,,
2218,0,0,0,0,0,0,0,0,0,0,0,0,0.931141373,,,,,,,,
2219,0,0,0,0,0,0,0,0,0,0,0,0,0.937267447,,,,,,,,
2220,0,0,0,0,0,0,0,0,0,0,0,0,0.94315144,,,,,,,,
2221,0,0,0,0,0,0,0,0,0,0,0,0,0.945583337,,,,,,,,
2222,0,0,0,0,0,0,0,0,0,0,0,0,0.947619133,,,,,,,,
2223,0,0,0,0,0,0,0,0,0,0,0,0,0.94947503,,,,,,,,
2224,0,0,0,0,0,0,0,0,0,0,0,0,0.951215717,,,,,,,,
2225,0,0,0,0,0,0,0,0,0,0,0,0,0.952972517,,,,,,,,
2226,0,0,0,0,0,0,0,0,0,0,0,0,0.954465027,,,,,,,,
2227,0,0,0,0,0,0,0,0,0,0,0,0,0.95534704,,,,,,,,
2228,0,0,0,0,0,0,0,0,0,0,0,0,0.956033177,,,,,,,,
2229,0,0,0,0,0,0,0,0,0,0,0,0,0.95637122,,,,,,,,
2230,0,0,0,0,0,0,0,0,0,0,0,0,0.956284587,,,,,,,,
2231,0,0,0,0,0,0,0,0,0,0,0,0,0.956354987,,,,,,,,
2232,0,0,0,0,0,0,0,0,0,0,0,0,0.956261917,,,,,,,,
2233,0,0,0,0,0,0,0,0,0,0,0,0,0.95604855,,,,,,,,
2234,0,0,0,0,0,0,0,0,0,0,0,0,0.95564349,,,,,,,,
2235,0,0,0,0,0,0,0,0,0,0,0,0,0.95515933,,,,,,,,
2236,0,0,0,0,0,0,0,0,0,0,0,0,0.954603567,,,,,,,,
2237,0,0,0,0,0,0,0,0,0,0,0,0,0.954141603,,,,,,,,
2238,0,0,0,0,0,0,0,0,0,0,0,0,0.95390925,,,,,,,,
2239,0,0,0,0,0,0,0,0,0,0,0,0,0.953837867,,,,,,,,
2240,0,0,0,0,0,0,0,0,0,0,0,0,0.953987163,,,,,,,,
2241,0,0,0,0,0,0,0,0,0,0,0,0,0.95504993,,,,,,,,
2242,0,0,0,0,0,0,0,0,0,0,0,0,0.95617204,,,,,,,,
2243,0,0,0,0,0,0,0,0,0,0,0,0,0.957632543,,,,,,,,
2244,0,0,0,0,0,0,0,0,0,0,0,0,0.959524647,,,,,,,,
2245,0,0,0,0,0,0,0,0,0,0,0,0,0.961369027,,,,,,,,
2246,0,0,0,0,0,0,0,0,0,0,0,0,0.96345198,,,,,,,,
2247,0,0,0,0,0,0,0,0,0,0,0,0,0.965549067,,,,,,,,
2248,0,0,0,0,0,0,0,0,0,0,0,0,0.967555527,,,,,,,,
2249,0,0,0,0,0,0,0,0,0,0,0,0,0.96967594,,,,,,,,
2250,0,0,0,0,0,0,0,0,0,0,0,0,0.97189954,,,,,,,,
2251,0,0,0,0,0,0,0,0,0,0,0,0,0.97362969,,,,,,,,
2252,0,0,0,0,0,0,0,0,0,0,0,0,0.975457837,,,,,,,,
2253,0,0,0,0,0,0,0,0,0,0,0,0,0.97726206,,,,,,,,
2254,0,0,0,0,0,0,0,0,0,0,0,0,0.978766177,,,,,,,,
2255,0,0,0,0,0,0,0,0,0,0,0,0,0.980010803,,,,,,,,
2256,0,0,0,0,0,0,0,0,0,0,0,0,0.981123367,,,,,,,,
2257,0,0,0,0,0,0,0,0,0,0,0,0,0.981570513,,,,,,,,
2258,0,0,0,0,0,0,0,0,0,0,0,0,0.981964127,,,,,,,,
2259,0,0,0,0,0,0,0,0,0,0,0,0,0.982005693,,,,,,,,
2260,0,0,0,0,0,0,0,0,0,0,0,0,0.981350907,,,,,,,,
2261,0,0,0,0,0,0,0,0,0,0,0,0,0.979753467,,,,,,,,
2262,0,0,0,0,0,0,0,0,0,0,0,0,0.977292523,,,,,,,,
2263,0,0,0,0,0,0,0,0,0,0,0,0,0.97375209,,,,,,,,
2264,0,0,0,0,0,0,0,0,0,0,0,0,0.968863627,,,,,,,,
2265,0,0,0,0,0,0,0,0,0,0,0,0,0.962638747,,,,,,,,
2266,0,0,0,0,0,0,0,0,0,0,0,0,0.954954783,,,,,,,,
2267,0,0,0,0,0,0,0,0,0,0,0,0,0.945485113,,,,,,,,
2268,0,0,0,0,0,0,0,0,0,0,0,0,0.934383753,,,,,,,,
2269,0,0,0,0,0,0,0,0,0,0,0,0,0.921367237,,,,,,,,
2270,0,0,0,0,0,0,0,0,0,0,0,0,0.905695887,,,,,,,,
2271,0,0,0,0,0,0,0,0,0,0,0,0,0.8866988,,,,,,,,
2272,0,0,0,0,0,0,0,0,0,0,0,0,0.865392177,,,,,,,,
2273,0,0,0,0,0,0,0,0,0,0,0,0,0.840780597,,,,,,,,
2274,0,0,0,0,0,0,0,0,0,0,0,0,0.812540433,,,,,,,,
2275,0,0,0,0,0,0,0,0,0,0,0,0,0.781893967,,,,,,,,
2276,0,0,0,0,0,0,0,0,0,0,0,0,0.749170603,,,,,,,,
2277,0,0,0,0,0,0,0,0,0,0,0,0,0.713958803,,,,,,,,
2278,0,0,0,0,0,0,0,0,0,0,0,0,0.677495727,,,,,,,,
2279,0,0,0,0,0,0,0,0,0,0,0,0,0.639943517,,,,,,,,
2280,0,0,0,0,0,0,0,0,0,0,0,0,0.59916914,,,,,,,,
2281,0,0,0,0,0,0,0,0,0,0,0,0,0.555394377,,,,,,,,
2282,0,0,0,0,0,0,0,0,0,0,0,0,0.511413407,,,,,,,,
2283,0,0,0,0,0,0,0,0,0,0,0,0,0.46626119,,,,,,,,
2284,0,0,0,0,0,0,0,0,0,0,0,0,0.420742343,,,,,,,,
2285,0,0,0,0,0,0,0,0,0,0,0,0,0.377124303,,,,,,,,
2286,0,0,0,0,0,0,0,0,0,0,0,0,0.336494267,,,,,,,,
2287,0,0,0,0,0,0,0,0,0,0,0,0,0.298452883,,,,,,,,
2288,0,0,0,0,0,0,0,0,0,0,0,0,0.263909867,,,,,,,,
2289,0,0,0,0,0,0,0,0,0,0,0,0,0.233028277,,,,,,,,
2290,0,0,0,0,0,0,0,0,0,0,0,0,0.203797957,,,,,,,,
2291,0,0,0,0,0,0,0,0,0,0,0,0,0.17710039,,,,,,,,
2292,0,0,0,0,0,0,0,0,0,0,0,0,0.153709297,,,,,,,,
2293,0,0,0,0,0,0,0,0,0,0,0,0,0.132519347,,,,,,,,
2294,0,0,0,0,0,0,0,0,0,0,0,0,0.113748377,,,,,,,,
2295,0,0,0,0,0,0,0,0,0,0,0,0,0.09780373,,,,,,,,
2296,0,0,0,0,0,0,0,0,0,0,0,0,0.084407117,,,,,,,,
2297,0,0,0,0,0,0,0,0,0,0,0,0,0.072908777,,,,,,,,
2298,0,0,0,0,0,0,0,0,0,0,0,0,0.06327601,,,,,,,,
2299,0,0,0,0,0,0,0,0,0,0,0,0,0.054660173,,,,,,,,
2300,0,0,0,0,0,0,0,0,0,0,0,0,0.046555517,,,,,,,,
2301,0,0,0,0,0,0,0,0,0,0,0,0,0.039381243,,,,,,,,
2302,0,0,0,0,0,0,0,0,0,0,0,0,0.033587263,,,,,,,,
2303,0,0,0,0,0,0,0,0,0,0,0,0,0.02851683,,,,,,,,
2304,0,0,0,0,0,0,0,0,0,0,0,0,0.024837647,,,,,,,,
2305,0,0,0,0,0,0,0,0,0,0,0,0,0.02211269,,,,,,,,
2306,0,0,0,0,0,0,0,0,0,0,0,0,0.019900753,,,,,,,,
2307,0,0,0,0,0,0,0,0,0,0,0,0,0.01800841,,,,,,,,
2308,0,0,0,0,0,0,0,0,0,0,0,0,0.016463587,,,,,,,,
2309,0,0,0,0,0,0,0,0,0,0,0,0,0.01464959,,,,,,,,
2310,0,0,0,0,0,0,0,0,0,0,0,0,0.01355277,,,,,,,,
2311,0,0,0,0,0,0,0,0,0,0,0,0,0.011689667,,,,,,,,
2312,0,0,0,0,0,0,0,0,0,0,0,0,0.008546393,,,,,,,,
2313,0,0,0,0,0,0,0,0,0,0,0,0,0.00722247,,,,,,,,
2314,0,0,0,0,0,0,0,0,0,0,0,0,0.0063819,,,,,,,,
2315,0,0,0,0,0,0,0,0,0,0,0,0,0.005440463,,,,,,,,
2316,0,0,0,0,0,0,0,0,0,0,0,0,0.003661233,,,,,,,,
2317,0,0,0,0,0,0,0,0,0,0,0,0,0.00245344,,,,,,,,
2318,0,0,0,0,0,0,0,0,0,0,0,0,0.002163537,,,,,,,,
2319,0,0,0,0,0,0,0,0,0,0,0,0,0.001565787,,,,,,,,
2320,0,0,0,0,0,0,0,0,0,0,0,0,0.000686247,,,,,,,,
2321,0,0,0,0,0,0,0,0,0,0,0,0,0,,,,,,,,
2322,0,0,0,0,0,0,0,0,0,0,0,0,0,,,,,,,,
2323,0,0,0,0,0,0,0,0,0,0,0,0,0,,,,,,,,
2324,0,0,0,0,0,0,0,0,0,0,0,0,0,,,,,,,,
2325,0,0,0,0,0,0,0,0,0,0,0,0,0,,,,,,,,
2326,0,0,0,0,0,0,0,0,0,0,0,0,0,,,,,,,,
2327,0,0,0,0,0,0,0,0,0,0,0,0,0,,,,,,,,
2328,0,0,0,0,0,0,0,0,0,0,0,0,0,,,,,,,,
2329,0,0,0,0,0,0,0,0,0,0,0,0,0,,,,,,,,
2330,0,0,0,0,0,0,0,0,0,0,0,0,0,,,,,,,,
2331,0,0,0,0,0,0,0,0,0,0,0,0,0,,,,,,,,
2332,0,0,0,0,0,0,0,0,0,0,0,0,0,,,,,,,,
2333,0,0,0,0,0,0,0,0,0,0,0,0,0,,,,,,,,
2334,0,0,0,0,0,0,0,0,0,0,0,0,0,,,,,,,,
2335,0,0,0,0,0,0,0,0,0,0,0,0,0,,,,,,,,
2336,0,0,0,0,0,0,0,0,0,0,0,0,0,,,,,,,,
2337,0,0,0,0,0,0,0,0,0,0,0,0,0,,,,,,,,
2338,0,0,0,0,0,0,0,0,0,0,0,0,0,,,,,,,,
2339,0,0,0,0,0,0,0,0,0,0,0,0,0,,,,,,,,
2340,0,0,0,0,0,0,0,0,0,0,0,0,0,,,,,,,,
2341,0,0,0,0,0,0,0,0,0,0,0,0,0,,,,,,,,
2342,0,0,0,0,0,0,0,0,0,0,0,0,0,,,,,,,,
2343,0,0,0,0,0,0,0,0,0,0,0,0,0,,,,,,,,
2344,0,0,0,0,0,0,0,0,0,0,0,0,0,,,,,,,,
2345,0,0,0,0,0,0,0,0,0,0,0,0,0,,,,,,,,
2346,0,0,0,0,0,0,0,0,0,0,0,0,0,,,,,,,,
2347,0,0,0,0,0,0,0,0,0,0,0,0,0,,,,,,,,
2348,0,0,0,0,0,0,0,0,0,0,0,0,0,,,,,,,,
2349,0,0,0,0,0,0,0,0,0,0,0,0,0,,,,,,,,
2350,0,0,0,0,0,0,0,0,0,0,0,0,0,,,,,,,,
2351,0,0,0,0,0,0,0,0,0,0,0,0,0,,,,,,,,
2352,0,0,0,0,0,0,0,0,0,0,0,0,0,,,,,,,,
2353,0,0,0,0,0,0,0,0,0,0,0,0,0,,,,,,,,
2354,0,0,0,0,0,0,0,0,0,0,0,0,0,,,,,,,,
2355,0,0,0,0,0,0,0,0,0,0,0,0,0,,,,,,,,
2356,0,0,0,0,0,0,0,0,0,0,0,0,0,,,,,,,,
2357,0,0,0,0,0,0,0,0,0,0,0,0,0,,,,,,,,
2358,0,0,0,0,0,0,0,0,0,0,0,0,0,,,,,,,,
2359,0,0,0,0,0,0,0,0,0,0,0,0,0,,,,,,,,
2360,0,0,0,0,0,0,0,0,0,0,0,0,0,,,,,,,,
2361,0,0,0,0,0,0,0,0,0,0,0,0,0,,,,,,,,
2362,0,0,0,0,0,0,0,0,0,0,0,0,0,,,,,,,,
2363,0,0,0,0,0,0,0,0,0,0,0,0,0,,,,,,,,
2364,0,0,0,0,0,0,0,0,0,0,0,0,0,,,,,,,,
2365,0,0,0,0,0,0,0,0,0,0,0,0,0,,,,,,,,
2366,0,0,0,0,0,0,0,0,0,0,0,0,0,,,,,,,,
2367,0,0,0,0,0,0,0,0,0,0,0,0,0,,,,,,,,
2368,0,0,0,0,0,0,0,0,0,0,0,0,0,,,,,,,,
2369,0,0,0,0,0,0,0,0,0,0,0,0,0,,,,,,,,
2370,0,0,0,0,0,0,0,0,0,0,0,0,0,,,,,,,,
2371,0,0,0,0,0,0,0,0,0,0,0,0,0,,,,,,,,
2372,0,0,0,0,0,0,0,0,0,0,0,0,0,,,,,,,,
2373,0,0,0,0,0,0,0,0,0,0,0,0,0,,,,,,,,
2374,0,0,0,0,0,0,0,0,0,0,0,0,0,,,,,,,,
2375,0,0,0,0,0,0,0,0,0,0,0,0,0,,,,,,,,
2376,0,0,0,0,0,0,0,0,0,0,0,0,0,,,,,,,,
2377,0,0,0,0,0,0,0,0,0,0,0,0,0,,,,,,,,
2378,0,0,0,0,0,0,0,0,0,0,0,0,0,,,,,,,,
2379,0,0,0,0,0,0,0,0,0,0,0,0,0,,,,,,,,
2380,0,0,0,0,0,0,0,0,0,0,0,0,0,,,,,,,,
2381,0,0,0,0,0,0,0,0,0,0,0,0,0,,,,,,,,
2382,0,0,0,0,0,0,0,0,0,0,0,0,0,,,,,,,,
2383,0,0,0,0,0,0,0,0,0,0,0,0,0,,,,,,,,
2384,0,0,0,0,0,0,0,0,0,0,0,0,0,,,,,,,,
2385,0,0,0,0,0,0,0,0,0,0,0,0,0,,,,,,,,
2386,0,0,0,0,0,0,0,0,0,0,0,0,0,,,,,,,,
2387,0,0,0,0,0,0,0,0,0,0,0,0,0,,,,,,,,
2388,0,0,0,0,0,0,0,0,0,0,0,0,0,,,,,,,,
2389,0,0,0,0,0,0,0,0,0,0,0,0,0,,,,,,,,
2390,0,0,0,0,0,0,0,0,0,0,0,0,0,,,,,,,,
2391,0,0,0,0,0,0,0,0,0,0,0,0,0,,,,,,,,
2392,0,0,0,0,0,0,0,0,0,0,0,0,0,,,,,,,,
2393,0,0,0,0,0,0,0,0,0,0,0,0,0,,,,,,,,
2394,0,0,0,0,0,0,0,0,0,0,0,0,0,,,,,,,,
2395,0,0,0,0,0,0,0,0,0,0,0,0,0,,,,,,,,
2396,0,0,0,0,0,0,0,0,0,0,0,0,0,,,,,,,,
2397,0,0,0,0,0,0,0,0,0,0,0,0,0,,,,,,,,
2398,0,0,0,0,0,0,0,0,0,0,0,0,0,,,,,,,,
2399,0,0,0,0,0,0,0,0,0,0,0,0,0,,,,,,,,
2400,0,0,0,0,0,0,0,0,0,0,0,0,0,,,,,,,,
2401,0,0,0,0,0,0,0,0,0,0,0,0,0,,,,,,,,
2402,0,0,0,0,0,0,0,0,0,0,0,0,0,,,,,,,,
2403,0,0,0,0,0,0,0,0,0,0,0,0,0,,,,,,,,
2404,0,0,0,0,0,0,0,0,0,0,0,0,0,,,,,,,,
2405,0,0,0,0,0,0,0,0,0,0,0,0,0,,,,,,,,
2406,0,0,0,0,0,0,0,0,0,0,0,0,0,,,,,,,,
2407,0,0,0,0,0,0,0,0,0,0,0,0,0,,,,,,,,
2408,0,0,0,0,0,0,0,0,0,0,0,0,0,,,,,,,,
2409,0,0,0,0,0,0,0,0,0,0,0,0,0,,,,,,,,
2410,0,0,0,0,0,0,0,0,0,0,0,0,0,,,,,,,,
2411,0,0,0,0,0,0,0,0,0,0,0,0,0,,,,,,,,
2412,0,0,0,0,0,0,0,0,0,0,0,0,0,,,,,,,,
2413,0,0,0,0,0,0,0,0,0,0,0,0,0,,,,,,,,
2414,0,0,0,0,0,0,0,0,0,0,0,0,0,,,,,,,,
2415,0,0,0,0,0,0,0,0,0,0,0,0,0,,,,,,,,
2416,0,0,0,0,0,0,0,0,0,0,0,0,0,,,,,,,,
2417,0,0,0,0,0,0,0,0,0,0,0,0,0,,,,,,,,
2418,0,0,0,0,0,0,0,0,0,0,0,0,0,,,,,,,,
2419,0,0,0,0,0,0,0,0,0,0,0,0,0,,,,,,,,
2420,0,0,0,0,0,0,0,0,0,0,0,0,0,,,,,,,,
2421,0,0,0,0,0,0,0,0,0,0,0,0,0,,,,,,,,
2422,0,0,0,0,0,0,0,0,0,0,0,0,0,,,,,,,,
2423,0,0,0,0,0,0,0,0,0,0,0,0,0,,,,,,,,
2424,0,0,0,0,0,0,0,0,0,0,0,0,0,,,,,,,,
2425,0,0,0,0,0,0,0,0,0,0,0,0,0,,,,,,,,
2426,0,0,0,0,0,0,0,0,0,0,0,0,0,,,,,,,,
2427,0,0,0,0,0,0,0,0,0,0,0,0,0,,,,,,,,
2428,0,0,0,0,0,0,0,0,0,0,0,0,0,,,,,,,,
2429,0,0,0,0,0,0,0,0,0,0,0,0,0,,,,,,,,
2430,0,0,0,0,0,0,0,0,0,0,0,0,0,,,,,,,,
2431,0,0,0,0,0,0,0,0,0,0,0,0,0,,,,,,,,
2432,0,0,0,0,0,0,0,0,0,0,0,0,0,,,,,,,,
2433,0,0,0,0,0,0,0,0,0,0,0,0,0,,,,,,,,
2434,0,0,0,0,0,0,0,0,0,0,0,0,0,,,,,,,,
2435,0,0,0,0,0,0,0,0,0,0,0,0,0,,,,,,,,
2436,0,0,0,0,0,0,0,0,0,0,0,0,0,,,,,,,,
2437,0,0,0,0,0,0,0,0,0,0,0,0,0,,,,,,,,
2438,0,0,0,0,0,0,0,0,0,0,0,0,0,,,,,,,,
2439,0,0,0,0,0,0,0,0,0,0,0,0,0,,,,,,,,
2440,0,0,0,0,0,0,0,0,0,0,0,0,0,,,,,,,,
2441,0,0,0,0,0,0,0,0,0,0,0,0,0,,,,,,,,
2442,0,0,0,0,0,0,0,0,0,0,0,0,0,,,,,,,,
2443,0,0,0,0,0,0,0,0,0,0,0,0,0,,,,,,,,
2444,0,0,0,0,0,0,0,0,0,0,0,0,0,,,,,,,,
2445,0,0,0,0,0,0,0,0,0,0,0,0,0,,,,,,,,
2446,0,0,0,0,0,0,0,0,0,0,0,0,0,,,,,,,,
2447,0,0,0,0,0,0,0,0,0,0,0,0,0,,,,,,,,
2448,0,0,0,0,0,0,0,0,0,0,0,0,0,,,,,,,,
2449,0,0,0,0,0,0,0,0,0,0,0,0,0,,,,,,,,
2450,0,0,0,0,0,0,0,0,0,0,0,0,0,,,,,,,,
2451,0,0,0,0,0,0,0,0,0,0,0,0,0,,,,,,,,
2452,0,0,0,0,0,0,0,0,0,0,0,0,0,,,,,,,,
2453,0,0,0,0,0,0,0,0,0,0,0,0,0,,,,,,,,
2454,0,0,0,0,0,0,0,0,0,0,0,0,0,,,,,,,,
2455,0,0,0,0,0,0,0,0,0,0,0,0,0,,,,,,,,
2456,0,0,0,0,0,0,0,0,0,0,0,0,0,,,,,,,,
2457,0,0,0,0,0,0,0,0,0,0,0,0,0,,,,,,,,
2458,0,0,0,0,0,0,0,0,0,0,0,0,0,,,,,,,,
2459,0,0,0,0,0,0,0,0,0,0,0,0,0,,,,,,,,
2460,0,0,0,0,0,0,0,0,0,0,0,0,0,,,,,,,,
2461,0,0,0,0,0,0,0,0,0,0,0,0,0,,,,,,,,
2462,0,0,0,0,0,0,0,0,0,0,0,0,0,,,,,,,,
2463,0,0,0,0,0,0,0,0,0,0,0,0,0,,,,,,,,
2464,0,0,0,0,0,0,0,0,0,0,0,0,0,,,,,,,,
2465,0,0,0,0,0,0,0,0,0,0,0,0,0,,,,,,,,
2466,0,0,0,0,0,0,0,0,0,0,0,0,0,,,,,,,,
2467,0,0,0,0,0,0,0,0,0,0,0,0,0,,,,,,,,
2468,0,0,0,0,0,0,0,0,0,0,0,0,0,,,,,,,,
2469,0,0,0,0,0,0,0,0,0,0,0,0,0,,,,,,,,
2470,0,0,0,0,0,0,0,0,0,0,0,0,0,,,,,,,,
2471,0,0,0,0,0,0,0,0,0,0,0,0,0,,,,,,,,
2472,0,0,0,0,0,0,0,0,0,0,0,0,0,,,,,,,,
2473,0,0,0,0,0,0,0,0,0,0,0,0,0,,,,,,,,
2474,0,0,0,0,0,0,0,0,0,0,0,0,0,,,,,,,,
2475,0,0,0,0,0,0,0,0,0,0,0,0,0,,,,,,,,
2476,0,0,0,0,0,0,0,0,0,0,0,0,0,,,,,,,,
2477,0,0,0,0,0,0,0,0,0,0,0,0,0,,,,,,,,
2478,0,0,0,0,0,0,0,0,0,0,0,0,0,,,,,,,,
2479,0,0,0,0,0,0,0,0,0,0,0,0,0,,,,,,,,
2480,0,0,0,0,0,0,0,0,0,0,0,0,0,,,,,,,,
2481,0,0,0,0,0,0,0,0,0,0,0,0,0,,,,,,,,
2482,0,0,0,0,0,0,0,0,0,0,0,0,0,,,,,,,,
2483,0,0,0,0,0,0,0,0,0,0,0,0,0,,,,,,,,
2484,0,0,0,0,0,0,0,0,0,0,0,0,0,,,,,,,,
2485,0,0,0,0,0,0,0,0,0,0,0,0,0,,,,,,,,
2486,0,0,0,0,0,0,0,0,0,0,0,0,0,,,,,,,,
2487,0,0,0,0,0,0,0,0,0,0,0,0,0,,,,,,,,
2488,0,0,0,0,0,0,0,0,0,0,0,0,0,,,,,,,,
2489,0,0,0,0,0,0,0,0,0,0,0,0,0,,,,,,,,
2490,0,0,0,0,0,0,0,0,0,0,0,0,0,,,,,,,,
2491,0,0,0,0,0,0,0,0,0,0,0,0,0,,,,,,,,
2492,0,0,0,0,0,0,0,0,0,0,0,0,0,,,,,,,,
2493,0,0,0,0,0,0,0,0,0,0,0,0,0,,,,,,,,
2494,0,0,0,0,0,0,0,0,0,0,0,0,0,,,,,,,,
2495,0,0,0,0,0,0,0,0,0,0,0,0,0,,,,,,,,
2496,0,0,0,0,0,0,0,0,0,0,0,0,0,,,,,,,,
2497,0,0,0,0,0,0,0,0,0,0,0,0,0,,,,,,,,
2498,0,0,0,0,0,0,0,0,0,0,0,0,0,,,,,,,,
2499,0,0,0,0,0,0,0,0,0,0,0,0,0,,,,,,,,
2500,0,0,0,0,0,0,0,0,0,0,0,0,0,,,,,,,,
2501,0,0,0,0,0,0,0,0,0,0,0,0,0,,,,,,,,
2502,0,0,0,0,0,0,0,0,0,0,0,0,0,,,,,,,,
2503,0,0,0,0,0,0,0,0,0,0,0,0,0,,,,,,,,
2504,0,0,0,0,0,0,0,0,0,0,0,0,0,,,,,,,,
2505,0,0,0,0,0,0,0,0,0,0,0,0,0,,,,,,,,
2506,0,0,0,0,0,0,0,0,0,0,0,0,0,,,,,,,,
2507,0,0,0,0,0,0,0,0,0,0,0,0,0,,,,,,,,
2508,0,0,0,0,0,0,0,0,0,0,0,0,0,,,,,,,,
2509,0,0,0,0,0,0,0,0,0,0,0,0,0,,,,,,,,
2510,0,0,0,0,0,0,0,0,0,0,0,0,0,,,,,,,,
2511,0,0,0,0,0,0,0,0,0,0,0,0,0,,,,,,,,
2512,0,0,0,0,0,0,0,0,0,0,0,0,0,,,,,,,,
2513,0,0,0,0,0,0,0,0,0,0,0,0,0,,,,,,,,
2514,0,0,0,0,0,0,0,0,0,0,0,0,0,,,,,,,,
2515,0,0,0,0,0,0,0,0,0,0,0,0,0,,,,,,,,
2516,0,0,0,0,0,0,0,0,0,0,0,0,0,,,,,,,,
2517,0,0,0,0,0,0,0,0,0,0,0,0,0,,,,,,,,
2518,0,0,0,0,0,0,0,0,0,0,0,0,0,,,,,,,,
2519,0,0,0,0,0,0,0,0,0,0,0,0,0,,,,,,,,
2520,0,0,0,0,0,0,0,0,0,0,0,0,0,,,,,,,,
2521,0,0,0,0,0,0,0,0,0,0,0,0,0,,,,,,,,
2522,0,0,0,0,0,0,0,0,0,0,0,0,0,,,,,,,,
2523,0,0,0,0,0,0,0,0,0,0,0,0,0,,,,,,,,
2524,0,0,0,0,0,0,0,0,0,0,0,0,0,,,,,,,,
2525,0,0,0,0,0,0,0,0,0,0,0,0,0,,,,,,,,
2526,0,0,0,0,0,0,0,0,0,0,0,0,0,,,,,,,,
2527,0,0,0,0,0,0,0,0,0,0,0,0,0,,,,,,,,
2528,0,0,0,0,0,0,0,0,0,0,0,0,0,,,,,,,,
2529,0,0,0,0,0,0,0,0,0,0,0,0,0,,,,,,,,
2530,0,0,0,0,0,0,0,0,0,0,0,0,0,,,,,,,,
2531,0,0,0,0,0,0,0,0,0,0,0,0,0,,,,,,,,
2532,0,0,0,0,0,0,0,0,0,0,0,0,0,,,,,,,,
2533,0,0,0,0,0,0,0,0,0,0,0,0,0,,,,,,,,
2534,0,0,0,0,0,0,0,0,0,0,0,0,0,,,,,,,,
2535,0,0,0,0,0,0,0,0,0,0,0,0,0,,,,,,,,
2536,0,0,0,0,0,0,0,0,0,0,0,0,0,,,,,,,,
2537,0,0,0,0,0,0,0,0,0,0,0,0,0,,,,,,,,
2538,0,0,0,0,0,0,0,0,0,0,0,0,0,,,,,,,,
2539,0,0,0,0,0,0,0,0,0,0,0,0,0,,,,,,,,
2540,0,0,0,0,0,0,0,0,0,0,0,0,0,,,,,,,,
2541,0,0,0,0,0,0,0,0,0,0,0,0,0,,,,,,,,
2542,0,0,0,0,0,0,0,0,0,0,0,0,0,,,,,,,,
2543,0,0,0,0,0,0,0,0,0,0,0,0,0,,,,,,,,
2544,0,0,0,0,0,0,0,0,0,0,0,0,0,,,,,,,,
2545,0,0,0,0,0,0,0,0,0,0,0,0,0,,,,,,,,
2546,0,0,0,0,0,0,0,0,0,0,0,0,0,,,,,,,,
2547,0,0,0,0,0,0,0,0,0,0,0,0,0,,,,,,,,
2548,0,0,0,0,0,0,0,0,0,0,0,0,0,,,,,,,,
2549,0,0,0,0,0,0,0,0,0,0,0,0,0,,,,,,,,
2550,0,0,0,0,0,0,0,0,0,0,0,0,0,,,,,,,,
2551,0,0,0,0,0,0,0,0,0,0,0,0,0,,,,,,,,
2552,0,0,0,0,0,0,0,0,0,0,0,0,0,,,,,,,,
2553,0,0,0,0,0,0,0,0,0,0,0,0,0,,,,,,,,
2554,0,0,0,0,0,0,0,0,0,0,0,0,0,,,,,,,,
2555,0,0,0,0,0,0,0,0,0,0,0,0,0,,,,,,,,
2556,0,0,0,0,0,0,0,0,0,0,0,0,0,,,,,,,,
2557,0,0,0,0,0,0,0,0,0,0,0,0,0,,,,,,,,
2558,0,0,0,0,0,0,0,0,0,0,0,0,0,,,,,,,,
2559,0,0,0,0,0,0,0,0,0,0,0,0,0,,,,,,,,
2560,0,0,0,0,0,0,0,0,0,0,0,0,0,,,,,,,,
2561,0,0,0,0,0,0,0,0,0,0,0,0,0,,,,,,,,
2562,0,0,0,0,0,0,0,0,0,0,0,0,0,,,,,,,,
2563,0,0,0,0,0,0,0,0,0,0,0,0,0,,,,,,,,
2564,0,0,0,0,0,0,0,0,0,0,0,0,0,,,,,,,,
2565,0,0,0,0,0,0,0,0,0,0,0,0,0,,,,,,,,
2566,0,0,0,0,0,0,0,0,0,0,0,0,0,,,,,,,,
2567,0,0,0,0,0,0,0,0,0,0,0,0,0,,,,,,,,
2568,0,0,0,0,0,0,0,0,0,0,0,0,0,,,,,,,,
2569,0,0,0,0,0,0,0,0,0,0,0,0,0,,,,,,,,
2570,0,0,0,0,0,0,0,0,0,0,0,0,0,,,,,,,,
2571,0,0,0,0,0,0,0,0,0,0,0,0,0,,,,,,,,
2572,0,0,0,0,0,0,0,0,0,0,0,0,0,,,,,,,,
2573,0,0,0,0,0,0,0,0,0,0,0,0,0,,,,,,,,
2574,0,0,0,0,0,0,0,0,0,0,0,0,0,,,,,,,,
2575,0,0,0,0,0,0,0,0,0,0,0,0,0,,,,,,,,
2576,0,0,0,0,0,0,0,0,0,0,0,0,0,,,,,,,,
2577,0,0,0,0,0,0,0,0,0,0,0,0,0,,,,,,,,
2578,0,0,0,0,0,0,0,0,0,0,0,0,0,,,,,,,,
2579,0,0,0,0,0,0,0,0,0,0,0,0,0,,,,,,,,
2580,0,0,0,0,0,0,0,0,0,0,0,0,0,,,,,,,,
2581,0,0,0,0,0,0,0,0,0,0,0,0,0,,,,,,,,
2582,0,0,0,0,0,0,0,0,0,0,0,0,0,,,,,,,,
2583,0,0,0,0,0,0,0,0,0,0,0,0,0,,,,,,,,
2584,0,0,0,0,0,0,0,0,0,0,0,0,0,,,,,,,,
2585,0,0,0,0,0,0,0,0,0,0,0,0,0,,,,,,,,
2586,0,0,0,0,0,0,0,0,0,0,0,0,0,,,,,,,,
2587,0,0,0,0,0,0,0,0,0,0,0,0,0,,,,,,,,
2588,0,0,0,0,0,0,0,0,0,0,0,0,0,,,,,,,,
2589,0,0,0,0,0,0,0,0,0,0,0,0,0,,,,,,,,
2590,0,0,0,0,0,0,0,0,0,0,0,0,0,,,,,,,,
2591,0,0,0,0,0,0,0,0,0,0,0,0,0,,,,,,,,
2592,0,0,0,0,0,0,0,0,0,0,0,0,0,,,,,,,,
2593,0,0,0,0,0,0,0,0,0,0,0,0,0,,,,,,,,
2594,0,0,0,0,0,0,0,0,0,0,0,0,0,,,,,,,,
2595,0,0,0,0,0,0,0,0,0,0,0,0,0,,,,,,,,
2596,0,0,0,0,0,0,0,0,0,0,0,0,0,,,,,,,,
2597,0,0,0,0,0,0,0,0,0,0,0,0,0,,,,,,,,
2598,0,0,0,0,0,0,0,0,0,0,0,0,0,,,,,,,,
2599,0,0,0,0,0,0,0,0,0,0,0,0,0,,,,,,,,
2600,0,0,0,0,0,0,0,0,0,0,0,0,0,,,,,,,,
