,551,556,560,563,565,568,573,574,575,576,577,578,579,580,581,583,584,585,586,587,588,589,592,596,598,599,600,601,603,607,615,619,620,622,623,625,626,627,628,629,630,632,633,634,635,636,637,638,640,641,643,644,645,646,647,648,649,651,653,658,665,668,669,670,671,672,673,674,676,677,678,685,686,688,705,707,713,715,728,729,731,736,737,744,745,746,747,748,769,770,772,778,781,782,784,787,788,790,791,793,796,798,800,805,808,809,810,811,812,813,815,817,818,819,821,822,823,824,846,847,852,853,855,857,858,859,860,861,862,863,864,865,866,867,868,869,870,871,872,873,874,875,876,877,878,879,880,882,883,884,885,886,887,888,889,890,891,892,893,894,895,896,897,898,899,900,901,902,903,904,905,906,907,908,909,910,911,912,913,914,915,916,917,918,919,920,921,922,923,924
551,,,,,,,,,,,,,,,,,,,,,,,,,,,,,,,,,,,,,,,,,,,,,,,,,,,,,,,,,,,,,,,,,,,,,,,,,,,,,,,,,,,,,,,,,,,,,,,,,,,,,,,,,,,,,,,,,,,,,,,,,,,,,,,,,,,,,,,,,,,,,,,,,,,,,,,,,,,,,,,,,,,,,,,,,,,,,,,,,,,,,,,,,,,,,,
556,0.9990200913238151,,,,,,,,,,,,,,,,,,,,,,,,,,,,,,,,,,,,,,,,,,,,,,,,,,,,,,,,,,,,,,,,,,,,,,,,,,,,,,,,,,,,,,,,,,,,,,,,,,,,,,,,,,,,,,,,,,,,,,,,,,,,,,,,,,,,,,,,,,,,,,,,,,,,,,,,,,,,,,,,,,,,,,,,,,,,,,,,,,,,,,,,,,,,,
560,0.9968655443692905,0.999371138985756,,,,,,,,,,,,,,,,,,,,,,,,,,,,,,,,,,,,,,,,,,,,,,,,,,,,,,,,,,,,,,,,,,,,,,,,,,,,,,,,,,,,,,,,,,,,,,,,,,,,,,,,,,,,,,,,,,,,,,,,,,,,,,,,,,,,,,,,,,,,,,,,,,,,,,,,,,,,,,,,,,,,,,,,,,,,,,,,,,,,,,,,,,,,
563,0.994502582605094,0.9980992459687763,0.9996540115161848,,,,,,,,,,,,,,,,,,,,,,,,,,,,,,,,,,,,,,,,,,,,,,,,,,,,,,,,,,,,,,,,,,,,,,,,,,,,,,,,,,,,,,,,,,,,,,,,,,,,,,,,,,,,,,,,,,,,,,,,,,,,,,,,,,,,,,,,,,,,,,,,,,,,,,,,,,,,,,,,,,,,,,,,,,,,,,,,,,,,,,,,,,,
565,0.9926506690002732,0.9969312230477607,0.9990720654093596,0.9998589203187359,,,,,,,,,,,,,,,,,,,,,,,,,,,,,,,,,,,,,,,,,,,,,,,,,,,,,,,,,,,,,,,,,,,,,,,,,,,,,,,,,,,,,,,,,,,,,,,,,,,,,,,,,,,,,,,,,,,,,,,,,,,,,,,,,,,,,,,,,,,,,,,,,,,,,,,,,,,,,,,,,,,,,,,,,,,,,,,,,,,,,,,,,,
568,0.9897034814246262,0.9948976328596829,0.9978266458334207,0.9992101833715137,0.9997355369604357,,,,,,,,,,,,,,,,,,,,,,,,,,,,,,,,,,,,,,,,,,,,,,,,,,,,,,,,,,,,,,,,,,,,,,,,,,,,,,,,,,,,,,,,,,,,,,,,,,,,,,,,,,,,,,,,,,,,,,,,,,,,,,,,,,,,,,,,,,,,,,,,,,,,,,,,,,,,,,,,,,,,,,,,,,,,,,,,,,,,,,,,,
573,0.9855206995230095,0.9917733267958397,0.9956014419252468,0.9976696047352015,0.9986439433034823,0.9995500902137642,,,,,,,,,,,,,,,,,,,,,,,,,,,,,,,,,,,,,,,,,,,,,,,,,,,,,,,,,,,,,,,,,,,,,,,,,,,,,,,,,,,,,,,,,,,,,,,,,,,,,,,,,,,,,,,,,,,,,,,,,,,,,,,,,,,,,,,,,,,,,,,,,,,,,,,,,,,,,,,,,,,,,,,,,,,,,,,,,,,,,,,,
574,0.9848944892852067,0.9912808035854742,0.9952164959050016,0.9973666176505666,0.9983964803580448,0.9993874849887172,0.9999849464063629,,,,,,,,,,,,,,,,,,,,,,,,,,,,,,,,,,,,,,,,,,,,,,,,,,,,,,,,,,,,,,,,,,,,,,,,,,,,,,,,,,,,,,,,,,,,,,,,,,,,,,,,,,,,,,,,,,,,,,,,,,,,,,,,,,,,,,,,,,,,,,,,,,,,,,,,,,,,,,,,,,,,,,,,,,,,,,,,,,,,,,,
575,0.9843407366930369,0.9908356776040358,0.9948555980805988,0.9970698338852033,0.9981440473619989,0.9992056185535,0.9999394209333188,0.9999845847670652,,,,,,,,,,,,,,,,,,,,,,,,,,,,,,,,,,,,,,,,,,,,,,,,,,,,,,,,,,,,,,,,,,,,,,,,,,,,,,,,,,,,,,,,,,,,,,,,,,,,,,,,,,,,,,,,,,,,,,,,,,,,,,,,,,,,,,,,,,,,,,,,,,,,,,,,,,,,,,,,,,,,,,,,,,,,,,,,,,,,,,
576,0.983851550988413,0.9904313173100309,0.9945136502847008,0.9967754155352859,0.9978835940443125,0.9990024147706161,0.9998618050430397,0.9999369643059486,0.9999837479894665,,,,,,,,,,,,,,,,,,,,,,,,,,,,,,,,,,,,,,,,,,,,,,,,,,,,,,,,,,,,,,,,,,,,,,,,,,,,,,,,,,,,,,,,,,,,,,,,,,,,,,,,,,,,,,,,,,,,,,,,,,,,,,,,,,,,,,,,,,,,,,,,,,,,,,,,,,,,,,,,,,,,,,,,,,,,,,,,,,,,,
577,0.9834125305654845,0.9900557490425571,0.9941816136135803,0.9964767467118366,0.9976100340087448,0.9987747165206831,0.9997500287271752,0.9998548994302267,0.9999333000121718,0.9999827976829821,,,,,,,,,,,,,,,,,,,,,,,,,,,,,,,,,,,,,,,,,,,,,,,,,,,,,,,,,,,,,,,,,,,,,,,,,,,,,,,,,,,,,,,,,,,,,,,,,,,,,,,,,,,,,,,,,,,,,,,,,,,,,,,,,,,,,,,,,,,,,,,,,,,,,,,,,,,,,,,,,,,,,,,,,,,,,,,,,,,,
578,0.9830101308545651,0.9896979405623335,0.9938512254180059,0.9961677891345899,0.997318721728421,0.9985196256752641,0.9996022090303548,0.9997363688815608,0.9998463900543595,0.9999295371822884,0.9999818960559593,,,,,,,,,,,,,,,,,,,,,,,,,,,,,,,,,,,,,,,,,,,,,,,,,,,,,,,,,,,,,,,,,,,,,,,,,,,,,,,,,,,,,,,,,,,,,,,,,,,,,,,,,,,,,,,,,,,,,,,,,,,,,,,,,,,,,,,,,,,,,,,,,,,,,,,,,,,,,,,,,,,,,,,,,,,,,,,,,,,
579,0.9826313841112789,0.9893483535760703,0.9935156777830227,0.9958436647969807,0.997005942221974,0.9982348271380369,0.9994168139828657,0.99957973890895,0.9997212029472762,0.9998381489876252,0.9999261012452992,0.9999811005279201,,,,,,,,,,,,,,,,,,,,,,,,,,,,,,,,,,,,,,,,,,,,,,,,,,,,,,,,,,,,,,,,,,,,,,,,,,,,,,,,,,,,,,,,,,,,,,,,,,,,,,,,,,,,,,,,,,,,,,,,,,,,,,,,,,,,,,,,,,,,,,,,,,,,,,,,,,,,,,,,,,,,,,,,,,,,,,,,,,
580,0.9822637410274676,0.9889980261950189,0.9931687837879027,0.9955001206358577,0.996668602973737,0.9979186281107684,0.9991929929614802,0.9993840796983605,0.9995566527471769,0.9997073197920283,0.9998310142046637,0.9999232585936391,0.999980488133076,,,,,,,,,,,,,,,,,,,,,,,,,,,,,,,,,,,,,,,,,,,,,,,,,,,,,,,,,,,,,,,,,,,,,,,,,,,,,,,,,,,,,,,,,,,,,,,,,,,,,,,,,,,,,,,,,,,,,,,,,,,,,,,,,,,,,,,,,,,,,,,,,,,,,,,,,,,,,,,,,,,,,,,,,,,,,,,,,
581,0.9818977779169582,0.9886405136701005,0.9928060980007003,0.9951339912760824,0.9963042807233135,0.9975694794098072,0.998929787474986,0.9991484148442438,0.9993517021732774,0.9995359095136195,0.99969535229202,0.9998250138636018,0.999920903751016,0.9999799233906043,,,,,,,,,,,,,,,,,,,,,,,,,,,,,,,,,,,,,,,,,,,,,,,,,,,,,,,,,,,,,,,,,,,,,,,,,,,,,,,,,,,,,,,,,,,,,,,,,,,,,,,,,,,,,,,,,,,,,,,,,,,,,,,,,,,,,,,,,,,,,,,,,,,,,,,,,,,,,,,,,,,,,,,,,,,,,,,,
583,0.9811089379863579,0.987862606070972,0.9920078032648812,0.9943194023403292,0.9954867267777107,0.996772474898813,0.9982910067674549,0.9985626679563645,0.9988256023538923,0.9990753634260651,0.9993049993211853,0.9995084075475034,0.9996808050052255,0.9998183792095984,0.9999187637915958,,,,,,,,,,,,,,,,,,,,,,,,,,,,,,,,,,,,,,,,,,,,,,,,,,,,,,,,,,,,,,,,,,,,,,,,,,,,,,,,,,,,,,,,,,,,,,,,,,,,,,,,,,,,,,,,,,,,,,,,,,,,,,,,,,,,,,,,,,,,,,,,,,,,,,,,,,,,,,,,,,,,,,,,,,,,,,,
584,0.980644469299754,0.987415203718313,0.9915573235876819,0.9938648866488988,0.9950328434051899,0.9963307076844669,0.9979263132537917,0.9982233191210071,0.9985146883498814,0.9987956432910322,0.9990586354706227,0.9992970680165747,0.9995058486667412,0.9996809086571743,0.9998198426735806,0.9999802533816674,,,,,,,,,,,,,,,,,,,,,,,,,,,,,,,,,,,,,,,,,,,,,,,,,,,,,,,,,,,,,,,,,,,,,,,,,,,,,,,,,,,,,,,,,,,,,,,,,,,,,,,,,,,,,,,,,,,,,,,,,,,,,,,,,,,,,,,,,,,,,,,,,,,,,,,,,,,,,,,,,,,,,,,,,,,,,,
585,0.98010308840909,0.9869102421853906,0.9910630375636824,0.9933756357889932,0.9945494821608188,0.9958654620716411,0.997540310740103,0.9978618414218656,0.9981804460627582,0.9984910452540984,0.9987855472299497,0.9990569243901374,0.9992998781402395,0.9995101999634426,0.999685563867676,0.999921902426227,0.9999804516275881,,,,,,,,,,,,,,,,,,,,,,,,,,,,,,,,,,,,,,,,,,,,,,,,,,,,,,,,,,,,,,,,,,,,,,,,,,,,,,,,,,,,,,,,,,,,,,,,,,,,,,,,,,,,,,,,,,,,,,,,,,,,,,,,,,,,,,,,,,,,,,,,,,,,,,,,,,,,,,,,,,,,,,,,,,,,,
586,0.97946322197557,0.9863336770469351,0.9905169003546985,0.9928478841280254,0.9940354947364861,0.9953788610432883,0.9971375876782055,0.9974828086893518,0.997827273960089,0.9981656425546293,0.9984893539575237,0.998791035659701,0.9990653142865871,0.9993079894516147,0.999516961108019,0.9998247033269831,0.9999209149297021,0.9999796306865746,,,,,,,,,,,,,,,,,,,,,,,,,,,,,,,,,,,,,,,,,,,,,,,,,,,,,,,,,,,,,,,,,,,,,,,,,,,,,,,,,,,,,,,,,,,,,,,,,,,,,,,,,,,,,,,,,,,,,,,,,,,,,,,,,,,,,,,,,,,,,,,,,,,,,,,,,,,,,,,,,,,,,,,,,,,,
587,0.9787115118646016,0.9856749836716071,0.9899106000473545,0.992274887167449,0.9934850972241193,0.9948663365027449,0.996714598052241,0.9970827079979785,0.9974516372181794,0.9978158265695457,0.998166327602771,0.9984955157884844,0.9987980846724505,0.9990700013596764,0.9993095496160476,0.999683804549371,0.999816426409038,0.9999143531486716,0.9999771140033143,,,,,,,,,,,,,,,,,,,,,,,,,,,,,,,,,,,,,,,,,,,,,,,,,,,,,,,,,,,,,,,,,,,,,,,,,,,,,,,,,,,,,,,,,,,,,,,,,,,,,,,,,,,,,,,,,,,,,,,,,,,,,,,,,,,,,,,,,,,,,,,,,,,,,,,,,,,,,,,,,,,,,,,,,,,
588,0.9778329606911458,0.9849206412682412,0.9892319459433357,0.9916454656271508,0.992887748185987,0.9943181770417717,0.9962623461170037,0.9966525668551546,0.9970445479778891,0.9974325586025928,0.9978073493063212,0.9981611421017329,0.9984888441196613,0.99878675444835,0.9990537022474943,0.9994892867021856,0.9996569429970621,0.9997940320160889,0.9999007875739613,0.9999728234553572,,,,,,,,,,,,,,,,,,,,,,,,,,,,,,,,,,,,,,,,,,,,,,,,,,,,,,,,,,,,,,,,,,,,,,,,,,,,,,,,,,,,,,,,,,,,,,,,,,,,,,,,,,,,,,,,,,,,,,,,,,,,,,,,,,,,,,,,,,,,,,,,,,,,,,,,,,,,,,,,,,,,,,,,,,
589,0.9768148564999946,0.9840571094874333,0.9884675031028121,0.9909465390228602,0.9922306472250089,0.993722008673962,0.9957687981794899,0.9961803329790881,0.9965939075121154,0.9970036719189199,0.9974001740458596,0.997775588429392,0.9981251789189257,0.9984457351808672,0.9987367823302541,0.999228155802576,0.9994292222885093,0.9996051092573734,0.9997570693157567,0.999881157738287,0.9999673352484523,,,,,,,,,,,,,,,,,,,,,,,,,,,,,,,,,,,,,,,,,,,,,,,,,,,,,,,,,,,,,,,,,,,,,,,,,,,,,,,,,,,,,,,,,,,,,,,,,,,,,,,,,,,,,,,,,,,,,,,,,,,,,,,,,,,,,,,,,,,,,,,,,,,,,,,,,,,,,,,,,,,,,,,,,
592,0.972787502692397,0.980654928973745,0.9854885438504791,0.9882524359921907,0.9897151117557325,0.9914534575038669,0.9938449181007614,0.9943160049708535,0.994786326603471,0.9952499716126006,0.9956974329834162,0.9961213305807889,0.9965187680829394,0.9968888566863239,0.9972340059874867,0.9978618911198303,0.9981538510098709,0.9984435138400386,0.9987368827724905,0.9990319882730758,0.999319399102509,0.9995813577282733,,,,,,,,,,,,,,,,,,,,,,,,,,,,,,,,,,,,,,,,,,,,,,,,,,,,,,,,,,,,,,,,,,,,,,,,,,,,,,,,,,,,,,,,,,,,,,,,,,,,,,,,,,,,,,,,,,,,,,,,,,,,,,,,,,,,,,,,,,,,,,,,,,,,,,,,,,,,,,,,,,,,,,,,
596,0.9653049337073105,0.9741601204246996,0.9796739453829952,0.9828971190899753,0.9846449565254937,0.9867677835880274,0.9896400796374636,0.9901829512421148,0.9907175968178586,0.9912382742228802,0.99173590557647,0.9922042722345596,0.9926437732877077,0.9930575697984318,0.993452861749469,0.9942254094801347,0.9946268957764693,0.9950643021497825,0.9955519013140027,0.9960911609873744,0.9966738788852725,0.9972791219939763,0.9989860795148804,,,,,,,,,,,,,,,,,,,,,,,,,,,,,,,,,,,,,,,,,,,,,,,,,,,,,,,,,,,,,,,,,,,,,,,,,,,,,,,,,,,,,,,,,,,,,,,,,,,,,,,,,,,,,,,,,,,,,,,,,,,,,,,,,,,,,,,,,,,,,,,,,,,,,,,,,,,,,,,,,,,,,,,
598,0.9616037976080483,0.9708695691169194,0.9766683318691306,0.9800846540411453,0.9819526790685328,0.9842386588451147,0.9873206262995171,0.9878957444866757,0.9884595575235933,0.9890063287016456,0.9895270650911868,0.9900159613376466,0.9904747180557212,0.9909081389934873,0.9913254384101259,0.9921594904940252,0.9926065921768723,0.9931050352992148,0.9936724668844563,0.9943117517876536,0.9950151417300735,0.9957602762911971,0.997989312966858,0.9998237405454238,,,,,,,,,,,,,,,,,,,,,,,,,,,,,,,,,,,,,,,,,,,,,,,,,,,,,,,,,,,,,,,,,,,,,,,,,,,,,,,,,,,,,,,,,,,,,,,,,,,,,,,,,,,,,,,,,,,,,,,,,,,,,,,,,,,,,,,,,,,,,,,,,,,,,,,,,,,,,,,,,,,,,,
599,0.9601960616046036,0.9696078566662294,0.9755100587971899,0.9789974977539867,0.9809102627131709,0.9832584053711374,0.9864273044400005,0.9870171644732149,0.9875948284939184,0.9881545280654461,0.9886872433222905,0.9891872589420782,0.98965664864712,0.9901007101537349,0.9905293029723078,0.9913910988104144,0.9918565017194199,0.9923778932087077,0.9929739431846154,0.9936479318295683,0.9943922114143249,0.9951838958778544,0.9975818424829387,0.999676259158031,0.9999753712982068,,,,,,,,,,,,,,,,,,,,,,,,,,,,,,,,,,,,,,,,,,,,,,,,,,,,,,,,,,,,,,,,,,,,,,,,,,,,,,,,,,,,,,,,,,,,,,,,,,,,,,,,,,,,,,,,,,,,,,,,,,,,,,,,,,,,,,,,,,,,,,,,,,,,,,,,,,,,,,,,,,,,,
600,0.9593343255561713,0.9688307008613225,0.9747955858112531,0.9783276181332723,0.9802692349788771,0.9826595728720344,0.9858972058753928,0.9865005464909136,0.9870915466959566,0.9876643914460883,0.9882099901993339,0.9887226113214471,0.9892044136915785,0.9896608344371922,0.9901019606805351,0.9909903459465577,0.991470333399001,0.9920076884206468,0.992621379781823,0.9933148021753615,0.9940802969755019,0.9948947179844289,0.9973677026672688,0.9995690761465716,0.9999302873693221,0.9999865036899896,,,,,,,,,,,,,,,,,,,,,,,,,,,,,,,,,,,,,,,,,,,,,,,,,,,,,,,,,,,,,,,,,,,,,,,,,,,,,,,,,,,,,,,,,,,,,,,,,,,,,,,,,,,,,,,,,,,,,,,,,,,,,,,,,,,,,,,,,,,,,,,,,,,,,,,,,,,,,,,,,,,,
601,0.9592152618678549,0.9687179413263117,0.9746943328247621,0.9782380819394968,0.9801889994569128,0.98259702648875,0.985880534679724,0.9864956504063066,0.9870992179213385,0.9876853856496445,0.9882449802982413,0.9887721447772693,0.9892687564180105,0.9897399234232878,0.9901953793138578,0.9911092045411768,0.9915990811542982,0.9921433785490503,0.9927604029578472,0.9934532681801322,0.9942141800318653,0.9950201478784317,0.9974458637314424,0.9995554477800012,0.999894435368836,0.9999547805507868,0.9999848911405558,,,,,,,,,,,,,,,,,,,,,,,,,,,,,,,,,,,,,,,,,,,,,,,,,,,,,,,,,,,,,,,,,,,,,,,,,,,,,,,,,,,,,,,,,,,,,,,,,,,,,,,,,,,,,,,,,,,,,,,,,,,,,,,,,,,,,,,,,,,,,,,,,,,,,,,,,,,,,,,,,,,
603,0.9611053283600969,0.9703696409908358,0.9762054797406163,0.9796682461614589,0.9815760633976734,0.9839427030969048,0.987247364501202,0.9878810253141803,0.9885077193255066,0.9891215689405399,0.9897132249051929,0.9902762454374087,0.9908107740219456,0.9913197537356045,0.9918103176212897,0.9927727143204412,0.9932679922931461,0.993797899569821,0.9943763373289642,0.995004607433287,0.9956742874850334,0.996364116395563,0.9983070109622318,0.9996041776748724,0.9996238293923972,0.9995984930055741,0.9996216945500999,0.9997350861655261,,,,,,,,,,,,,,,,,,,,,,,,,,,,,,,,,,,,,,,,,,,,,,,,,,,,,,,,,,,,,,,,,,,,,,,,,,,,,,,,,,,,,,,,,,,,,,,,,,,,,,,,,,,,,,,,,,,,,,,,,,,,,,,,,,,,,,,,,,,,,,,,,,,,,,,,,,,,,,,,,,
607,0.9654308530463095,0.9737523602787657,0.9789990026936467,0.9821052014185029,0.9838151289902265,0.9859698757560557,0.989239127505113,0.989914503620293,0.9905977864596535,0.9912825362545133,0.991958260276324,0.9926162093157813,0.9932507832394175,0.9938579720763011,0.9944368670045586,0.995503939140669,0.9959901001288235,0.9964474901110623,0.9968762973733383,0.997272369379859,0.9976255179371365,0.9979199351704514,0.9982555873783503,0.9969053604327587,0.9958622567896575,0.9955266355823892,0.9954778594207351,0.9958394330670333,0.9976314492006447,,,,,,,,,,,,,,,,,,,,,,,,,,,,,,,,,,,,,,,,,,,,,,,,,,,,,,,,,,,,,,,,,,,,,,,,,,,,,,,,,,,,,,,,,,,,,,,,,,,,,,,,,,,,,,,,,,,,,,,,,,,,,,,,,,,,,,,,,,,,,,,,,,,,,,,,,,,,,,,,,
615,0.9594594517708451,0.9651339013331142,0.9686987000918557,0.9707737130928739,0.9719042507942297,0.9734169814386857,0.9764332289513578,0.9771800629670367,0.977970977158282,0.9787976714732917,0.9796463725561457,0.9805024639055644,0.981346395489002,0.9821576143975986,0.9829165779517997,0.9841726455617763,0.9846077241134671,0.9848643903487271,0.984910707825447,0.9847300893757625,0.9843085797976275,0.9836433625852428,0.9801216349607446,0.9725136461056795,0.9689829909974744,0.9679167263837459,0.9676800309131798,0.9685743997640766,0.9737579924887255,0.9870247254233495,,,,,,,,,,,,,,,,,,,,,,,,,,,,,,,,,,,,,,,,,,,,,,,,,,,,,,,,,,,,,,,,,,,,,,,,,,,,,,,,,,,,,,,,,,,,,,,,,,,,,,,,,,,,,,,,,,,,,,,,,,,,,,,,,,,,,,,,,,,,,,,,,,,,,,,,,,,,,,,,
619,0.9560087174758503,0.9613695998744525,0.9647330255318183,0.9666918823331303,0.9677655547950982,0.9692429785673664,0.9723766042672879,0.973172213375273,0.974018652421527,0.9749066729451231,0.975821234385796,0.9767464623017842,0.9776609978603427,0.978542606030676,0.9793705500421197,0.9807523910155996,0.9812389789224123,0.9815354775210603,0.9816074817149155,0.9814378557700885,0.9810126642603019,0.980330037090564,0.9766908735197106,0.9689001219208774,0.9653279049899945,0.9642636410576958,0.9640485453106851,0.96498564082886,0.9703294901767958,0.9843227970056215,0.9995111885932638,,,,,,,,,,,,,,,,,,,,,,,,,,,,,,,,,,,,,,,,,,,,,,,,,,,,,,,,,,,,,,,,,,,,,,,,,,,,,,,,,,,,,,,,,,,,,,,,,,,,,,,,,,,,,,,,,,,,,,,,,,,,,,,,,,,,,,,,,,,,,,,,,,,,,,,,,,,,,,,
620,0.9559740006571691,0.9613823142959392,0.9647679100206141,0.9667389494106692,0.9678208394930725,0.9693143747199899,0.9724925382069123,0.9732999270266159,0.9741588807347883,0.9750599360451221,0.9759877750963839,0.9769264167233196,0.977854729029121,0.9787509030203477,0.9795949373594717,0.9810167539297384,0.9815289357850459,0.9818564820320198,0.9819660246778386,0.9818409484441565,0.9814674899832823,0.9808432177681378,0.9774158175772834,0.9699625401421368,0.9665365136677305,0.9655220263792477,0.9653302348335031,0.9662535029413845,0.9714502135784021,0.9850069885122148,0.999277508943653,0.9999407627241984,,,,,,,,,,,,,,,,,,,,,,,,,,,,,,,,,,,,,,,,,,,,,,,,,,,,,,,,,,,,,,,,,,,,,,,,,,,,,,,,,,,,,,,,,,,,,,,,,,,,,,,,,,,,,,,,,,,,,,,,,,,,,,,,,,,,,,,,,,,,,,,,,,,,,,,,,,,,,,
622,0.9561370430988665,0.9617226666699913,0.9651951021062316,0.9672114678277564,0.9683197236298947,0.9698534722562183,0.9731167041993061,0.9739450793169677,0.9748261745163461,0.975750165393476,0.9767012343597841,0.9776633340514059,0.978616230170465,0.9795394792793637,0.9804151399659932,0.9819232418634233,0.9824951586569235,0.9828984315530803,0.9831026447651201,0.983092521506187,0.9828546511810576,0.982384924639538,0.9795231868147304,0.9729606057620471,0.96991494673986,0.9690291518666875,0.9688968382305073,0.9697832222599049,0.9745937009955109,0.9869386627897453,0.9985075157476282,0.9993886340231696,0.9997025335604782,,,,,,,,,,,,,,,,,,,,,,,,,,,,,,,,,,,,,,,,,,,,,,,,,,,,,,,,,,,,,,,,,,,,,,,,,,,,,,,,,,,,,,,,,,,,,,,,,,,,,,,,,,,,,,,,,,,,,,,,,,,,,,,,,,,,,,,,,,,,,,,,,,,,,,,,,,,,,
623,0.9561911622612456,0.9618808872351616,0.9654015432035404,0.9674407128333519,0.9685610529233437,0.9701113080116953,0.9734078721652362,0.9742448573988591,0.9751352553920932,0.9760690991463572,0.9770303422261088,0.9780029379518065,0.9789671959501357,0.9799034477938061,0.9807948705468218,0.9823478785579993,0.9829516805204145,0.9833957771959948,0.9836513225239886,0.9837037126766953,0.9835396691514863,0.9831541079753761,0.9805994356265962,0.9745140191118761,0.971671148911628,0.9708544466541704,0.9707548778623992,0.9716234599125658,0.9762333113756874,0.9879216405402474,0.99797701532768,0.9988972039530905,0.9993285648701357,0.9999217976975607,,,,,,,,,,,,,,,,,,,,,,,,,,,,,,,,,,,,,,,,,,,,,,,,,,,,,,,,,,,,,,,,,,,,,,,,,,,,,,,,,,,,,,,,,,,,,,,,,,,,,,,,,,,,,,,,,,,,,,,,,,,,,,,,,,,,,,,,,,,,,,,,,,,,,,,,,,,,
625,0.9561299398848195,0.9620056878029684,0.9656011003051265,0.9676680982146075,0.9688005681442204,0.970365813929404,0.9737046111188857,0.974555419112165,0.9754616696790332,0.9764131533790558,0.9773933635576699,0.9783862235698169,0.9793730612222136,0.9803356310963888,0.9812591609220289,0.9829029302831557,0.9835701863462101,0.9840944899139643,0.9844497427180853,0.9846224847202433,0.9845995807703376,0.9843740346389096,0.9823976654463077,0.9771993328036731,0.9747321566645945,0.9740443047313088,0.9740073983171669,0.9748467188280775,0.9790962094974383,0.9895589688279399,0.9967221086635208,0.997616034527797,0.9982424857615121,0.9993572945011151,0.9997240584045854,,,,,,,,,,,,,,,,,,,,,,,,,,,,,,,,,,,,,,,,,,,,,,,,,,,,,,,,,,,,,,,,,,,,,,,,,,,,,,,,,,,,,,,,,,,,,,,,,,,,,,,,,,,,,,,,,,,,,,,,,,,,,,,,,,,,,,,,,,,,,,,,,,,,,,,,,,,
626,0.9559894556450539,0.9619447809202748,0.9655679304928271,0.9676424199942716,0.9687771924783849,0.9703453228888258,0.9737021049027373,0.9745599580275178,0.9754745106238109,0.9764354173769118,0.9774259071663868,0.9784298409532053,0.9794289781574027,0.9804056869218208,0.9813461057648682,0.9830358774529933,0.9837342569795925,0.9842971210810809,0.9846995416096107,0.9849285514007942,0.9849710631504728,0.9848192011512252,0.9831068402061072,0.9783109115807849,0.9760125317274935,0.9753818756608006,0.9753721749121431,0.9761974041339238,0.980283396109724,0.9901864012461108,0.9960170777823023,0.9968780056699761,0.9975871569099249,0.9989274438465895,0.9994206185273092,0.9999431829004899,,,,,,,,,,,,,,,,,,,,,,,,,,,,,,,,,,,,,,,,,,,,,,,,,,,,,,,,,,,,,,,,,,,,,,,,,,,,,,,,,,,,,,,,,,,,,,,,,,,,,,,,,,,,,,,,,,,,,,,,,,,,,,,,,,,,,,,,,,,,,,,,,,,,,,,,,,
627,0.9557800581643414,0.9617937321284172,0.965431181198299,0.9675049011703609,0.9686372932255544,0.9702027766015012,0.9735739415383974,0.9744389804716199,0.9753622401321779,0.9763332291880835,0.977334885797905,0.9783509535844399,0.9793634960335355,0.9803553324344058,0.9813133140354255,0.9830484711240645,0.9837760695611936,0.9843739855798221,0.9848181309398051,0.985095898319397,0.9851942086509313,0.9851044463951402,0.9836108741916127,0.9791441182929844,0.9769829566673366,0.9763987436205985,0.9764113815659252,0.9772259434446882,0.9811824781985616,0.9906345450634334,0.9953780211721927,0.9961955083001365,0.9969673020641674,0.9984840564033389,0.9990786129071982,0.9998044002846133,0.9999577140239122,,,,,,,,,,,,,,,,,,,,,,,,,,,,,,,,,,,,,,,,,,,,,,,,,,,,,,,,,,,,,,,,,,,,,,,,,,,,,,,,,,,,,,,,,,,,,,,,,,,,,,,,,,,,,,,,,,,,,,,,,,,,,,,,,,,,,,,,,,,,,,,,,,,,,,,,,
628,0.9555191919279528,0.9615677207579019,0.9652050081469684,0.9672692494969479,0.9683943740278318,0.9699514786455828,0.9733334096444769,0.974205813639064,0.9751382382685112,0.9761200389714032,0.977133839502492,0.978163205675739,0.9791903535191523,0.9801983578171637,0.981174539213071,0.9829539085950406,0.9837081773014513,0.9843366339718419,0.9848156299629357,0.9851327527357805,0.9852748800646727,0.9852328254576819,0.9839019531015981,0.9796732510023743,0.9776104392848955,0.9770597524282121,0.9770892738440947,0.9778981202098731,0.9817691071218,0.9909099814217537,0.994880656770376,0.9956431663513124,0.9964528113420856,0.9980865125771626,0.9987525824895854,0.9996297135851521,0.9998582325994166,0.9999696723079529,,,,,,,,,,,,,,,,,,,,,,,,,,,,,,,,,,,,,,,,,,,,,,,,,,,,,,,,,,,,,,,,,,,,,,,,,,,,,,,,,,,,,,,,,,,,,,,,,,,,,,,,,,,,,,,,,,,,,,,,,,,,,,,,,,,,,,,,,,,,,,,,,,,,,,,,
629,0.9552328206340632,0.9612976668424622,0.9649231122887109,0.9669706506428045,0.9680843581020775,0.9696279601201285,0.9730165562044504,0.9738962271614156,0.974837958160796,0.9758309520567677,0.9768575037773215,0.9779009532442342,0.9789435444009457,0.9799684404924984,0.9809632164685554,0.9827855156240117,0.9835641294103369,0.9842191027425317,0.9847268722006534,0.985075067732429,0.9852504709294143,0.985243464651904,0.9840258160342327,0.9799539481976891,0.9779549279136494,0.9774264948139527,0.9774684517701828,0.9782766243989818,0.982102937116699,0.9910582771157596,0.9945327043674848,0.9952232275721697,0.9960472241654786,0.9977437165551051,0.9984550743492814,0.9994388987188676,0.9997239735204472,0.999890912172659,0.9999743568077338,,,,,,,,,,,,,,,,,,,,,,,,,,,,,,,,,,,,,,,,,,,,,,,,,,,,,,,,,,,,,,,,,,,,,,,,,,,,,,,,,,,,,,,,,,,,,,,,,,,,,,,,,,,,,,,,,,,,,,,,,,,,,,,,,,,,,,,,,,,,,,,,,,,,,,,
630,0.9549210082162294,0.9609877828485908,0.9645924726988779,0.9666177851941049,0.9677168465821933,0.9692427156271317,0.9726336189939725,0.9735201617899643,0.9744709814478966,0.9754751405072314,0.9765146068594667,0.9775724627237898,0.9786308770955298,0.9796729560109535,0.9806863307264867,0.9825497283378877,0.9833502733411028,0.9840278286376402,0.984558593992648,0.9849300965140899,0.9851289667292792,0.9851452807786706,0.983995105343549,0.980004334603515,0.9780371444002846,0.9775208421014785,0.9775716611493419,0.9783846317553608,0.9822063171228753,0.9910951415881919,0.9943304629181247,0.9949277828466161,0.9957430484817481,0.99745134137671,0.9981842920390644,0.9992352711028919,0.9995598240994993,0.9997694128136166,0.9998986046785717,0.9999735791821298,,,,,,,,,,,,,,,,,,,,,,,,,,,,,,,,,,,,,,,,,,,,,,,,,,,,,,,,,,,,,,,,,,,,,,,,,,,,,,,,,,,,,,,,,,,,,,,,,,,,,,,,,,,,,,,,,,,,,,,,,,,,,,,,,,,,,,,,,,,,,,,,,,,,,,
632,0.9541310283641984,0.9601936083490717,0.9637586201537872,0.9657439820794558,0.9668174484330727,0.9683133710153976,0.9717152335413305,0.9726161324376498,0.9735855357282115,0.9746122693895048,0.9756777105706853,0.9767644213920427,0.9778542745900038,0.9789300404838629,0.9799791298088668,0.9819178465127694,0.9827560490377425,0.9834699451373844,0.9840347998757557,0.9844377274616449,0.9846650059061505,0.9847063657066765,0.9836098654196209,0.9796507469406908,0.9776916305170189,0.9771813763407551,0.9772426788035484,0.978073420699732,0.9819524899350303,0.9909143757226575,0.9941294243414454,0.9945213786511254,0.9952826416529476,0.9969272154281791,0.9976592966096088,0.9987651799221838,0.9991331716089925,0.9993994655958782,0.9996004428785643,0.9997629089622161,0.9998922805631434,,,,,,,,,,,,,,,,,,,,,,,,,,,,,,,,,,,,,,,,,,,,,,,,,,,,,,,,,,,,,,,,,,,,,,,,,,,,,,,,,,,,,,,,,,,,,,,,,,,,,,,,,,,,,,,,,,,,,,,,,,,,,,,,,,,,,,,,,,,,,,,,,,,,,
633,0.9536441549109825,0.9597200249629062,0.9632811059284909,0.9652592326752606,0.9663280872696534,0.9678197295695237,0.9712361418647731,0.9721444608492424,0.9731229025909346,0.9741602261782097,0.9752376056236312,0.9763374145282782,0.9774414113600066,0.9785322175822723,0.9795971095971068,0.9815686685601255,0.982423047943591,0.9831523402090323,0.9837313810381741,0.9841470829033643,0.9843855661872779,0.9844364497589115,0.9833578668314418,0.9794020671534166,0.9774417885391622,0.9769329629737168,0.9769990654260305,0.9778399549044355,0.9817557542994713,0.9907756232348777,0.9940273196991379,0.9943162341109331,0.9950471159836737,0.9966509175474872,0.9973774496430721,0.9984993966702261,0.998882442349029,0.9991701204944066,0.9993999625106145,0.999599223767523,0.9997735038487026,0.9999777329908822,,,,,,,,,,,,,,,,,,,,,,,,,,,,,,,,,,,,,,,,,,,,,,,,,,,,,,,,,,,,,,,,,,,,,,,,,,,,,,,,,,,,,,,,,,,,,,,,,,,,,,,,,,,,,,,,,,,,,,,,,,,,,,,,,,,,,,,,,,,,,,,,,,,,
634,0.9531045812914676,0.9592157462253312,0.9627926315655826,0.9647784362291347,0.9658520308351255,0.9673514425379394,0.9707923323514069,0.9717082695431726,0.9726953823346105,0.9737424139405018,0.9748304321012955,0.9759417128370255,0.9770579850932476,0.9781618099396252,0.979240397179662,0.9812408253583772,0.9821098939768268,0.9828537056061184,0.9834468502956676,0.9838761060944837,0.9841274743061774,0.9841904605530892,0.9831424578074447,0.9792126008409102,0.9772609733590256,0.9767569366564429,0.9768294245950087,0.9776796504458358,0.9816226982934928,0.9906674437743378,0.9938814651399697,0.9940731167606051,0.994780179227601,0.9963577785049278,0.997085323016866,0.9982323887460366,0.9986325533903405,0.998941262821419,0.9991969304286653,0.9994275173612188,0.9996392115725908,0.999922922682787,0.9999830093490423,,,,,,,,,,,,,,,,,,,,,,,,,,,,,,,,,,,,,,,,,,,,,,,,,,,,,,,,,,,,,,,,,,,,,,,,,,,,,,,,,,,,,,,,,,,,,,,,,,,,,,,,,,,,,,,,,,,,,,,,,,,,,,,,,,,,,,,,,,,,,,,,,,,
635,0.952513968020785,0.9586892628135156,0.9623060411335461,0.9643171982492185,0.965406531489189,0.9669278671407321,0.9704053526224476,0.9713293417134873,0.9723249275304198,0.9733808858967236,0.9744782740058497,0.9755993682401022,0.9767259825994317,0.9778407446072689,0.9789309130427861,0.9809566291931978,0.9818394421273762,0.9825978021056182,0.983206317704373,0.9836517330639831,0.9839199794607533,0.9840004126269346,0.9830063671185362,0.9791423786392442,0.9772164308716745,0.9767228628081157,0.9768042163727184,0.9776619115274109,0.9816143449934267,0.9906253846651281,0.9936698589710486,0.993771488179694,0.9944654800067082,0.9960415155008971,0.9967816504272615,0.9979714698523395,0.9983943327381114,0.9987262721031149,0.9990061853978696,0.9992631970332029,0.9995046170052969,0.999849153120188,0.9999394080164553,0.9999858084823671,,,,,,,,,,,,,,,,,,,,,,,,,,,,,,,,,,,,,,,,,,,,,,,,,,,,,,,,,,,,,,,,,,,,,,,,,,,,,,,,,,,,,,,,,,,,,,,,,,,,,,,,,,,,,,,,,,,,,,,,,,,,,,,,,,,,,,,,,,,,,,,,,,
636,0.9518639169081954,0.9581335555929597,0.9618152150609969,0.9638700502964942,0.9649865832822964,0.9665447623214357,0.9700724747862827,0.9710052745681169,0.9720094574967699,0.9730738724059236,0.9741796512306643,0.9753091608912413,0.9764444139617258,0.97756823269589,0.9786680462132987,0.9807157797904229,0.9816115353046214,0.9823846233173349,0.9830099446023339,0.9834743160020792,0.9837636509895062,0.9838671139914378,0.9829512713992266,0.979194658319619,0.977312034791951,0.9768347418439896,0.9769273823531991,0.9777903725616323,0.9817330512495157,0.9906506987241442,0.9933939622625666,0.993416093075223,0.9941085796438877,0.9957087593251657,0.9964732109355964,0.9977230792603372,0.9981740206565409,0.9985311831680163,0.9988335744947938,0.999111966025322,0.999375303506872,0.9997618633800532,0.999874370818085,0.9999450725519854,0.9999859019881026,,,,,,,,,,,,,,,,,,,,,,,,,,,,,,,,,,,,,,,,,,,,,,,,,,,,,,,,,,,,,,,,,,,,,,,,,,,,,,,,,,,,,,,,,,,,,,,,,,,,,,,,,,,,,,,,,,,,,,,,,,,,,,,,,,,,,,,,,,,,,,,,,
637,0.9511431368798364,0.9575316093628151,0.9612997796435125,0.9634148778882028,0.9645693265427392,0.9661789929447365,0.969772890667486,0.9707160854085259,0.9717298925722213,0.9728032497981723,0.9739174161140767,0.9750549041208428,0.9761979922867623,0.9773297776750394,0.978437936315322,0.9805049780968944,0.9814126431593231,0.9821999426340947,0.9828422692561058,0.9833265989999316,0.983638881173522,0.9837680853334922,0.9829435151999176,0.9793188260130178,0.9774897728228382,0.9770317614249542,0.9771364304608121,0.9780024678268366,0.9819218019872209,0.9907132365692785,0.993094895135507,0.9930596326780319,0.9937603678416338,0.9954015857648163,0.9961957362484816,0.9975095766782902,0.9979885755795272,0.9983689316670069,0.9986894618810411,0.9989826959903593,0.9992593093164854,0.99966893196537,0.9997952217658785,0.9998835237869127,0.9999465166380809,0.9999867349432863,,,,,,,,,,,,,,,,,,,,,,,,,,,,,,,,,,,,,,,,,,,,,,,,,,,,,,,,,,,,,,,,,,,,,,,,,,,,,,,,,,,,,,,,,,,,,,,,,,,,,,,,,,,,,,,,,,,,,,,,,,,,,,,,,,,,,,,,,,,,,,,,
638,0.9503493035265097,0.9568749690910673,0.9607470887399866,0.9629364175966325,0.9641380770463293,0.9658124496835606,0.9694887904746529,0.9704444160326294,0.9714694292917395,0.9725528539545906,0.9736761004910822,0.9748218516124186,0.9759726778801296,0.977111986157963,0.9782277316759702,0.9803118930821683,0.981230253654966,0.9820306443275649,0.9826890707274354,0.9831927281057029,0.9835276496824743,0.9836826368257406,0.9829518134807714,0.9794668846195363,0.9776944602548604,0.9772561776507644,0.9773722764342946,0.9782394783734948,0.9821284219255592,0.9907870309338153,0.9928117021404639,0.9927466519343292,0.9934624279674965,0.9951520811499651,0.9959755409659546,0.9973460793722382,0.9978486369906467,0.9982469521647065,0.9985794932266864,0.998880413693843,0.9991619309916947,0.9995777747885001,0.9997100214535033,0.9998088795521238,0.9998881121857139,0.9999499884451762,0.9999875978365781,,,,,,,,,,,,,,,,,,,,,,,,,,,,,,,,,,,,,,,,,,,,,,,,,,,,,,,,,,,,,,,,,,,,,,,,,,,,,,,,,,,,,,,,,,,,,,,,,,,,,,,,,,,,,,,,,,,,,,,,,,,,,,,,,,,,,,,,,,,,,,,
640,0.9485815086476279,0.9554160220782276,0.9595332236801812,0.9619021556251048,0.963219220379611,0.965053063382527,0.9689309388789278,0.9699158292338909,0.9709665625707927,0.9720723429618032,0.9732149650270281,0.9743775147879378,0.9755431624179179,0.9766959547310846,0.977824396312817,0.9799353326214881,0.9808703936442513,0.981691834733602,0.982377047214437,0.982913754281082,0.9832882591366203,0.9834891656450969,0.9829303337097256,0.9797099951495508,0.9780446946150835,0.9776428858191212,0.9777791272474087,0.9786465355257008,0.9824742559289801,0.9909020996151512,0.9923415231143587,0.9922851857889021,0.9930403518189692,0.9948269234074824,0.9956988828615846,0.9971486820400016,0.9976800904107541,0.9980956902658904,0.998433131103068,0.9987291273087778,0.9989983701998875,0.999384380473051,0.9995094824634768,0.9996124888115041,0.9997096558101278,0.9998033128972628,0.999883059792144,0.9999444475374623,,,,,,,,,,,,,,,,,,,,,,,,,,,,,,,,,,,,,,,,,,,,,,,,,,,,,,,,,,,,,,,,,,,,,,,,,,,,,,,,,,,,,,,,,,,,,,,,,,,,,,,,,,,,,,,,,,,,,,,,,,,,,,,,,,,,,,,,,,,,,,
641,0.9476569640089242,0.9546343935755851,0.9588715352900292,0.9613310091292548,0.9627070175454172,0.9646232995468869,0.968607005278152,0.9696073475529192,0.9706716421903351,0.9717891845354184,0.9729419758747168,0.9741132853273963,0.9752864744176535,0.9764457726813084,0.9775797809888345,0.9797000771684512,0.9806397967701442,0.9814665323774165,0.9821581231481232,0.9827024630654384,0.9830859834757141,0.9832973564383438,0.9827782064532762,0.9796187576305926,0.9779775513209688,0.9775843106185704,0.9777265060931434,0.9785974852349162,0.9824265569302776,0.9908510996114829,0.9922692176165094,0.992236877202487,0.9929990605809196,0.9947958037704387,0.9956693942928068,0.9971138608028853,0.9976394235062176,0.9980468544200195,0.9983740495008607,0.9986582499534711,0.9989148319810618,0.9992789584480145,0.9993978607960349,0.9994996240354972,0.9996010703652835,0.9997046576687673,0.9997996030490369,0.9998807603147987,0.9999866438246259,,,,,,,,,,,,,,,,,,,,,,,,,,,,,,,,,,,,,,,,,,,,,,,,,,,,,,,,,,,,,,,,,,,,,,,,,,,,,,,,,,,,,,,,,,,,,,,,,,,,,,,,,,,,,,,,,,,,,,,,,,,,,,,,,,,,,,,,,,,,,
643,0.9458549891759832,0.9530352740212926,0.9574607762608176,0.9600695662882033,0.9615449979056906,0.9636034825732536,0.967778626975182,0.9688083645340361,0.9698990215180927,0.9710400578963935,0.972213839839509,0.973403851567562,0.9745934008132685,0.9757665360832304,0.9769113885623502,0.979043087556523,0.979983086673101,0.9808059869021934,0.981489426102568,0.9820211974867153,0.9823878582133696,0.982578699492001,0.9819795288725025,0.9786873256615419,0.9769893471081323,0.9765797329397831,0.9767208919062377,0.9776138764145046,0.981565349314211,0.9903701190300057,0.9926420651390552,0.9926679016094191,0.9933882489007752,0.9950629872492411,0.9958653972008076,0.997164756518393,0.9976209371746202,0.9979677286529433,0.9982461010590964,0.998492187895717,0.9987212157529185,0.9990578553669645,0.9991732779482281,0.9992763994099026,0.9993823504003931,0.9994937219038441,0.9996023329641076,0.9997048386974572,0.9998767215976775,0.9999376222366656,,,,,,,,,,,,,,,,,,,,,,,,,,,,,,,,,,,,,,,,,,,,,,,,,,,,,,,,,,,,,,,,,,,,,,,,,,,,,,,,,,,,,,,,,,,,,,,,,,,,,,,,,,,,,,,,,,,,,,,,,,,,,,,,,,,,,,,,,,,,
644,0.9449613862091681,0.9522002509442948,0.9566915250785377,0.9593567268450496,0.960871140625617,0.9629876170626783,0.9672477788552382,0.9682917346973738,0.9693955739263405,0.9705488034504575,0.971733909028077,0.972934383236006,0.9741332961595504,0.9753143549035856,0.9764651737597658,0.9786007739448007,0.9795376479284855,0.9803529894072595,0.9810238456179702,0.981537771101796,0.981881330568552,0.9820443232901832,0.9813370195898068,0.9778701280082525,0.9760990719702816,0.9756667764262961,0.9758014346574622,0.9767109130988513,0.9807719493863206,0.9899303833185299,0.9930173523290314,0.9930862350280846,0.9937641583787259,0.9953200981541309,0.9960555938821477,0.9972248787456509,0.9976221055821998,0.9979202845187916,0.9981629206918932,0.9983845099590495,0.9985993143070694,0.998929689165449,0.999046710295642,0.9991509053062094,0.9992554374642763,0.9993630990492619,0.9994690010480366,0.9995724530021672,0.9997593663810052,0.9998401584053597,0.9999751355275593,,,,,,,,,,,,,,,,,,,,,,,,,,,,,,,,,,,,,,,,,,,,,,,,,,,,,,,,,,,,,,,,,,,,,,,,,,,,,,,,,,,,,,,,,,,,,,,,,,,,,,,,,,,,,,,,,,,,,,,,,,,,,,,,,,,,,,,,,,,
645,0.9440436876375808,0.9513288976148916,0.9558768325646232,0.9585921770055071,0.9601417810639554,0.9623115960247253,0.9666530471654425,0.9677110749474566,0.9688281110432435,0.9699936841829597,0.9711903631584895,0.9724016150970347,0.9736102317807368,0.974799542191152,0.9759566215492776,0.9780964373590018,0.979030082484943,0.979837495359058,0.98049507489797,0.9809901241677738,0.9813092139355136,0.9814426666323869,0.9806205984600237,0.9769695800960269,0.9751219873751014,0.9746658553848729,0.9747933435610169,0.9757191617349315,0.9798912728668191,0.9894162727417188,0.9933612864538752,0.9934887120965424,0.9941260368246914,0.9955636244870036,0.9962309385326801,0.9972661887772741,0.9976027933756294,0.997851039083793,0.9980569078718801,0.9982529981430013,0.9984523428946624,0.9987736959481814,0.9988904626136031,0.9989933801254559,0.999093619478893,0.999194295127519,0.9992943310792024,0.9993960431142257,0.9995938303211482,0.9996931012916724,0.9998993642930804,0.9999743986876248,,,,,,,,,,,,,,,,,,,,,,,,,,,,,,,,,,,,,,,,,,,,,,,,,,,,,,,,,,,,,,,,,,,,,,,,,,,,,,,,,,,,,,,,,,,,,,,,,,,,,,,,,,,,,,,,,,,,,,,,,,,,,,,,,,,,,,,,,,
646,0.9431016037991384,0.9504292296906958,0.9550293242992131,0.9577911307259949,0.9593735655512481,0.9615938044728479,0.9660144187786186,0.9670865130605795,0.968216844117543,0.9693949326065397,0.9706033906396205,0.9718256400398088,0.9730442087577412,0.9742420853245713,0.9754058820886046,0.9775515655250211,0.978483331511504,0.9792846773388612,0.9799314507143162,0.9804107565453987,0.9807091902425629,0.9808175407882047,0.9798975621893102,0.9760908907306156,0.9741792512780908,0.9737032994445245,0.973824992333625,0.9747647282592028,0.979030931201156,0.9888778857613679,0.9935958232284106,0.9938030723952872,0.9944119854710493,0.9957563068634343,0.9963664694596935,0.9972851708793737,0.9975685008996841,0.997772243256107,0.9979443565479338,0.9981155703420819,0.99829762592796,0.9986023461596918,0.9987144049883537,0.9988119542137937,0.9989046024029165,0.9989959392927316,0.9990887525437314,0.9991882310436297,0.9993972961839429,0.9995142304502229,0.9997851989712718,0.9999055041376734,0.9999779535998194,,,,,,,,,,,,,,,,,,,,,,,,,,,,,,,,,,,,,,,,,,,,,,,,,,,,,,,,,,,,,,,,,,,,,,,,,,,,,,,,,,,,,,,,,,,,,,,,,,,,,,,,,,,,,,,,,,,,,,,,,,,,,,,,,,,,,,,,,
647,0.9421680284049073,0.9495180663082852,0.9541530723518759,0.9569483939077026,0.9585554390884462,0.9608153402536896,0.9653045754813842,0.9663898803369291,0.9675330346892915,0.968723514490293,0.9699439131181439,0.9711775584995772,0.9724066789345764,0.9736138999468564,0.9747853837558914,0.9769393782267518,0.9778706406365311,0.9786673468845374,0.9793047543230881,0.9797697661859357,0.9800489929531992,0.9801336593354706,0.9791199294567023,0.9751644480298546,0.9731925346219915,0.9726982342755542,0.9728148574406272,0.9737679275995688,0.9781226680405146,0.9882790813362095,0.9937552172155282,0.9940598990638392,0.9946475832867344,0.9959133642134776,0.9964731495693511,0.997286871896716,0.9975219406542348,0.9976852325190142,0.9978264421792383,0.9979744195213797,0.9981395647138792,0.9984258152928455,0.9985314405095378,0.9986216572551381,0.9987046815761715,0.9987846417557148,0.9988682063430541,0.9989634028774449,0.9991793312689176,0.9993110674757874,0.9996391478506339,0.9998005560586507,0.9999162382724486,0.9999798769681535,,,,,,,,,,,,,,,,,,,,,,,,,,,,,,,,,,,,,,,,,,,,,,,,,,,,,,,,,,,,,,,,,,,,,,,,,,,,,,,,,,,,,,,,,,,,,,,,,,,,,,,,,,,,,,,,,,,,,,,,,,,,,,,,,,,,,,,,
648,0.9412707964504957,0.9486091717914413,0.9532503969067251,0.9560578449683588,0.9576758972519728,0.9599574394088383,0.9644967677336463,0.9655935753143617,0.9667484829459142,0.9679508798436535,0.9691832598276342,0.9704287863884107,0.9716693164777368,0.9728870484423096,0.974067666603471,0.9762333762026315,0.9771658122446063,0.9779593380011299,0.9785884835564957,0.9790399061728348,0.979300199122735,0.9793610029354809,0.97825052600782,0.9741404735372965,0.9721072028827098,0.9715947699706641,0.971706961250214,0.9726741707039264,0.9771191268360903,0.9875912016079038,0.9938516511158132,0.9942699370153683,0.9948413112103228,0.9960393417113045,0.996554444028872,0.9972742378227075,0.9974658411172469,0.997592802753612,0.997706470998508,0.9978338593231352,0.9979840759794708,0.9982536619129632,0.9983528691975767,0.9984353015850814,0.9985078053722048,0.998575009067634,0.9986472627433998,0.9987353203412297,0.9989504874978321,0.9990924958137859,0.9994681006505473,0.9996659018921368,0.9998206232207026,0.9999225473812245,0.9999809328154492,,,,,,,,,,,,,,,,,,,,,,,,,,,,,,,,,,,,,,,,,,,,,,,,,,,,,,,,,,,,,,,,,,,,,,,,,,,,,,,,,,,,,,,,,,,,,,,,,,,,,,,,,,,,,,,,,,,,,,,,,,,,,,,,,,,,,,,
649,0.9404241178564685,0.947701545360661,0.9523081523090636,0.9550975319403026,0.9567074567829078,0.9589853411524567,0.9635488537967146,0.9646548051105513,0.9658200147379792,0.9670337317107989,0.9682782433385309,0.9695364496915656,0.9707897225004705,0.9720197222438267,0.9732115851810561,0.9753936798325001,0.9763293764964901,0.9771212845091339,0.9777429685440051,0.978180756223232,0.9784211711504509,0.9784562639267051,0.9772385594042313,0.9729553439829288,0.9708546891513193,0.970322998352766,0.9704311905148539,0.9714145779265417,0.9759583415361264,0.9867722432391491,0.9938905072624366,0.994442240346923,0.9950010597453667,0.9961395115310986,0.996614669061257,0.9972505204183039,0.9974028735165371,0.9974972687946376,0.9975867720732182,0.9976966427614526,0.9978348136502477,0.9980917313069076,0.998185509114976,0.9982604069283286,0.9983218231220841,0.998374806598113,0.9984331168525437,0.9985101292584295,0.9987138270772455,0.9988600905537028,0.9992718923393837,0.9995010264091584,0.9996903114335095,0.999826859902069,0.9999214252995344,0.9999789610133967,,,,,,,,,,,,,,,,,,,,,,,,,,,,,,,,,,,,,,,,,,,,,,,,,,,,,,,,,,,,,,,,,,,,,,,,,,,,,,,,,,,,,,,,,,,,,,,,,,,,,,,,,,,,,,,,,,,,,,,,,,,,,,,,,,,,,,
651,0.938891663180026,0.9458584983541082,0.9502399962382254,0.952878078277981,0.954398734147981,0.9565724955106388,0.9610840379542411,0.9621988600278665,0.9633787096606206,0.9646123705644208,0.9658813317752928,0.967167601373941,0.9684511422780352,0.9697121001588994,0.9709342100627999,0.9731661032502394,0.974115707627217,0.9749095595234694,0.9755183314267446,0.975927341671667,0.9761227605392762,0.9760974599185077,0.974617896633714,0.9699044322246314,0.9676402961356126,0.9670640183950568,0.9671653662969139,0.9681902337724833,0.9729728538710672,0.9845895316126396,0.9937375360522104,0.9946181676443993,0.9951600674582634,0.9961989555040952,0.996607751618438,0.9971074556952432,0.9971947174369693,0.9972364366597821,0.9972896190606858,0.9973764327756751,0.9975030417274406,0.9977548262765729,0.9978443655529748,0.9979078878407729,0.9979474033316023,0.9979683864500238,0.9979901683553141,0.9980309162124155,0.9981709267277978,0.9983029757724148,0.9987462746256536,0.9990203711981624,0.9992628998089522,0.9994550447665473,0.9996137690203941,0.9997488915698988,0.9998669681921701,,,,,,,,,,,,,,,,,,,,,,,,,,,,,,,,,,,,,,,,,,,,,,,,,,,,,,,,,,,,,,,,,,,,,,,,,,,,,,,,,,,,,,,,,,,,,,,,,,,,,,,,,,,,,,,,,,,,,,,,,,,,,,,,,,,,,
653,0.9374414475541966,0.9438642638723186,0.9478226379155454,0.9501611492892585,0.9514979523051574,0.9534414317649909,0.957767917960127,0.9588786005230747,0.9600645004328984,0.961313683673382,0.9626063265261124,0.9639230965216422,0.9652421013386856,0.9665415669368006,0.9678036516764398,0.9701091600597059,0.9710849120448128,0.9718918322890698,0.9724967852699206,0.9728837662242988,0.9730383521886762,0.9729540685294301,0.9712014682983693,0.9660303371761803,0.9635996370400316,0.9629818168731196,0.9630818079553916,0.964154387726521,0.9691869567334342,0.9816280923805774,0.9929158931102087,0.9942096425026291,0.9947661065776107,0.995781510915107,0.9961671601465668,0.9966180730417852,0.9966781375727815,0.996699613658718,0.9967429966929598,0.9968283826120815,0.9969611393848102,0.9972288035588109,0.9973190495323738,0.9973734035189862,0.997390774035582,0.9973766199124485,0.997353444227173,0.9973427894094623,0.9973721468965776,0.9974597197505983,0.9978666732618989,0.9981500893126026,0.998412643609001,0.9986323650498227,0.9988356360837057,0.9990411327526848,0.9992654803049628,0.9997442201270264,,,,,,,,,,,,,,,,,,,,,,,,,,,,,,,,,,,,,,,,,,,,,,,,,,,,,,,,,,,,,,,,,,,,,,,,,,,,,,,,,,,,,,,,,,,,,,,,,,,,,,,,,,,,,,,,,,,,,,,,,,,,,,,,,,,,
658,0.9307253209909014,0.9348745157858896,0.9370282974106626,0.9380686389108114,0.9385977114131384,0.9395018970352855,0.9428674397074863,0.9439155172597443,0.9450795495059706,0.9463449476246135,0.9476868554554406,0.9490809546794097,0.950498791659906,0.9519119011175915,0.9532972601385267,0.9558407360154472,0.9569042631412836,0.9577569434418292,0.9583519566437909,0.9586685086232406,0.958689788523946,0.9584109183654734,0.9557477714928871,0.949048537017432,0.9460720035960821,0.9453211676767337,0.945417660053252,0.9466395051029304,0.9524423977905655,0.9674050595746545,0.985393713534052,0.9880137163354098,0.9886455304944142,0.9896818180855977,0.9900600547981254,0.9905120529654547,0.9905632884335809,0.990594279792918,0.9906747571690796,0.9908192454953788,0.9910309353438083,0.9914402211773529,0.9915615722938946,0.991602605538672,0.9915521424626432,0.9914146894542386,0.9912193564320144,0.9909971942192207,0.9905316814691969,0.9903912303115483,0.990502981591566,0.9907276259557143,0.990970467341772,0.9912028056770618,0.9914886344421234,0.9918828711408619,0.9924416913198834,0.9941317802045004,0.9962966580227053,,,,,,,,,,,,,,,,,,,,,,,,,,,,,,,,,,,,,,,,,,,,,,,,,,,,,,,,,,,,,,,,,,,,,,,,,,,,,,,,,,,,,,,,,,,,,,,,,,,,,,,,,,,,,,,,,,,,,,,,,,,,,,,,,,,
665,0.9031160897336445,0.9035067097046301,0.9027622742568455,0.9017467745316443,0.9010008810092168,0.9002595920642065,0.9020222136972252,0.9029372506189987,0.9040266864164395,0.9052722615828594,0.906642256926614,0.908105315496638,0.9096227876576063,0.9111557045868254,0.9126725495171558,0.915454769627628,0.9165838690900793,0.9174327505524855,0.9179331414059396,0.9180567567326643,0.9177833752808888,0.9171116538229673,0.9127515266142786,0.9033137115059443,0.8993636077935739,0.8983690069691569,0.8984418311672672,0.8998973685420648,0.9069664567462266,0.9262419273918258,0.9561088817579942,0.9610908544618249,0.9618213809008199,0.9627672325230011,0.9630410174130277,0.9632817314002905,0.9632127802794571,0.9631592560864715,0.9632067002309042,0.9633571555604944,0.963608385286309,0.9640875434824402,0.9641885630027238,0.9641435093711619,0.963923382921162,0.9635319514169125,0.9630146603647675,0.9624211932841729,0.9611394257579993,0.9606443066017136,0.9603482958720054,0.9605326278072327,0.96080613459727,0.9611255637082825,0.9616140313083211,0.9623828172110802,0.9635510838385282,0.9673317473803849,0.9727084374428406,0.9889192572130985,,,,,,,,,,,,,,,,,,,,,,,,,,,,,,,,,,,,,,,,,,,,,,,,,,,,,,,,,,,,,,,,,,,,,,,,,,,,,,,,,,,,,,,,,,,,,,,,,,,,,,,,,,,,,,,,,,,,,,,,,,,,,,,,,,
668,0.8885169610420703,0.8878366206994832,0.8863084175866751,0.8847530743135269,0.8836763259947655,0.882511317663098,0.8838529894939611,0.8847290162356353,0.8857933334793635,0.8870269282101371,0.8883966846051039,0.8898696188698252,0.8914041300383577,0.8929580851440762,0.8944970863959153,0.8973086464901059,0.8984326818074206,0.8992530849269645,0.8996951258432146,0.8997282201650668,0.8993312759142609,0.8985046402642053,0.893515731093208,0.8830885153061933,0.8787854761969996,0.8777018019489431,0.8777651590577396,0.8793060029388143,0.8868423016893682,0.9076977387927113,0.9418992385972749,0.9476370331818345,0.948355608374195,0.9491616142322269,0.9493423434276763,0.9493995232729388,0.949236982914389,0.9491078467435526,0.9491048053023936,0.9492250316043184,0.9494646257793202,0.9499363741912438,0.9500229240540523,0.9499455073061278,0.949667901313646,0.9491934485578161,0.9485739311108309,0.9478659083649733,0.9463444558081957,0.945756914703045,0.9453974769086108,0.9456115480019487,0.9459377014978363,0.9463240801352855,0.9469128284221241,0.9478326044682724,0.9492219886260486,0.9537062377808933,0.9601147194246133,0.9802987513900692,0.9987093550379527,,,,,,,,,,,,,,,,,,,,,,,,,,,,,,,,,,,,,,,,,,,,,,,,,,,,,,,,,,,,,,,,,,,,,,,,,,,,,,,,,,,,,,,,,,,,,,,,,,,,,,,,,,,,,,,,,,,,,,,,,,,,,,,,,
669,0.8841922268532567,0.8832936354017408,0.8816173965872733,0.8799649541041241,0.8788300917371484,0.8775924994475491,0.8788643066407912,0.8797339318788789,0.8807941061219295,0.8820257226063776,0.8833955002760303,0.8848701900121365,0.8864075204765048,0.8879646060501761,0.8895062773998735,0.8923173309044151,0.8934353782994037,0.8942435104618792,0.8946654784449789,0.8946701430783354,0.8942362443805096,0.8933646873688709,0.8881995270871234,0.8774976848203778,0.8730958682165822,0.871987189514636,0.8720481159305344,0.8736139853169546,0.8812868470504771,0.9025968644282724,0.9380181072601964,0.9439423174105716,0.9446464493282587,0.9453886029131962,0.9455305632242044,0.9455117618968383,0.9453116706471317,0.9451513566619621,0.9451258981715811,0.9452310202743438,0.9454623902161683,0.9459268953404926,0.9460089051074344,0.9459231742524515,0.9456312907411554,0.9451364777284771,0.9444924995958967,0.9437579563475615,0.9421843884461615,0.9415803930531633,0.9412248965367885,0.9414586397963843,0.9418100767238575,0.9422240873967684,0.9428475212120675,0.9438130916584493,0.9452639186980806,0.9499296558212684,0.9565904007696066,0.9777261958501209,0.9979457874970032,0.9999084775191175,,,,,,,,,,,,,,,,,,,,,,,,,,,,,,,,,,,,,,,,,,,,,,,,,,,,,,,,,,,,,,,,,,,,,,,,,,,,,,,,,,,,,,,,,,,,,,,,,,,,,,,,,,,,,,,,,,,,,,,,,,,,,,,,
670,0.8802404686249035,0.8791960130649402,0.8774312055447193,0.8757253843924537,0.8745600415189037,0.8732865067817158,0.8745271961478498,0.8753943269296169,0.8764530336042524,0.8776841902072321,0.8790544984741787,0.8805305802644446,0.8820696460456467,0.8836282054003333,0.8851704097952802,0.8879760617446608,0.8890860044931396,0.8898804537235087,0.8902819628752,0.8902589476227092,0.8897900451794667,0.8888767210627032,0.8835512038710777,0.872601223033982,0.8681096376852492,0.8669781565419811,0.8670369448200628,0.8686261511859763,0.8764263882978387,0.8981586874330152,0.9346973858187794,0.9407814769178288,0.9414671072091904,0.9421376283790409,0.9422364940543311,0.9421322179234748,0.9418902696491822,0.941694621954083,0.941642717396835,0.9417288613960112,0.9419482850659064,0.9424001205843834,0.9424763304333025,0.9423822566596304,0.9420774393609838,0.9415650451920142,0.9409009315883261,0.940145700619487,0.9385350671236726,0.9379227044072905,0.9375856143733177,0.9378449863953737,0.9382267522938083,0.9386723518645903,0.9393323723078209,0.9403425723731987,0.9418495514550334,0.9466708199376412,0.9535371165384661,0.9754320816647638,0.9971367867039485,0.9996740071609899,0.9999270821886401,,,,,,,,,,,,,,,,,,,,,,,,,,,,,,,,,,,,,,,,,,,,,,,,,,,,,,,,,,,,,,,,,,,,,,,,,,,,,,,,,,,,,,,,,,,,,,,,,,,,,,,,,,,,,,,,,,,,,,,,,,,,,,,
671,0.8767132633585707,0.8755918834918426,0.8737942217015184,0.8720756740541119,0.8709054916211013,0.8696300152200835,0.8708760577489794,0.8717445465446726,0.8728045395239691,0.8740369567373396,0.8754086112724792,0.8768861171301219,0.8784263116470062,0.8799852427381508,0.8815264790553078,0.8843233304903244,0.8854238801940106,0.8862041009916445,0.8865856569459634,0.8865366240502744,0.8860355949339191,0.8850845828295328,0.8796173142709289,0.8684491838148766,0.8638782814790005,0.8627267096204873,0.8627839306188668,0.864394727410042,0.8723118788336931,0.8944290669507322,0.9319693048812769,0.9381851181139469,0.9388488347264208,0.9394423514538093,0.9394954474004057,0.9392999387652827,0.939013699604001,0.9387803345733531,0.9386995936391147,0.9387644281590048,0.9389696440609624,0.9394058537798423,0.9394759781705825,0.9393743108574373,0.9390585089108553,0.9385317398092689,0.9378519976629098,0.9370818174183422,0.935448201333002,0.9348347222284019,0.9345283091080439,0.9348179796129945,0.9352338143469624,0.9357137087612379,0.9364110860029302,0.9374638134688057,0.9390209692095514,0.9439714060678828,0.9509975764297008,0.9734654228835431,0.9963353109534189,0.9993478486453575,0.9997398916047728,0.9999415430941146,,,,,,,,,,,,,,,,,,,,,,,,,,,,,,,,,,,,,,,,,,,,,,,,,,,,,,,,,,,,,,,,,,,,,,,,,,,,,,,,,,,,,,,,,,,,,,,,,,,,,,,,,,,,,,,,,,,,,,,,,,,,,,
672,0.8735990383328683,0.8724606803488386,0.8706776925787929,0.868980801138698,0.8678274261913892,0.8665787529632115,0.8678616497586489,0.8687350309066287,0.8697989644043631,0.871034465977493,0.8724085579658158,0.873887942665275,0.8754292114273149,0.8769880792762604,0.8785276280775953,0.881314118553363,0.8824049716792913,0.8831714023428607,0.883534460760994,0.8834619788450402,0.8829325525302347,0.8819487138049061,0.8763602339112608,0.8650062765786027,0.8603676907881501,0.8591992320349258,0.8592557720973316,0.8608864029260656,0.8689088369634693,0.891369743928395,0.9297888537204584,0.9361104110913885,0.9367503435597614,0.9372654544411264,0.9372723941426077,0.9369846324083878,0.9366539268108981,0.9363825210457092,0.9362723640045475,0.9363151521274552,0.9365052881209213,0.9369249762196417,0.9369894071024102,0.9368813399752759,0.9365567461664354,0.9360188509654611,0.935327768462794,0.934547868505446,0.9329035229804984,0.9322948802021664,0.9320282550208687,0.9323511672138524,0.9328031629352558,0.9333186176094613,0.9340529891425183,0.9351454417022943,0.9367466575926479,0.9418016831313163,0.9489468624196603,0.9718231772103277,0.995570924791594,0.99896652075084,0.9994757311111278,0.9997890291545697,0.9999519349880427,,,,,,,,,,,,,,,,,,,,,,,,,,,,,,,,,,,,,,,,,,,,,,,,,,,,,,,,,,,,,,,,,,,,,,,,,,,,,,,,,,,,,,,,,,,,,,,,,,,,,,,,,,,,,,,,,,,,,,,,,,,,,
673,0.8708089055919076,0.8696940587254105,0.8679563074298421,0.8663026619885256,0.8651796033126431,0.8639756848866308,0.8653159434526622,0.8661967886417324,0.8672667548370239,0.8685069773931476,0.8698847343533637,0.8713668699360988,0.8729098228419665,0.8744690759634199,0.8760073164774208,0.8787845878015271,0.8798669059825761,0.8806214348990526,0.8809688213670087,0.8808767285905055,0.8803237848973235,0.8793129874309874,0.8736260412636869,0.8621211445472626,0.857428131139657,0.8562467577167383,0.8563040488888334,0.8579528109497809,0.8660671825816416,0.88882496004573,0.9279932774539131,0.9344005021560763,0.9350179538460741,0.9354610039972975,0.93542571058948,0.9350533533086898,0.934681982459301,0.9343757111286014,0.9342384786925974,0.9342609053989176,0.9344370609817562,0.9348418780469511,0.9349017146054881,0.9347888436070716,0.9344578087593332,0.933911935205632,0.9332132814399452,0.9324278585711391,0.9307815627766912,0.9301812710648149,0.9299575657203618,0.9303133584701104,0.9308004762128593,0.9313500755210561,0.9321190464881115,0.9332473027253412,0.9348865305743351,0.940026099508395,0.9472604095029105,0.9704296509481732,0.9948459130985712,0.9985521976959969,0.9991601623219629,0.9995697579308451,0.9998249083706149,0.9999598971717015,,,,,,,,,,,,,,,,,,,,,,,,,,,,,,,,,,,,,,,,,,,,,,,,,,,,,,,,,,,,,,,,,,,,,,,,,,,,,,,,,,,,,,,,,,,,,,,,,,,,,,,,,,,,,,,,,,,,,,,,,,,,
674,0.8682992155050243,0.8672345959324568,0.8655603264195851,0.863962127318148,0.8628768999104703,0.8617277249166294,0.8631378384350309,0.8640280581220119,0.8651057955332456,0.8663523102081332,0.8677351427105298,0.8692213002005109,0.8707671377338305,0.8723279866945932,0.8738662295947849,0.8766376925485299,0.8777138717433837,0.878459621446946,0.8787953472695059,0.8786886035812774,0.8781180650408887,0.8770871192960481,0.8713266897975277,0.859708357978002,0.8549756022405354,0.853785924890693,0.8538458471975394,0.8555111025628143,0.8637027830103375,0.8867057031362336,0.9264851872408262,0.9329606216089219,0.9335589171133931,0.9339416609973513,0.9338712732645587,0.9334287303790126,0.93302366148872,0.9326885532938337,0.9325290622109592,0.9325349782421871,0.9327001494810124,0.9330945383726332,0.9331518205485649,0.9330364011803336,0.9327016942202803,0.9321511514223174,0.9314484656722837,0.9306610220387462,0.9290189052337707,0.9284285771827432,0.9282462929933709,0.9286320379031716,0.9291507603200442,0.9297308846692052,0.9305302946134019,0.9316893102700141,0.9333602223885796,0.9385668810395219,0.9458676240462909,0.9692470015287235,0.9941719470822563,0.9981280655936399,0.9988179932594923,0.999309009246103,0.9996436664609214,0.9998550810138265,0.999967083054855,,,,,,,,,,,,,,,,,,,,,,,,,,,,,,,,,,,,,,,,,,,,,,,,,,,,,,,,,,,,,,,,,,,,,,,,,,,,,,,,,,,,,,,,,,,,,,,,,,,,,,,,,,,,,,,,,,,,,,,,,,,
676,0.8642471444472899,0.8633669073475096,0.8618770477151763,0.8604282971110192,0.8594425881785176,0.8584349107025236,0.8600260805088635,0.86094162624868,0.8620409837124251,0.8633056679676285,0.8647037559298919,0.866202633858868,0.8677586855966288,0.8693271693689743,0.8708701161094776,0.8736415334515155,0.8747131567744109,0.8754511313674743,0.8757758496897082,0.8756548211242005,0.8750668518514036,0.8740158909454718,0.8681822108714843,0.8564467404242556,0.8516772788691568,0.8504844725971401,0.8505553285313007,0.8522492577792126,0.8605548127918987,0.8839030907973089,0.9245114603272498,0.9310729966581323,0.931642164440093,0.9319368383074683,0.931815928780963,0.9312725431443686,0.930819304895001,0.9304432217674722,0.9302526346641506,0.9302363567326588,0.9303880755758043,0.9307746054235424,0.9308328098734837,0.9307188939092236,0.9303848812490846,0.9298346028670703,0.9291342731363794,0.9283533549245541,0.9267387604058315,0.9261739627344463,0.92607229367553,0.9265106097627023,0.9270834006252857,0.9277149205615215,0.9285636492625752,0.9297695665541157,0.9314848626834452,0.936771404204533,0.9441320097385866,0.9676612068763171,0.9930835590856181,0.9973398119423544,0.9981383675281849,0.9987432439691339,0.9991949510729686,0.9995245786220195,0.9997528390262765,0.9998971024284183,,,,,,,,,,,,,,,,,,,,,,,,,,,,,,,,,,,,,,,,,,,,,,,,,,,,,,,,,,,,,,,,,,,,,,,,,,,,,,,,,,,,,,,,,,,,,,,,,,,,,,,,,,,,,,,,,,,,,,,,,,
677,0.8629190590130507,0.8621891086296775,0.8608324798366286,0.8594864248162912,0.8585678159666322,0.8576540076581398,0.859364219804907,0.8602966486465902,0.8614105946996108,0.8626877194933158,0.8640963995663029,0.8656042595693546,0.8671678223100615,0.8687424468684082,0.8702901254857586,0.8730672605562648,0.874140481739409,0.8748795665856995,0.8752051796185102,0.875084904656528,0.8744976379864382,0.8734474983115181,0.8676168190119642,0.8558811769113381,0.8511155468744153,0.8499280658964633,0.8500073383566448,0.8517137180191898,0.860056959690785,0.8835047432580003,0.9243156517883475,0.9308831667491264,0.9314392958204467,0.931701031110198,0.9315627582972523,0.9309859360683262,0.9305171384643272,0.9301281436714391,0.9299283620465626,0.929906501235262,0.9300563553115128,0.9304475869647139,0.9305106072639967,0.9304021553586141,0.9300739582602818,0.9295300800361491,0.9288375656291079,0.9280665640368567,0.926477914424209,0.9259300304350675,0.9258704158073199,0.9263326231375685,0.9269287739141326,0.9275814764025684,0.9284487317123532,0.9296696346470054,0.9313954718406955,0.9366869265221122,0.9440277970960405,0.9674427707342761,0.9927513434586135,0.9970240438986349,0.9978411200992009,0.9984718046500634,0.9989559243946541,0.9993235210107546,0.999593181449448,0.9997805970181547,0.9999753658361669,,,,,,,,,,,,,,,,,,,,,,,,,,,,,,,,,,,,,,,,,,,,,,,,,,,,,,,,,,,,,,,,,,,,,,,,,,,,,,,,,,,,,,,,,,,,,,,,,,,,,,,,,,,,,,,,,,,,,,,,,
678,0.862228677770936,0.8617037781764453,0.8605202920209487,0.8593045753150031,0.8584702469024261,0.8576731005843585,0.8595291989716903,0.8604821602698807,0.8616138244616416,0.862906028492415,0.8643274993554207,0.8658461586896108,0.8674187805739286,0.8690009424009978,0.8705547002607879,0.8733407712258725,0.8744179119752916,0.8751612840330851,0.87549206254192,0.875377985525213,0.87479806449112,0.8737565155383428,0.867957851227141,0.8562647779004602,0.8515187253728973,0.8503413177571519,0.8504309920929345,0.8521485952048855,0.8605169104560916,0.8840132141916897,0.9248692617234076,0.9314081276558086,0.9319497425131491,0.9321814918160918,0.9320292616402944,0.9314272765358149,0.9309473490188584,0.9305494987171525,0.9303440906017383,0.9303199963852659,0.930471259155953,0.930873816978873,0.9309452867732113,0.9308463077062149,0.9305285523903084,0.9299963366944833,0.9293172332769012,0.928561836284308,0.9270099517701528,0.9264832058417439,0.9264698157598964,0.9269556668645916,0.9275737639023565,0.9282451935876036,0.9291268364607566,0.9303562558537373,0.932083052103323,0.9373488651081351,0.9446245051616811,0.9677481564037104,0.9926074586630617,0.9967776969864505,0.9975825045460325,0.9982127823530994,0.9987078568596361,0.9990964889956355,0.9993942967224797,0.9996148722580223,0.999892494327988,0.9999692585144448,,,,,,,,,,,,,,,,,,,,,,,,,,,,,,,,,,,,,,,,,,,,,,,,,,,,,,,,,,,,,,,,,,,,,,,,,,,,,,,,,,,,,,,,,,,,,,,,,,,,,,,,,,,,,,,,,,,,,,,,
685,0.8736628109695052,0.8763060231862896,0.8775889012900477,0.8781502830621137,0.8784415712837607,0.879168507185287,0.8828548473421115,0.8840555310604366,0.885397543355775,0.886864839611874,0.8884303154950091,0.8900660423662191,0.8917346095870349,0.8933975236437366,0.8950213908058543,0.897949493909978,0.8991229803545461,0.899999141449451,0.9005118002881614,0.9006330573908667,0.9003439563904231,0.8996468477779573,0.8951605629627523,0.8854390161046718,0.8814651451534431,0.8805481508088944,0.8807819206408624,0.8825056788173872,0.8904534082184085,0.9121697104517644,0.9474077114231685,0.9528540047864239,0.9533635537661023,0.9537003463765052,0.9536441145534473,0.9532464616788335,0.9528787780196898,0.9525805897991566,0.9524588329116189,0.9525105671821158,0.95273376652911,0.9533057227573921,0.953488639261815,0.9535271743823044,0.9533841115355172,0.9530673656448672,0.9526405834855156,0.9521688957177483,0.9512309300096387,0.950985994975914,0.9513786889776441,0.9519804655186941,0.9526697193711219,0.9533704427956229,0.9542040667030448,0.9552721209983428,0.956684459920104,0.9607540876478714,0.9660876582682512,0.9814484360691129,0.9925266726441735,0.9922232521631663,0.991964231818417,0.9917556223260134,0.9916373532422397,0.9916208678051266,0.9916740873756212,0.9917819885910564,0.9922780629794998,0.9927617361211989,0.9934644188833853,,,,,,,,,,,,,,,,,,,,,,,,,,,,,,,,,,,,,,,,,,,,,,,,,,,,,,,,,,,,,,,,,,,,,,,,,,,,,,,,,,,,,,,,,,,,,,,,,,,,,,,,,,,,,,,,,,,,,,,
686,0.8763263933467832,0.8797291365907945,0.881589965361214,0.8825619549363078,0.8831111624003576,0.8841833161994089,0.8882689650156732,0.8895204988770851,0.890904224913349,0.8924045757361864,0.8939954069414788,0.8956498283412255,0.8973320898839311,0.899005469362902,0.9006381206839077,0.9035890500536287,0.9047836720916907,0.9056932933014376,0.9062554647943482,0.9064436362327749,0.906239439353151,0.905644459429973,0.9015554321847757,0.8924499513073464,0.8887172063857366,0.8878768619942292,0.8881450527002697,0.8898512110159448,0.8976001752630884,0.918607764204567,0.9518811892839513,0.9570484714239447,0.9575814815203734,0.9580206203104727,0.9580258647821733,0.9577442077937629,0.9574331394234633,0.9571815323013192,0.9570934385568679,0.9571683850894436,0.9574053871852396,0.9579970832261159,0.9581946780756544,0.9582562269762995,0.9581487548196687,0.9578812233603182,0.9575152586583687,0.9571133412489322,0.9563263550253863,0.9561446212238561,0.9566023423421586,0.9572062482990424,0.9578867031491402,0.9585721234624058,0.9593732844181871,0.9603818173753279,0.9616969187415357,0.9654304847258237,0.9702500233416771,0.9836036328191676,0.9911080670492931,0.9896117740223535,0.9890577468824747,0.9886077619243957,0.9883020858879744,0.9881481949835719,0.988102999003281,0.9881450420176516,0.9886190378299092,0.989165498551433,0.989997005987392,0.999614318122877,,,,,,,,,,,,,,,,,,,,,,,,,,,,,,,,,,,,,,,,,,,,,,,,,,,,,,,,,,,,,,,,,,,,,,,,,,,,,,,,,,,,,,,,,,,,,,,,,,,,,,,,,,,,,,,,,,,,,,
688,0.8811977394225308,0.8864559076332192,0.8897239119592167,0.8916928449038789,0.8928665844117105,0.8947705027942676,0.8997954346860821,0.9011608875190806,0.9026351452279882,0.9042037971747366,0.9058430931910834,0.9075288517814847,0.9092298239625318,0.9109142114266525,0.9125547197681795,0.9155409462728061,0.9167826316067124,0.9177752345963475,0.9184666801620143,0.9188343085602767,0.9188614653188842,0.9185474993248378,0.915566545527726,0.908215664296436,0.9051762296430009,0.904552251314177,0.904907803193724,0.9065385923701134,0.9136236098177609,0.9324025240212711,0.9598505764659527,0.9643950149738626,0.9650654335208175,0.9659249353173528,0.9661550076928711,0.9662761822144016,0.9661567283882322,0.966058833605865,0.966074355359488,0.9662088170406368,0.9664627770291854,0.9670401030262663,0.9672392297646627,0.9673272909931778,0.9672847308479505,0.9671235923723048,0.9669001584902818,0.9666686759508943,0.9662594940034687,0.9662274507694467,0.9667922094934318,0.9673600531598248,0.9679801953696126,0.9685998479590934,0.9692993765766369,0.970143826651921,0.97120482505332,0.9740873311558768,0.9776446592234133,0.9861381069877148,0.9850716225409024,0.9807074801557373,0.9794380662695638,0.9783988635120425,0.9776308264596325,0.9771324886887692,0.9768362085032374,0.9767058404223607,0.9770950200101022,0.9777694431103718,0.978879326160323,0.995585555571522,0.9977869886138083,,,,,,,,,,,,,,,,,,,,,,,,,,,,,,,,,,,,,,,,,,,,,,,,,,,,,,,,,,,,,,,,,,,,,,,,,,,,,,,,,,,,,,,,,,,,,,,,,,,,,,,,,,,,,,,,,,,,,
705,0.6410455763918878,0.6666315807472906,0.6874921695392933,0.7026662744726753,0.7121816349417949,0.7249307651493642,0.739829399070553,0.7417385843797817,0.7433052366432077,0.7445530954534971,0.7455273188307054,0.746267164619964,0.746802986815665,0.7471627980851572,0.7473581087679504,0.7474122441973049,0.7474149355504223,0.7474998917098927,0.7477344179141118,0.7481369216061343,0.748716204593396,0.749476009870344,0.7525473708832165,0.7560689612892425,0.757289592297219,0.757922635457967,0.7586448951432535,0.7595546811752462,0.7617656567342674,0.7632147619132331,0.7471595131528166,0.7406683484037203,0.7398380147340351,0.7386189834706718,0.7380738315315551,0.7368002989431975,0.7360287730731746,0.73518193886143,0.7343169697192933,0.7334993633281275,0.7327862638846275,0.7317805335872852,0.7316006512918799,0.7317147152146842,0.7321528768839044,0.7329143077035557,0.7339482467335234,0.7352068066777032,0.7382690947747522,0.7399143665513909,0.7429939547168076,0.7442680567409868,0.7453175023212671,0.7460944019828777,0.7464423559883329,0.746195657182632,0.7451568475191447,0.740128966283524,0.7309738858333661,0.6911387347959129,0.6161328515087883,0.5912366014947832,0.5855897472381013,0.5814227998094473,0.5787025884030522,0.5772665212433115,0.5767213261570041,0.5768018118385458,0.579090318706036,0.5817422061471814,0.5857989711535068,0.6550454357758324,0.6705133984603314,0.7055798171603468,,,,,,,,,,,,,,,,,,,,,,,,,,,,,,,,,,,,,,,,,,,,,,,,,,,,,,,,,,,,,,,,,,,,,,,,,,,,,,,,,,,,,,,,,,,,,,,,,,,,,,,,,,,,,,,,,,,,
707,0.5636079666619567,0.5903268371807329,0.612506244973666,0.6287853950458736,0.6390198811631628,0.6526987441762135,0.6682524294076949,0.6701269832466423,0.6716064390641423,0.6727202327870715,0.6735234509939934,0.6740639156435215,0.674377616059581,0.6744974657470945,0.6744367083453037,0.6739538217693136,0.6736971230829707,0.6735417447158809,0.6735642330542266,0.6737860785874266,0.6742190722465279,0.6748710023593157,0.677841558674063,0.6814780120838738,0.6827545212040894,0.6833921964688565,0.6840882736064259,0.6849372135294929,0.6869261592289148,0.6876336134537926,0.6706786974267088,0.663238631118895,0.6620530675994986,0.6600899688031873,0.6591840425305917,0.6572431946438048,0.6561545362201465,0.6550106537028592,0.6538726188873575,0.65280790381638,0.651880046679159,0.650541376945751,0.6502518534018861,0.6502971750853894,0.6507025103616504,0.6514625850379061,0.6525171042332087,0.6538110406461095,0.6570001596603515,0.6587427443300377,0.6620781226285197,0.6634875669671734,0.6646605475513787,0.6655335930436768,0.6659424352263513,0.6657114215301974,0.6646293291288802,0.6593067346089018,0.6495668099142321,0.6076914282351539,0.5314437170221475,0.5069373234821928,0.5015174076508904,0.4976209001958635,0.49520182210101565,0.4940849311914438,0.493859802043548,0.494245505753971,0.4970847876288139,0.4999714228871559,0.5042298222597515,0.5736920952443071,0.5891771679758451,0.6244913367747739,0.9918548675230878,,,,,,,,,,,,,,,,,,,,,,,,,,,,,,,,,,,,,,,,,,,,,,,,,,,,,,,,,,,,,,,,,,,,,,,,,,,,,,,,,,,,,,,,,,,,,,,,,,,,,,,,,,,,,,,,,,,
713,0.3135737709394419,0.3405262513689222,0.3639721815816877,0.3815762484476494,0.39272193125785587,0.4075710378885567,0.4235495836074426,0.4252120169818446,0.4263851626130687,0.42711067285733123,0.42746442332954937,0.4275117359257272,0.427297887542444,0.4268631279179129,0.42622139264211933,0.42452777498196065,0.42367404410782467,0.4229431733897286,0.42242417802715837,0.42214285312221594,0.42211711959261694,0.4223664915077918,0.42448958427229816,0.42751582138735306,0.42859993211637304,0.4291416050808961,0.4297227971877484,0.4304427094062496,0.4321744943817139,0.43233873687262797,0.41783535622552614,0.4090656518072566,0.4070385874207085,0.40317518745690123,0.4013185878591344,0.39761999899113976,0.3956993224954292,0.39379167354262223,0.3919698956952321,0.39030008629923235,0.3888577172878766,0.38672273685375724,0.3861500170657841,0.3859818767305665,0.3862239714418019,0.38685994058547485,0.3878141157937435,0.38902227557161023,0.3921383113730811,0.39394263164797366,0.3976582139179898,0.3993381218756608,0.4007809432105221,0.401879631166637,0.40247425229769573,0.40238756907894013,0.40140108808019576,0.39611790367613664,0.38616911075557536,0.34422512320274323,0.27384106977712447,0.25323460164179284,0.24906205228918532,0.2463618147128027,0.24506064932935592,0.24497017663094994,0.2456794241606733,0.24689687361318685,0.25103249448690873,0.25431067480454383,0.2587310429079053,0.32162053459825474,0.33541474729267307,0.3672039854050641,0.8852982941316667,0.936719800116043,,,,,,,,,,,,,,,,,,,,,,,,,,,,,,,,,,,,,,,,,,,,,,,,,,,,,,,,,,,,,,,,,,,,,,,,,,,,,,,,,,,,,,,,,,,,,,,,,,,,,,,,,,,,,,,,,,
715,0.23501029211609187,0.26121677470089594,0.2843534920301547,0.3018458389066471,0.3129455084254069,0.3277294561389173,0.34342503879388725,0.3449903543606876,0.34605351637565007,0.3466586500243856,0.3468857470735614,0.3468034299559657,0.3464579053430319,0.34588984834072006,0.34511231299752604,0.34313915365407777,0.3421439378127887,0.34126980772442345,0.34060591848882493,0.34017819501222696,0.3400057379433582,0.3401115052620626,0.34184096165586336,0.3444523726707752,0.3453940043300256,0.34588114846152224,0.3464188679171052,0.34711076469943536,0.34885421127150446,0.3492710078750907,0.33681171255531006,0.3280826690067986,0.32587324184080446,0.3215385530700697,0.31942951056898816,0.31525129142641367,0.3131027317743266,0.3109883862144416,0.30898423852991197,0.3071533928983873,0.30557244332314365,0.3032146535589207,0.30255258172802774,0.3023050387935864,0.3024710722374658,0.3030319715974268,0.3039121541659463,0.30504818902277697,0.30804402699048056,0.30981960346830856,0.31357136788939516,0.31530779660057573,0.31681652311604336,0.317978822693827,0.3186412161245538,0.31863141462253836,0.3177360338150556,0.3126942444565021,0.3030520968314941,0.2625202780159796,0.19625827448339206,0.1775070456505908,0.17385320096874637,0.1716133077907912,0.17070761140864027,0.1709490097366696,0.17193763527700873,0.17338655942738943,0.17782117445543655,0.1811344268473793,0.1854861374772966,0.24457123013623097,0.25742892902501974,0.2871257557179168,0.8328728729856217,0.8955121973863442,0.994514887734432,,,,,,,,,,,,,,,,,,,,,,,,,,,,,,,,,,,,,,,,,,,,,,,,,,,,,,,,,,,,,,,,,,,,,,,,,,,,,,,,,,,,,,,,,,,,,,,,,,,,,,,,,,,,,,,,,
728,0.059840547414987684,0.039778551580395866,0.020840547771160494,0.0060958910855451395,0.0033449656801146106,0.015923816598043556,0.02858458467083717,0.02962123180831445,0.030182153296461883,0.0303155304776409,0.030107406068803973,0.02963029216050247,0.02892661001213423,0.028031948678570177,0.026952659781475444,0.024413148991361013,0.023131670042334383,0.021946125988297465,0.020932176622434455,0.02011179611069339,0.019505555829548347,0.019147509860046766,0.019412832968681907,0.020412389212283007,0.02084537869090131,0.021156343783171362,0.0215821658448992,0.0222467966794703,0.024301890726800664,0.026915462622260248,0.02601386888690761,0.019716868014662225,0.017408901128141016,0.012389716163458481,0.00980449878762782,0.004603482459641284,0.0019209981418972294,0.0007061748995615744,0.003197496513514293,0.0055010402794452235,0.007537215546671721,0.01074598405071779,0.011802187441274963,0.012427986587723618,0.01264146207554164,0.012465939437153802,0.011972247731090527,0.011220122359777939,0.008930302306233602,0.007426503027356396,0.003960838588618455,0.0022392513452506382,0.0006825241570941025,0.000576818200872743,0.0014203164393547345,0.0017137822570871444,0.0012913766757808554,0.0021632198819174523,0.009379442698843353,0.039602446071227065,0.08265556732754144,0.092551242518047,0.09395533476950066,0.09432965949021517,0.09376843835068409,0.09242987138099637,0.09062231042768219,0.08857943296899908,0.08370245745750923,0.0806920271781838,0.07712503704549449,0.03812881472492172,0.03000569638985069,0.01112829075834753,0.5514316972142094,0.6440490662522624,0.8575336804320532,0.903394996298423,,,,,,,,,,,,,,,,,,,,,,,,,,,,,,,,,,,,,,,,,,,,,,,,,,,,,,,,,,,,,,,,,,,,,,,,,,,,,,,,,,,,,,,,,,,,,,,,,,,,,,,,,,,,,,,,
729,0.07280634181435681,0.05324930679021133,0.034710277249898044,0.020251016259176385,0.010988092897936045,0.0013554485609971806,0.013746304243694628,0.014749231415659664,0.015283058479566803,0.015395760178411638,0.01517293699311453,0.014686619994506234,0.013978489124253137,0.013083356277354977,0.012006942453494861,0.00947851618599258,0.008201809379654474,0.007017753520125023,0.006000238917584485,0.005170673528485531,0.0045494488960599756,0.004171019060047134,0.0043506880582392,0.005237148333674752,0.00563391838071904,0.005934583863712034,0.0063580629916199435,0.0070306676519330934,0.009140533374437767,0.0120003920153236,0.012010348421879681,0.0059719265262293654,0.0036904137524489534,0.001306567001740447,0.0038911635035235514,0.009102271518327418,0.011794298493912721,0.014432307334389287,0.016935600521201452,0.0192528223813885,0.021304360931843718,0.024547988222710735,0.025623686125553092,0.02627059843572941,0.02650743303383245,0.026357486498781713,0.025890833907596077,0.025166640025383928,0.0229327371503728,0.021454313004846307,0.018027957573874872,0.01631869391305769,0.014769340325509757,0.013511928821853819,0.012661945291845727,0.01235012614091003,0.012737910191491139,0.016062887404287702,0.02306925929572591,0.052437679700519484,0.09383401552680337,0.10317217670350491,0.10444592745229765,0.10471916027153237,0.10408605158282015,0.10270179554782506,0.10086714672538269,0.09881086855487399,0.09395078829094841,0.09097956315627818,0.08748041829987262,0.04979517586217051,0.04197686368173774,0.02381741449492228,0.5336170854544331,0.6268015490693967,0.8441759791045815,0.8917835537477427,0.9995956575081962,,,,,,,,,,,,,,,,,,,,,,,,,,,,,,,,,,,,,,,,,,,,,,,,,,,,,,,,,,,,,,,,,,,,,,,,,,,,,,,,,,,,,,,,,,,,,,,,,,,,,,,,,,,,,,,
731,0.09617783606208992,0.07764952684759141,0.059932327425799944,0.04606404389181459,0.03716979775280073,0.0253120990429844,0.013463942653524207,0.012524929633769616,0.012040482993373297,0.011963190943939533,0.01220858603593907,0.012705829012164,0.013414905323059136,0.014302734671802843,0.015364978205431262,0.017854784283382094,0.01911461630714403,0.02028943285909151,0.021309200912502685,0.022153769772290794,0.02280320438149435,0.02322231722335404,0.023223384234251094,0.022588485755352952,0.02227422082459187,0.02199623746237763,0.021576442276038953,0.020883118608931345,0.018642838910850328,0.015228288311441674,0.013291407728783296,0.018792372923367565,0.021018375676126834,0.02596877249967509,0.028552110672529663,0.03378317669587237,0.03649289734066318,0.039149768771535365,0.04167261964962888,0.0440115512425029,0.046087382880888476,0.04938741152293345,0.05049704358024277,0.051183216631509314,0.051465985328422774,0.051368323912985916,0.050957748193344976,0.05029141734726048,0.04817351283144319,0.04674710306536157,0.0433983454021998,0.041711022357758025,0.040173224294155555,0.0389164914170031,0.038050092192357145,0.03769783867567984,0.038012254423666056,0.04106856988285295,0.04764554214618702,0.07528406105653317,0.11339612339931819,0.12164998692203224,0.12267335599842746,0.12275433554998517,0.12198674177143866,0.12051963342126427,0.11863868749556228,0.11656278788696804,0.11174757206599827,0.1088576416186459,0.10549450885670189,0.07034897289972633,0.06312258349765988,0.04637162129467855,0.4990757266892312,0.5929443216131403,0.8168299746434159,0.8675911870957548,0.996505476869545,0.9984720205469526,,,,,,,,,,,,,,,,,,,,,,,,,,,,,,,,,,,,,,,,,,,,,,,,,,,,,,,,,,,,,,,,,,,,,,,,,,,,,,,,,,,,,,,,,,,,,,,,,,,,,,,,,,,,,,
736,0.14731886985263623,0.1313325763733811,0.11569990220388784,0.10335069074030606,0.09540777375104495,0.08480477530705546,0.07432224169100315,0.07353269384138679,0.073157460029537,0.07315112413744296,0.07343315767486887,0.07393661063095563,0.07462594420860637,0.07547267799671668,0.0764759247462874,0.07882115793260287,0.08001603032762146,0.08114657464200183,0.08215304705310791,0.08301870542639699,0.08372510792940291,0.08423591806716432,0.0846821646817898,0.084705457039646,0.08460969743537523,0.0843893139394513,0.08397526498733278,0.08322285284178804,0.08063638899654876,0.07583754228582625,0.06928206101724861,0.07358281417766314,0.07569359636114793,0.08054639247737252,0.08311962736226047,0.08835831695652106,0.09108304880324812,0.09375186637443997,0.09628185232788625,0.09862638352081655,0.10070775839233852,0.10403735925793588,0.10518364458934383,0.10592951099701155,0.10629899667357294,0.106314312906179,0.10603658147494942,0.10551680151442831,0.10371635337241555,0.10243853954149593,0.09931484534751642,0.09769456151919877,0.09619886329007357,0.0949599301111927,0.09406842249404589,0.09362884366947398,0.093770242994505,0.09616137976160558,0.10165461357438234,0.1249016773129254,0.1549447229541203,0.16060845495451814,0.16104724377881446,0.1606902847681273,0.159628445088146,0.15799399276771545,0.15603353371933554,0.1539394918348815,0.14928065906462598,0.1466041858986018,0.14358136805491356,0.11452440669622037,0.10871979622113731,0.09538657037062884,0.4169522174046338,0.5114251556930506,0.7477422553944085,0.8050189041659572,0.9787213417414741,0.9840921527751202,0.992350139026994,,,,,,,,,,,,,,,,,,,,,,,,,,,,,,,,,,,,,,,,,,,,,,,,,,,,,,,,,,,,,,,,,,,,,,,,,,,,,,,,,,,,,,,,,,,,,,,,,,,,,,,,,,,,,
737,0.15576783643386083,0.14020701087743104,0.12493177302421958,0.11284637934714029,0.10506955850924732,0.09468674250068235,0.08444411434454042,0.08368055080939933,0.08332411782300411,0.08332979303528315,0.08361782586222861,0.08412200717240487,0.08480754446369221,0.08564671457478767,0.08663915859692906,0.08895753028157934,0.0901398666047318,0.0912610958254172,0.09226320543140679,0.09313002473542735,0.09384338849994436,0.09436687106620403,0.09487937022846991,0.09500157106610843,0.09493801683257291,0.09472601650320742,0.09431270631103868,0.09355168395442386,0.09091506924918122,0.08591331645359168,0.07866023396386834,0.0827806831084439,0.08487332609868241,0.08970654082038185,0.09227382698865524,0.09750162992574786,0.1002219746020846,0.10288564350089138,0.10540950847737021,0.1077473621091814,0.10982173974476105,0.11314136867406842,0.11428750370015187,0.11503829268844636,0.11541839717257188,0.11544989899735464,0.1151930191108976,0.11469771479595912,0.11295394491556066,0.11170406504894312,0.10862526328819792,0.10702011465802312,0.10553548779549089,0.10430360878557625,0.10341170012878699,0.1029607752516388,0.10307580144746202,0.10535805367718715,0.11066823442487747,0.13316310158096098,0.16184728379695115,0.16708230178306777,0.16742615328759813,0.16699968604567994,0.1658929613032892,0.1642351071237229,0.16226570020692124,0.16017228753163681,0.15554481907461684,0.15290548190520978,0.14994024761487856,0.12188479907473078,0.11631285685374765,0.10354006257356532,0.4030154171756595,0.49750140271015475,0.735601606138759,0.7938601750312209,0.974443635458061,0.9803500622682948,0.9896732087579726,0.9997955447719973,,,,,,,,,,,,,,,,,,,,,,,,,,,,,,,,,,,,,,,,,,,,,,,,,,,,,,,,,,,,,,,,,,,,,,,,,,,,,,,,,,,,,,,,,,,,,,,,,,,,,,,,,,,,
744,0.1882109703996265,0.17380824047627233,0.15963362835051426,0.14840927836529766,0.14118854617923365,0.13156190968879397,0.12218679334228592,0.12152420294747396,0.12124434749747404,0.12130366393396033,0.12162533432473548,0.1221456776479291,0.12283128719154479,0.12365567791181359,0.12461873352458876,0.1268421631353042,0.12796704808892928,0.12902923668161212,0.1299743429553132,0.13078723442380374,0.13145047076298172,0.13192864998650844,0.13232312682353262,0.13222137745204499,0.13203794803778546,0.1317816332395937,0.13134044570057507,0.13057461554586303,0.1279900775307603,0.12304519415955056,0.11524010802871,0.11890891348560656,0.12087465202887848,0.1254312010468989,0.12785122346530828,0.13278546042219788,0.13536965938120346,0.13791104801519757,0.14032952865004095,0.14257623830730518,0.14457215503827914,0.14777806466299268,0.14889018212062896,0.14962377340795502,0.15000093327854996,0.15004265985952078,0.14981131432432224,0.14935737928258916,0.14774235068688105,0.14657875498187795,0.143703653754578,0.14220526827071311,0.14081899502080894,0.1396687988021221,0.13883476601745115,0.13840891019030407,0.13850585470145138,0.14059192037013213,0.14547514470194614,0.16605405637637935,0.19131626258512335,0.19554714857849195,0.19569903645215211,0.19515832852924167,0.19401019982979772,0.19237164339600327,0.19045704297998325,0.18843536814019674,0.18400279496182348,0.18150229735443868,0.1787195301958668,0.15301623353830776,0.14792036362442165,0.13626694399555211,0.3529197112639706,0.446642709189827,0.6883059103794698,0.749214356654257,0.9533452065605718,0.9612950602156942,0.9746795770494322,0.9942751379819704,0.9961084161505519,,,,,,,,,,,,,,,,,,,,,,,,,,,,,,,,,,,,,,,,,,,,,,,,,,,,,,,,,,,,,,,,,,,,,,,,,,,,,,,,,,,,,,,,,,,,,,,,,,,,,,,,,,,
745,0.1911629014215055,0.1767688930450752,0.1626289390005782,0.15144012455401656,0.14424432046131447,0.13465370389351786,0.12532316173552033,0.12466593721743165,0.12439015788276242,0.12445236733012513,0.1247759550837923,0.12529737983399802,0.12598312241563692,0.12680654261093433,0.127767275721049,0.12998114151891954,0.13109855251857722,0.13215107983763355,0.13308413689542897,0.13388247849307103,0.1345286476535375,0.13498750029159662,0.1353111411357115,0.13509165864088973,0.13485718382711495,0.13458359353267224,0.13413363834743464,0.13337022683568095,0.13082500698940916,0.1260021270274483,0.11844251270204842,0.12208586554672038,0.12402683706133512,0.12852227297522137,0.13090963273972295,0.13578182427385718,0.1383375740324249,0.14085478000573715,0.14325430522259552,0.1454865640570495,0.1474721283128346,0.1506656291900856,0.15177355204501633,0.15250310450746446,0.15287531386163736,0.1529109301971725,0.15267311381569643,0.15221305746559385,0.15058897883684857,0.14942559648154552,0.14656535789854186,0.14508008645996817,0.14370713691935852,0.14256828258484194,0.14174439896984514,0.1413277908228159,0.14143329267534976,0.14353461822448516,0.1484260683237842,0.1690148207833176,0.19430204706169277,0.1985566189432656,0.1987204298029179,0.19819421240619775,0.19706264537124998,0.19544195512613213,0.19354514711500517,0.19154002355251776,0.18713617183400738,0.18464763612010812,0.18187518830059915,0.15614284437586876,0.15102282970010736,0.13930429117546309,0.3490164446858279,0.44254925363681513,0.6840963309878403,0.745099587882448,0.9509574103700231,0.959082850372099,0.9728200360682735,0.9932471182900107,0.9952277716000177,0.9999465215305783,,,,,,,,,,,,,,,,,,,,,,,,,,,,,,,,,,,,,,,,,,,,,,,,,,,,,,,,,,,,,,,,,,,,,,,,,,,,,,,,,,,,,,,,,,,,,,,,,,,,,,,,,,
746,0.19438024748052227,0.17999527519237535,0.16588995175597746,0.15473630334739685,0.14756492832284235,0.138008997558922,0.12871900286783095,0.12806609412159126,0.12779327923945422,0.1278572206520775,0.12818152960494442,0.12870281752924242,0.12938746564912376,0.13020868840184488,0.13116587617589612,0.13336777842354428,0.13447656458003504,0.13551832681372758,0.13643828518760148,0.13722107739720343,0.13784922236513675,0.13828782527430566,0.1385378527613778,0.13819585371859316,0.13790768016869,0.1376156143117197,0.13715587022306847,0.13639413624956617,0.13388742046845795,0.12918077314366944,0.1218433426723584,0.12544288646705692,0.12735470365960846,0.13178215886159322,0.13413469028774178,0.13894273233611543,0.1414694895065945,0.1439624257934589,0.14634346943774001,0.14856240388294503,0.1505394538570605,0.15372493619679456,0.15483068496776625,0.15555777860963996,0.15592611661056863,0.155956174728801,0.15571182160238448,0.15524498046382482,0.1536090530716816,0.1524442751779351,0.1495963645900838,0.14812316638675127,0.14676233394442348,0.14563324143421136,0.1448177624048864,0.14440862603963037,0.14452093986752937,0.14663441779440844,0.15153131411030843,0.17212593067588963,0.1974306238873135,0.20170554092191997,0.20188031149676447,0.2013676929890792,0.2002519551880882,0.19864864026076248,0.19676947777126685,0.19478119974291389,0.19040803831721081,0.1879331740672516,0.18517322397550176,0.15943540264312087,0.1542956607129371,0.1425217674096858,0.3446317363352791,0.43794371872041593,0.6793724733797812,0.740490629441388,0.9482771702424642,0.956594844892023,0.9707199959183935,0.9920615211204351,0.9942014190778785,0.9997736976936106,0.9999394433859031,,,,,,,,,,,,,,,,,,,,,,,,,,,,,,,,,,,,,,,,,,,,,,,,,,,,,,,,,,,,,,,,,,,,,,,,,,,,,,,,,,,,,,,,,,,,,,,,,,,,,,,,,
747,0.19798039285204233,0.18361299425916697,0.1695489063995287,0.1584347948351212,0.15129024999774363,0.1417713424561685,0.13252114753278968,0.13187168380112863,0.13160075017708964,0.13166515076153354,0.13198875207510008,0.13250835002323794,0.1331902589234326,0.13400757804326488,0.13495947192440302,0.13714593464547734,0.1382444798774122,0.13927402069961728,0.14017963264897937,0.14094584590418174,0.1415551542932588,0.14197289961735796,0.14214835673580306,0.1416821151183906,0.14133864403447755,0.1410271558020728,0.1405565843815248,0.13979543926399715,0.13732462831556655,0.13272208466283442,0.12556497761045637,0.1290979974229748,0.13097595202824625,0.13532858065402065,0.13764434287426003,0.14238667680330852,0.14488413444490886,0.14735286790289953,0.14971596969635384,0.15192271515173353,0.1538930686555998,0.1570748701096296,0.15818052060680307,0.15890689910159814,0.1592727397869894,0.15929821102662073,0.1590477394946708,0.15857395153619974,0.1569243828570374,0.15575700864302985,0.15291931363538822,0.15145712925371838,0.15010709601874517,0.1489860080044694,0.14817688508257493,0.1477729596274086,0.1478896020381267,0.1500097147226116,0.15490570773418066,0.17548867312646596,0.20078032027765255,0.2050653505550775,0.20524864029032602,0.204747678313362,0.20364640152339233,0.20205970281597063,0.200198033062209,0.19822707879887025,0.19388753205804105,0.1914289210545967,0.18868487730644534,0.16298439644971602,0.15783392553526773,0.14602565849405424,0.3395211665707711,0.4325780051158833,0.6739123550633488,0.7351825451151002,0.9452030501921517,0.9537364397971461,0.9682989833912821,0.9906719717425528,0.9929881498851807,0.999451407618389,0.9997353669509607,0.9999270283434961,,,,,,,,,,,,,,,,,,,,,,,,,,,,,,,,,,,,,,,,,,,,,,,,,,,,,,,,,,,,,,,,,,,,,,,,,,,,,,,,,,,,,,,,,,,,,,,,,,,,,,,,
748,0.20205988389330345,0.1877190655861093,0.17370300221755636,0.16263280574261557,0.15551743586033356,0.1460376832116646,0.13682588900929304,0.13617884596612742,0.13590855776728156,0.1359719965603688,0.13629332183353723,0.13680954832118525,0.1374869583702706,0.1382985664128796,0.13924332651353477,0.14141070956331284,0.1424973202077072,0.14351310263885794,0.1444030325971514,0.14515153798238464,0.1457410831755239,0.1461372336919042,0.14623663947058224,0.14564328588140776,0.14524243222521696,0.14491048436624987,0.14442812927403112,0.14366680660101797,0.14123060091467524,0.136721474144317,0.12970180349483917,0.13314320081152864,0.1349821347982187,0.13925227127864057,0.14152897840443388,0.14620359210442116,0.14867126513714543,0.15111571151744738,0.1534612710933105,0.15565684514844766,0.15762223326781324,0.16080458285556887,0.16191223881837558,0.16263975413060663,0.1630046365322099,0.16302667919001648,0.1627706536000083,0.16228981962361844,0.16062481406589132,0.15945364866255127,0.15662419140028236,0.15517201354519486,0.1538314636352003,0.1527165427546437,0.15191158101398222,0.151510403734609,0.15162862085754705,0.15374909276765325,0.15863674133895497,0.17918665742528064,0.2044278624627997,0.20871026739433912,0.20889899217495567,0.20840721590882377,0.20731861574054142,0.20574745841561715,0.2039028865230021,0.20194954805400323,0.1976463718385006,0.1952066540146278,0.19248211276657579,0.16686667921033824,0.16171542335459882,0.14989569156956872,0.33357478819797126,0.42634175587109646,0.6676132724348481,0.7290774296560857,0.9416684210691869,0.9504429991996516,0.9654963114469892,0.9890264292044547,0.9915373734072133,0.9989341843943604,0.999342565919326,0.9996755858403,0.9999095367133656,,,,,,,,,,,,,,,,,,,,,,,,,,,,,,,,,,,,,,,,,,,,,,,,,,,,,,,,,,,,,,,,,,,,,,,,,,,,,,,,,,,,,,,,,,,,,,,,,,,,,,,
769,0.22736014977571717,0.21294689504702827,0.19899672650676492,0.18801202363961317,0.18095366679631653,0.17154080365079477,0.16234132384635144,0.161678212356171,0.16138600374944648,0.16142259288936955,0.16171354317085246,0.1621968134404559,0.16283822952505522,0.16360993383147973,0.16450923878675622,0.16656296914871604,0.16757920236182702,0.16851249973907742,0.16930605949954003,0.16994313685791052,0.17040562126806744,0.17066025356290782,0.17024644524266083,0.16878523891832478,0.1679978630170002,0.16753226408663024,0.16697952150895215,0.16623244365762238,0.16407781107864675,0.16024968153018102,0.1541997860498787,0.15697075690565596,0.1585427425806362,0.1622655104174742,0.16429340283410615,0.1685589470144893,0.17085101723858087,0.1731567729936208,0.17540825516252562,0.17755348151535652,0.17951214999297285,0.1827472751112707,0.18388921173500658,0.18464130846996918,0.18501236645344943,0.18501866070474304,0.18472430565431386,0.18418551530846947,0.18237297133880656,0.18114883222016787,0.17832136927550743,0.1769097810953817,0.1756057531906547,0.17450410154083676,0.17370124907322068,0.17329810219340225,0.17341406088474967,0.17554191244969336,0.18042015811526482,0.20102595448532873,0.22639464943992652,0.23075871236146486,0.23099154566616234,0.23055572143776604,0.22953477924716356,0.22804166414956029,0.2262820826115235,0.2244179285049059,0.22030531501137177,0.21796663164586108,0.2153458814971412,0.19008966446150433,0.18488853977274522,0.17286077565397062,0.29898142572873393,0.38995704861020847,0.6304395454331723,0.6928750608142173,0.9192516081122164,0.9293069499567967,0.9469716054817172,0.9765936545857843,0.9801146997965692,0.992252555210855,0.9933270162822255,0.9944405370742828,0.9955817621602019,0.996715820063878,,,,,,,,,,,,,,,,,,,,,,,,,,,,,,,,,,,,,,,,,,,,,,,,,,,,,,,,,,,,,,,,,,,,,,,,,,,,,,,,,,,,,,,,,,,,,,,,,,,,,,
770,0.2328984111757581,0.21845135334275972,0.20449648729751835,0.19351477696238373,0.1864584562038602,0.1770462629572475,0.16783496339466714,0.16716696683175525,0.16686907117491662,0.16689933399763215,0.16718356546408913,0.16765987977930158,0.1682939510335021,0.1690576946065046,0.16994806585116534,0.171979537447913,0.17298182929414516,0.17389855121093367,0.1746724520143007,0.17528652124345975,0.17572251270092246,0.1759474038164446,0.1754247306454797,0.1737800705702895,0.1729115744999511,0.17241809849053955,0.17185092310966776,0.17110732571052836,0.16901401953923006,0.1653522724444028,0.15957035300434738,0.1622272351777311,0.1637474217319722,0.16736327062907738,0.16934265449846703,0.17352744736700926,0.1757839339938645,0.17806129242104574,0.1802935993643599,0.18242884406348978,0.18438686564913864,0.18763429998656328,0.1887832522009654,0.18953946103994448,0.18991013040043056,0.18991111641697567,0.18960679591320267,0.18905433619374803,0.18720826365246424,0.1859716784713288,0.1831416635005433,0.18173741845271205,0.18044018501848338,0.17934089398649178,0.17853855684202147,0.1781356329654517,0.17825255560572226,0.18038765290239256,0.1852732784795778,0.20592663156771404,0.23138419437811128,0.23578290124886986,0.2360287192854813,0.23560738980702767,0.23460245109609273,0.2331266942726322,0.23138533012845924,0.22953985179143704,0.22546626978676776,0.22314788315295012,0.2205476912884196,0.19535792329066803,0.1901460836773205,0.17806814262942397,0.29210261583566327,0.3828498862917513,0.6234766190617127,0.6861538693359498,0.9149268724020602,0.9251825907823968,0.9432518622232698,0.9738237976931259,0.9775025126548349,0.990384080760617,0.9915726006089539,0.9928225753024199,0.9941263433969638,0.9954491045713987,0.9998821408021876,,,,,,,,,,,,,,,,,,,,,,,,,,,,,,,,,,,,,,,,,,,,,,,,,,,,,,,,,,,,,,,,,,,,,,,,,,,,,,,,,,,,,,,,,,,,,,,,,,,,,
772,0.24521074202039828,0.23062308428934206,0.216587521092031,0.2055550660193123,0.19846594506752657,0.189005427453419,0.1797189907496265,0.1790368880903605,0.17872531389154017,0.17874254556616329,0.17901466916736322,0.17947989295116293,0.1801033924594826,0.18085641644532058,0.18173502667369237,0.18373559353104724,0.18471651014687712,0.18560565027595816,0.18634437159984416,0.1869149344898373,0.18729869465545856,0.18746307875605248,0.18670970219940253,0.1846704244679287,0.18363022087505,0.18308008720367983,0.18248749652732116,0.18176013110263398,0.1798260918684987,0.17658949083330064,0.17151752920780675,0.1739775002095582,0.17539818220068742,0.17880378033699887,0.18068628092976913,0.18470888942200953,0.1868933759468956,0.18911313741378086,0.19130635091447068,0.19342101336409434,0.1953772618816344,0.19864824819500684,0.19981058606714133,0.2005742307992175,0.20094296821471874,0.20093164122836013,0.20060503020887072,0.20002217355040797,0.19810182631188972,0.1968371721609045,0.19399837429059494,0.19260793587713423,0.191323448860059,0.19022776178504108,0.1894255897518907,0.18902299903954606,0.18914296031405853,0.1912996080517744,0.19621220933971212,0.2170061276711602,0.24269382154900176,0.2471601827574969,0.2474274584518366,0.2470288926679852,0.2460481427159285,0.24459794035369045,0.2428829464212989,0.24106423004298289,0.23704702706147454,0.234758499593636,0.23218898483417805,0.2070846803185922,0.20184172787915997,0.18962728281444277,0.2790507980788512,0.3696639012631156,0.6111897275370222,0.6744186485597585,0.9072343109079222,0.9177893551367969,0.9364570963129798,0.9684448145303992,0.9723655190945094,0.9864556263017167,0.9878397896621932,0.9893233310952428,0.9909029916160227,0.9925464007569056,0.999057313047746,0.9995946732510474,,,,,,,,,,,,,,,,,,,,,,,,,,,,,,,,,,,,,,,,,,,,,,,,,,,,,,,,,,,,,,,,,,,,,,,,,,,,,,,,,,,,,,,,,,,,,,,,,,,,
778,0.28463812658908866,0.2695094694691142,0.2550993370058223,0.243805124898566,0.2365461128191057,0.22684793635736764,0.21726040871472335,0.2165353404931462,0.2161868169401223,0.21617343718842796,0.2164215235704169,0.2168689849933546,0.21747892149524545,0.21822000319069698,0.21908517989686815,0.22103838323799843,0.22197623892898719,0.22280084127608285,0.22344821627278239,0.22389805042105568,0.22413030300242076,0.22411380747060208,0.22264688358760187,0.21937968823848572,0.21781310209450827,0.21709500027593082,0.2164374091374352,0.21578261970737103,0.21441740149048755,0.21275557935977218,0.21049424770093358,0.2125835437672673,0.2137406708256871,0.21656180221064195,0.21816535784246874,0.22170499036246996,0.22366864619596125,0.22570797773374493,0.22777440328186205,0.22981566743681836,0.23175285575632135,0.23506519197990183,0.2362532936549634,0.23702590273974303,0.23737671465519145,0.23731803200377605,0.23691722152487882,0.23623960016941242,0.23409886592349863,0.23275451961639007,0.22990154080094988,0.2285605218398338,0.22732348693465537,0.22624935822252049,0.2254597706475228,0.22507175132091103,0.22521677995231007,0.2274776868992376,0.23251714847222874,0.25384020991252665,0.2802998610415782,0.2849430216548204,0.285257837876397,0.2849077577798226,0.2839767643912911,0.2825775636506851,0.28091333682485914,0.27914415868692594,0.2752312179482616,0.2730001553590225,0.2704924072952605,0.24557225276084646,0.2402359517954092,0.22757471033467894,0.24274139954418297,0.33415175207830095,0.5807582450916657,0.6459361521399659,0.887733495889846,0.8987602291680692,0.9183418339906806,0.9525885562487678,0.9569206232541225,0.9731961999684104,0.9749892802596379,0.97697129401719,0.9791490890410153,0.9814967194670053,0.9927689637108756,0.9943541248856682,0.9969021114220519,,,,,,,,,,,,,,,,,,,,,,,,,,,,,,,,,,,,,,,,,,,,,,,,,,,,,,,,,,,,,,,,,,,,,,,,,,,,,,,,,,,,,,,,,,,,,,,,,,,
781,0.29824816037205404,0.2827173616685276,0.2680201626131994,0.2565280632676528,0.24914555567097404,0.2392847982673037,0.22952610080050057,0.22878344054900554,0.22842266862798827,0.22840228462236992,0.2286483149840332,0.22909812543123703,0.2297133563624542,0.23046097542052038,0.23133208326560878,0.23328514771499362,0.23421075225457127,0.23500950954122282,0.23561403142041307,0.2360025417708871,0.23615430150606026,0.2360390697352162,0.23417423954211217,0.23023600763652727,0.2283882881483957,0.22758119190133547,0.2268898881430609,0.22627475051755852,0.2252188967587462,0.22448766274279436,0.22417101386537244,0.22626727549436668,0.22731795417856152,0.2298709345050261,0.23133531937094282,0.2346194000275204,0.23646327547201787,0.23840248219656632,0.24039486345643094,0.24238677345414159,0.2442989765506674,0.24759887815128526,0.2487833535125007,0.2495446619611737,0.24987122742860515,0.2497744175259171,0.249324722640625,0.24859152064737478,0.24633422758154214,0.24495098360269688,0.24209929204530312,0.24079188304635796,0.23959116235432182,0.2385447671537628,0.2377831128697967,0.2374293946982873,0.237620946106415,0.2400259409276082,0.24525173747144063,0.267261055627544,0.29484690875394526,0.2998194728116084,0.30021459490745395,0.29993306999581143,0.29905893759540675,0.2977059485278704,0.2960792536722905,0.294340068264761,0.29046743779056455,0.28824405237849204,0.2857324674758641,0.2602457953447663,0.25471095982590614,0.241477473096203,0.23227320354339814,0.32387976444899685,0.57156314860314,0.6370983276357353,0.8802144380161612,0.8912795688075931,0.9109340829318806,0.9454189333010611,0.9498067280061487,0.9665852693068951,0.9685209761140141,0.9706814600882522,0.9730754623641752,0.9756793613248278,0.9887511566275533,0.990723215603393,0.9940661655709839,0.9994952674060864,,,,,,,,,,,,,,,,,,,,,,,,,,,,,,,,,,,,,,,,,,,,,,,,,,,,,,,,,,,,,,,,,,,,,,,,,,,,,,,,,,,,,,,,,,,,,,,,,,
782,0.30164820426967487,0.2859620145035198,0.27115243052472837,0.2595831261427578,0.25215311267957957,0.2422314225633725,0.23241493251869608,0.2316678815324285,0.23130496905499426,0.23128460334829956,0.2315326218071102,0.23198612527943827,0.23260618631248162,0.23335912813669937,0.23423538578111294,0.23619444828061356,0.23711854221778336,0.23791074697095815,0.23850240409853973,0.23887122429928015,0.23899624041069653,0.23884755844069236,0.2368457392464893,0.23267846400554243,0.23073603460544667,0.22989920449113838,0.22919701434294948,0.2285959339394331,0.22764725234660765,0.22725224635837757,0.22768463101475428,0.22982462543611165,0.23084608328375478,0.23331679235220806,0.23473576337839197,0.2379331002704795,0.2397357361943867,0.2416400386259069,0.24360591839266074,0.24557896115609706,0.24747962679232344,0.25076833222266687,0.25194817055652813,0.2527026080669731,0.2530182868868202,0.2529063333622934,0.2524386691677057,0.25168619042956153,0.24939098533182547,0.24799603430507222,0.2451479466634638,0.2438539502425069,0.24266816621851253,0.2416346596035835,0.24088669482978792,0.24054953778359606,0.24076268209569998,0.24323102139743485,0.2485382800185581,0.2708381603595915,0.2989055813287718,0.3040229604239229,0.30445311302129446,0.30420089771357167,0.30335030098081883,0.3020155037798573,0.30040261011338126,0.2986733761595657,0.2948098012300143,0.292584098175083,0.29006412365738965,0.26427727828359104,0.2586518795859801,0.24517221705670858,0.23039127975212476,0.3220802245544582,0.5699803001978796,0.6355469577900519,0.8785260284108876,0.8895626958709766,0.9091593449517601,0.9435322394394556,0.9479074965707088,0.96473887747092,0.9667086150926476,0.9689116678665113,0.9713568172094466,0.9740208203943231,0.9875205614382117,0.9895873407703617,0.9931282368063176,0.9991629500736962,0.9999558525755827,,,,,,,,,,,,,,,,,,,,,,,,,,,,,,,,,,,,,,,,,,,,,,,,,,,,,,,,,,,,,,,,,,,,,,,,,,,,,,,,,,,,,,,,,,,,,,,,,
784,0.3070564279955111,0.29104440676648796,0.275997566153668,0.264265546489562,0.2567361454679628,0.2466888149275181,0.23676081607858399,0.23600738052859935,0.23564302780473548,0.2356259128008858,0.235881389423178,0.23634593474739027,0.23697941252071775,0.23774679261058362,0.23863714731003094,0.2406155169549614,0.2415398517183656,0.24232179332392637,0.2428900440800882,0.24322128125404138,0.24329409776385733,0.24307932294245946,0.24080413223629513,0.2361819363825809,0.23405283640026578,0.23315772370609586,0.23243471864248552,0.23186234450318988,0.23112908411891886,0.23142683257554914,0.23345248686603468,0.2357307141980595,0.23670301744669775,0.23902168349050412,0.2403528005750747,0.24337756544039546,0.24509730362116544,0.24693077572923233,0.24884187329789112,0.2507743163221051,0.2526477373960763,0.25590459897108486,0.257070657708556,0.25780747142191435,0.2580981908533572,0.25795357974858496,0.257448882578305,0.256658184697354,0.25429135029663635,0.25287588058691024,0.25004039317183946,0.2487761370257767,0.24762380746197377,0.2466207079272296,0.24590549586230964,0.24560742451839496,0.24587040248881176,0.24848066087710416,0.2539687698517108,0.2769018605563914,0.30602389501678057,0.3114623769810264,0.3119701832822654,0.31178262938625634,0.3109834590438765,0.30968771307074344,0.3081035657546907,0.30639390822522494,0.3025430680464094,0.3003071758249901,0.29776258551914514,0.2712625595528155,0.2654326682694975,0.2514091219425478,0.22854650195084078,0.32043824437842305,0.5686547520364832,0.6341953883895393,0.8762566098582776,0.887187982459457,0.9065713990255093,0.9404913501493696,0.9448044411505738,0.9616040091921791,0.9636238302914762,0.9658889086301837,0.9684073703142393,0.9711562435514961,0.9852702069110297,0.9874794487860044,0.9913258007119612,0.9983420880966405,0.9996381831486377,0.9998448242593985,,,,,,,,,,,,,,,,,,,,,,,,,,,,,,,,,,,,,,,,,,,,,,,,,,,,,,,,,,,,,,,,,,,,,,,,,,,,,,,,,,,,,,,,,,,,,,,,
787,0.3150264852056179,0.2986247736287129,0.2832953138656473,0.27137040445320476,0.26372392172059156,0.2535307316973616,0.24348390162916275,0.24272687470070387,0.24236515590737234,0.24235654196407655,0.24262573231469883,0.2431083528514996,0.24376265721431123,0.24455180122032588,0.24546299981982578,0.2474697566676363,0.24839501882879358,0.24916342334541206,0.24970017446345674,0.24998057583360575,0.24998264982645158,0.2496782265608463,0.2470319982878128,0.2417918836013678,0.23940895791618166,0.23843486135411385,0.2376844428021242,0.23715311505939168,0.23672090777571836,0.2379870470441449,0.2422258750634263,0.24471184455656872,0.24562043722200355,0.24773298818460154,0.2489416793460687,0.251720665188091,0.2533210128756465,0.25505091705249255,0.2568797541374925,0.2587486972237665,0.2605762996589263,0.26377384452767366,0.2649149997977117,0.26562356365346923,0.26587806347212933,0.2656888432595298,0.2651358954727406,0.2642976092995987,0.2618478848172399,0.2604133445300902,0.2576125509669076,0.25639708747905837,0.25529838171138397,0.25434454996905126,0.25368076048338495,0.2534409516140087,0.25377441026258596,0.25657374808448646,0.2622906659168059,0.28599067930031075,0.31638823714489195,0.3222149909608811,0.3228180854940325,0.32271157720174803,0.32197848637143356,0.32073438632762014,0.31918902259951354,0.31750587966188853,0.31367329828739765,0.3114253881475681,0.30885090302148704,0.28146505334517413,0.27537837289318523,0.2606652447393858,0.22499848891969992,0.317230562935234,0.5661392737510071,0.6317365557395592,0.8728445932524119,0.8836403516054092,0.9027462486459676,0.9360835377788415,0.9403187438361182,0.9570774877691356,0.9591578181553267,0.9614969004066702,0.9641017613739225,0.9669505481926934,0.9818219608491044,0.9842054786581325,0.9884426282153744,0.9967492900180405,0.9987110974452311,0.9991341980606131,0.9997073876868094,,,,,,,,,,,,,,,,,,,,,,,,,,,,,,,,,,,,,,,,,,,,,,,,,,,,,,,,,,,,,,,,,,,,,,,,,,,,,,,,,,,,,,,,,,,,,,,
788,0.3181181846513743,0.30162566890514375,0.28623071676452244,0.2742612052043069,0.2665877153065892,0.2563612991611044,0.2462901872664356,0.2455333986021865,0.24517349079252673,0.2451681664805975,0.24544195673178057,0.2459302551589594,0.24659086742973088,0.24738643512383152,0.2483036253540004,0.25031805734586243,0.25124314501564865,0.252007112817955,0.2525341801957432,0.2527992531776467,0.25278018783002193,0.25244910819390104,0.24969291866139337,0.24426858372397295,0.24180949843208227,0.24081179091020938,0.24005349411935614,0.23953532326262925,0.239196610218302,0.24075796634124988,0.24564971429899785,0.2481907886213432,0.2490788754390377,0.25112660696439104,0.2522968448194063,0.2549981146759432,0.25656044681315654,0.258257004267155,0.26005889324593257,0.2619066229397148,0.2637185142670928,0.26689523906760876,0.2680280646957007,0.26872785342464794,0.26897177734720507,0.2687700466628918,0.2682040157212307,0.26735329496024957,0.2648835252240586,0.2634460009204088,0.26066101347655557,0.2594625608916717,0.2583819745518848,0.2574445042830205,0.2567970257491743,0.256574626501521,0.25692791615265154,0.2597767628886715,0.2655486326028619,0.28941982318853365,0.3200976843298436,0.3260079944678361,0.3266321859372757,0.3265444629938771,0.32582751462992,0.3245968014847797,0.32306195266527116,0.32138621501556175,0.3175600814369129,0.31531065120930907,0.31273088250565345,0.28515456739710415,0.27900861426718915,0.26412885672792324,0.22297081903025243,0.3153400289106538,0.5646462906288171,0.6303343640365852,0.8714572286200999,0.8822260147975394,0.9012744332404913,0.9344986188270699,0.9387210376760906,0.9554957411467166,0.9575946184252726,0.9599562646995353,0.9625875567918445,0.9654673212939634,0.9805822544692809,0.9830218577674675,0.9873894251948282,0.9961313245318699,0.9983031752659968,0.998792530526153,0.9994922753617765,0.9999692823909997,,,,,,,,,,,,,,,,,,,,,,,,,,,,,,,,,,,,,,,,,,,,,,,,,,,,,,,,,,,,,,,,,,,,,,,,,,,,,,,,,,,,,,,,,,,,,,
790,0.32432344630483684,0.30767627314877,0.29217112310450344,0.2801271825925442,0.27240890540986634,0.2621279950190687,0.2520203265198336,0.2512651274274948,0.250909554417389,0.25091114212698973,0.25119412203410746,0.2516934593404702,0.25236612601443487,0.25317379367275683,0.2541020712571956,0.2561299218482758,0.2570538431374002,0.2578083960228878,0.258315943483924,0.2585506316369149,0.2584900009533064,0.25810674750972745,0.2551362290631672,0.24935246299484853,0.24674428554907715,0.24570028873030159,0.24492655237625616,0.24443432723516645,0.24427960895784095,0.24641699544456028,0.2525698932783948,0.25520623301841167,0.25605104542163704,0.2579661200838603,0.2590585577059674,0.2616033099716068,0.2630891501792825,0.2647185161592302,0.2664659790418758,0.26827083523193246,0.27005104306985145,0.27318621000337856,0.2743028988110084,0.274986075726555,0.2752102344283941,0.2749852776404729,0.2743950926499698,0.2735215921561676,0.27101608049359266,0.2695746867735482,0.2668248953991568,0.26566171918895304,0.26461827427497153,0.2637140305573567,0.2630990992715043,0.26291068016302455,0.2633017725507592,0.26624221837223455,0.27211161159007596,0.2962760347969306,0.3274331265075098,0.3334866973201002,0.3341479302604986,0.33409405268734854,0.3334070344174375,0.33220193704169554,0.3306877799221399,0.3290270758269377,0.3252160533237325,0.32296593047060407,0.3203791006681015,0.2924796577228433,0.2862288749700272,0.2710487720657938,0.21840052509690322,0.31099881172759286,0.5610536930321427,0.6269362219570189,0.8683022691664248,0.8790357486459961,0.8980065445293075,0.9310861108950956,0.9352950137064696,0.952133788680247,0.9542710242194641,0.9566796251604878,0.9593664384598045,0.9623118267961864,0.97793949387464,0.9804941043628594,0.9851256586149204,0.9947340117415916,0.9973192733664574,0.9979378208010695,0.9988832798197113,0.9997229884323993,0.9998764212914073,,,,,,,,,,,,,,,,,,,,,,,,,,,,,,,,,,,,,,,,,,,,,,,,,,,,,,,,,,,,,,,,,,,,,,,,,,,,,,,,,,,,,,,,,,,,,
791,0.3274933369000171,0.3107759076390444,0.2952209627095228,0.283143482856637,0.27540505828534845,0.2650996525431618,0.2549758828931761,0.2542215455045817,0.2538680993192077,0.2538730028722762,0.25416034962942013,0.25466490111282303,0.2553432310480821,0.25615654136372457,0.25708991795958264,0.259123543958177,0.2600464429006024,0.26079590709255096,0.26129339580797273,0.26151267931455374,0.26143114060788947,0.2610217560284591,0.2579442780328017,0.25198082980696707,0.2492978564811989,0.2482305916150952,0.2474490623181673,0.24696985961203408,0.24690753913963975,0.2493310366565838,0.2561032071827046,0.2587784656178046,0.2595996065735454,0.2614451501459354,0.2624976377498262,0.26496292091647783,0.26641004015329334,0.2680054637437606,0.2697255459015821,0.2715090422851014,0.27327379184903544,0.27638940026685627,0.2774987657973904,0.27817441183366887,0.2783894681453603,0.2781536510498696,0.2775520052525271,0.2766675440228945,0.27414461541931784,0.2727014797980331,0.26996989165428587,0.26882462343903785,0.26779986892030194,0.2669121102745896,0.26631311215799447,0.2661411405815176,0.26655035230287466,0.26953426046933965,0.27544888859192573,0.29974711064504805,0.33112161381335814,0.33723990941587223,0.33791809519689187,0.3378799411647003,0.3372070667497417,0.3360143103701235,0.3345103136863245,0.3328571816327952,0.32905459830995065,0.326805075328287,0.32421608837398647,0.29617455818866706,0.2898754992684435,0.27455421703567506,0.21586249889956446,0.30855136036349534,0.5589474881744185,0.6249292114269115,0.8664994421036656,0.8772228495921508,0.8961700029034645,0.9292095235569504,0.9334161569062817,0.9502976302730206,0.9524549747812794,0.9548886439570943,0.9576056128296573,0.9605870809435971,0.976495066068695,0.9791112042105935,0.9838811209804801,0.9939344658928262,0.9967302650592513,0.9974138910361595,0.9984821633532324,0.9995036746591701,0.9997190025236041,0.9999679846596902,,,,,,,,,,,,,,,,,,,,,,,,,,,,,,,,,,,,,,,,,,,,,,,,,,,,,,,,,,,,,,,,,,,,,,,,,,,,,,,,,,,,,,,,,,,,
793,0.33446003208542086,0.31759825921650175,0.3019381463444232,0.2897883227386327,0.2820058095435866,0.27164543940856306,0.2614802187803799,0.2607260688663979,0.2603754847249951,0.2603857759789002,0.26068075290294723,0.26119476065359776,0.26188357846780075,0.26270746304391496,0.2636504391651218,0.2656946735661579,0.26661511969398544,0.2673539919202899,0.2678309047959451,0.26801884709403206,0.2678948580666031,0.26743244982680975,0.26413768281350414,0.2578073146740251,0.25497107601655844,0.25385616948201245,0.2530588443971989,0.25260675520924925,0.2527350826440287,0.255739988131073,0.2637473793126168,0.2664816496335335,0.2672507069119164,0.26895044590065936,0.2699214918305953,0.2722275303551891,0.2735972574818057,0.27512518034359096,0.27679143469050843,0.27853391648618586,0.2802704193292695,0.2833530683336967,0.284450713760554,0.2851137838908487,0.28531259718282354,0.2850564227952262,0.28443232693257764,0.2835254421515015,0.2809644141669069,0.27951583950534087,0.2768177568502533,0.27570706869169026,0.274718173215817,0.27386130041653245,0.2732918740807263,0.2731505603704457,0.2735939713119486,0.27666184023886753,0.2826649305044843,0.3072288246607578,0.3390241359421164,0.34526230983956363,0.3459711620881794,0.34596121478687075,0.3453135357113434,0.34414264931910415,0.3426565887866273,0.34101680541917617,0.33722957960744315,0.3349817768113072,0.3323899700220316,0.3040954315815349,0.29770570357997533,0.282110318817341,0.21016783819154786,0.3030468300815646,0.554190510387295,0.6203988046527972,0.8624873471581885,0.8731936367172353,0.892097828985596,0.9250624541250236,0.9292640683892002,0.9462109051854218,0.9484069416614028,0.9508907997152886,0.9536699101163131,0.9567272843289446,0.9732377287662595,0.9759872828528705,0.9810557916936287,0.9920671262534686,0.9953107521949672,0.9961309656865912,0.9974540367041508,0.998849296896867,0.9991916254989286,0.9996980994017366,0.9998622094183943,,,,,,,,,,,,,,,,,,,,,,,,,,,,,,,,,,,,,,,,,,,,,,,,,,,,,,,,,,,,,,,,,,,,,,,,,,,,,,,,,,,,,,,,,,,
796,0.34694305137707354,0.32977131961503475,0.3138681123038075,0.30154319882179176,0.2936510604966819,0.28314815479055605,0.27285046369080745,0.2720882632694619,0.2717356094969304,0.27174950918610985,0.27205315602601926,0.27258008171440096,0.27328468512077086,0.27412559793712354,0.27508508142610366,0.2771509801551517,0.27807041638622226,0.27879519026247723,0.27924164650264344,0.2793813785674371,0.279190746963808,0.27864400398592726,0.27499797562215406,0.2680679031597986,0.26498113845411964,0.2637890578750839,0.2629674849968432,0.26256239575213974,0.2630105102039106,0.26697445465699937,0.27697964400672925,0.279786548341582,0.28046831756451424,0.2819364178113169,0.28278364568634334,0.28485501764881044,0.2861108273839071,0.2875407598209667,0.28913147549033935,0.29082010895031335,0.2925248774851583,0.2955805981412672,0.29667009439809033,0.2973210806914734,0.297499282993378,0.2972131491918204,0.29655219636648167,0.29560479068206114,0.2929642749224559,0.2914954063766299,0.28882852071610576,0.2877623247415663,0.28681973622383783,0.2860007639106209,0.28546810906075937,0.28536756585560885,0.28586070833326804,0.28906607489773173,0.29523086291004064,0.32032526631534036,0.3529225283387253,0.359367865344762,0.360123586561155,0.3601526388877789,0.35953597983824037,0.35838863690942674,0.35691932258377546,0.355289849661983,0.3515085748753391,0.3492560747272777,0.34665326565018956,0.3179236861720344,0.31138078228331784,0.2953086953624904,0.20133853780915004,0.2947253403970121,0.5474403256124514,0.6140522349791548,0.856467756270653,0.8670780846214556,0.8857673748182546,0.9182600325980227,0.9223936480970222,0.9391670047751981,0.9413976617701172,0.9439347650032729,0.9467862288727219,0.9499374803368204,0.9672810826788595,0.970237566597317,0.975784248108796,0.9884121366938198,0.9924121582853804,0.993463345618731,0.995215183326929,0.9972172398937856,0.9977601817926961,0.9986683752250792,0.9990386335374666,0.9996174379097852,,,,,,,,,,,,,,,,,,,,,,,,,,,,,,,,,,,,,,,,,,,,,,,,,,,,,,,,,,,,,,,,,,,,,,,,,,,,,,,,,,,,,,,,,,
798,0.35707845047373044,0.33965802565809383,0.3235531466386234,0.3110796234208465,0.30309292383192815,0.2924638559910036,0.2820359873653448,0.28126225676324473,0.2809028930846833,0.28091470480837355,0.2812204360459285,0.28175303041364247,0.28246590987369524,0.2833165466242204,0.28428594341536334,0.28636515223103326,0.2872834695984661,0.28799814847916727,0.2884231249973326,0.2885289369299796,0.2882913898572318,0.28768518047594144,0.28379011315100006,0.27643008570955147,0.2731629280947306,0.2719155739108315,0.2710772643350304,0.27070736928132055,0.27138946634733185,0.27603436953271704,0.28740517147841343,0.2902186916319909,0.29083028760033247,0.29212684162067903,0.2928879076154686,0.29480331597538567,0.2959839427439982,0.2973503383311258,0.29889415233880556,0.3005525692464459,0.30224457177088004,0.305300896680912,0.3063932383008621,0.30704265051481994,0.3072115150074316,0.30690754699980843,0.30622119649195945,0.30524287629425606,0.30253439539369403,0.3010435328501631,0.2983840454746631,0.2973419365428704,0.29642409648816076,0.2956229294713156,0.2951072371487272,0.2950272319773025,0.2955484796328152,0.2988424424276291,0.3051198284754733,0.33060813410260237,0.3637781576910667,0.3703580029302918,0.3711410029250571,0.3711906990819828,0.37058845910037924,0.36945018916541933,0.3679858445500641,0.366358202329303,0.36257502878600034,0.36031896619116704,0.35771011199756536,0.3287294814327208,0.3220890002667071,0.30569234090718894,0.19419582837777363,0.2879942037526139,0.5419783410126032,0.6089178805872203,0.8515372108705646,0.8620627434110419,0.8805624219153444,0.9126275997677259,0.9166960664951562,0.9332493383751129,0.9354971459233565,0.9380673241814904,0.9409684583843466,0.9441876549667088,0.9621657415209561,0.9652889100531568,0.9712196990420209,0.9851535001887217,0.9897452247018137,0.9909728127289751,0.9930450463981574,0.9954868552831084,0.996173184872446,0.9973667034010362,0.9978840937453733,0.998785363655835,0.9997603553762121,,,,,,,,,,,,,,,,,,,,,,,,,,,,,,,,,,,,,,,,,,,,,,,,,,,,,,,,,,,,,,,,,,,,,,,,,,,,,,,,,,,,,,,,,
800,0.36873351699276813,0.35106047522328093,0.33474737593538956,0.32211828985710406,0.314031446381713,0.3032662798100679,0.29268865596654553,0.29189935841996806,0.2915293198815363,0.29153520115796844,0.29183935090723495,0.2923741681441821,0.29309213404622675,0.29394958089895085,0.2949262428255717,0.29701425336066983,0.29792960114483513,0.2986325838299909,0.2990347067214935,0.29910540523937984,0.2988198764492897,0.29815321596976674,0.294005639971118,0.2862056960631207,0.2827528399712644,0.2814487455996924,0.2805936848475483,0.28026107234935466,0.2811869642368091,0.2865191967732531,0.299208825207419,0.301978433249333,0.3025090406088448,0.3036196377203512,0.30429169539201345,0.3060518519435455,0.30715812052788355,0.3084623790276404,0.30996166438023537,0.31159377271999433,0.3132789118249014,0.3163492012215376,0.3174507289317748,0.31810399395103206,0.3182679008193093,0.3179492542962573,0.31723868859777377,0.31622840732712887,0.31344454705964375,0.3119269618535665,0.3092667623548514,0.3082447030212461,0.30734676696118507,0.30655719779665597,0.306051584748287,0.3059850659714868,0.3065273897417365,0.309896890156972,0.31627436314766305,0.34212769415474636,0.3758073443477605,0.38249374084014914,0.38329597127066917,0.38335894213590505,0.38276471089473596,0.38163025809083956,0.3801669408307842,0.3785387305950358,0.3747540746788935,0.37249787669945894,0.3698889126566897,0.3407573790171027,0.3340389463031108,0.3173528998485853,0.18537948625075576,0.2795828030230768,0.5349269019267812,0.6022463465970496,0.8452638241874588,0.8557088861860304,0.8740261603340668,0.9056808687266993,0.9096865616574983,0.9260103571129019,0.9282776553479297,0.9308866845318523,0.9338471984964907,0.9371483322179279,0.9558859426024542,0.9592079916573716,0.9655926978481406,0.9810467291789916,0.9863006250250476,0.9877198660067765,0.9901321391877062,0.9930350436435358,0.9938726254781064,0.9953674918106771,0.9960411683124523,0.9972895190529046,0.9989156559520868,0.999693421949111,,,,,,,,,,,,,,,,,,,,,,,,,,,,,,,,,,,,,,,,,,,,,,,,,,,,,,,,,,,,,,,,,,,,,,,,,,,,,,,,,,,,,,,,
805,0.3985694724568954,0.38030028174942954,0.3635031182425873,0.3505127287259371,0.3421915767984181,0.3311018147319099,0.3201400832938052,0.31930421374764134,0.31889824181376475,0.31887873906882747,0.3191674656224764,0.31969581473297015,0.320414202578841,0.3212763493580821,0.32225891454502387,0.3243456011125443,0.32524328861494695,0.3259082465689487,0.3262462235044569,0.3262239317256503,0.3258150331152285,0.3249955967158511,0.3202195557994191,0.3113209169827043,0.30740107815124995,0.30595386601736646,0.3050559220689475,0.3048163345927158,0.30635110870149057,0.3133337221493022,0.32905882474102743,0.3315655216800275,0.33186453416761874,0.33247060972102216,0.33291083338367317,0.33428044009773633,0.33520110635604566,0.33635113647535225,0.3377413876239128,0.33931269675105097,0.34098957994212675,0.34411636274938934,0.34525241127279094,0.3459265167406893,0.34608865271797545,0.34574268196664487,0.3449772372308429,0.34388778200747727,0.3409053577436402,0.3393131574861516,0.3366361804117816,0.33565520971950913,0.3347958312840666,0.33402092142493545,0.33352422157667727,0.33347409472411776,0.3340507977569477,0.3375710502510476,0.3441583225391554,0.3708234502732787,0.40563569049969034,0.41255520036288085,0.41339992692099603,0.41349285253974116,0.41291809231299187,0.4117954638374498,0.4103399441562614,0.408718669647972,0.40495580214751764,0.4027165952042086,0.400127663389495,0.37078082765780646,0.3638902509176439,0.34652572589300296,0.16028575781178067,0.2549045302958568,0.5122314258571584,0.5802350641704109,0.8241949627555324,0.8344874765121416,0.8524651837237058,0.8833807562821692,0.8872774568786949,0.9032676181453886,0.9056234643786325,0.9083785089020264,0.9115461793545745,0.9151224981360339,0.9362763236238344,0.9401805300408597,0.9478612208552221,0.9674526817518898,0.9744654742476858,0.9763797459179535,0.9796504808764956,0.9837161123359881,0.9849391832347669,0.987209523872823,0.9882892434343142,0.9904425076027414,0.9937463960144353,0.9959173979090656,0.9978305078019897,,,,,,,,,,,,,,,,,,,,,,,,,,,,,,,,,,,,,,,,,,,,,,,,,,,,,,,,,,,,,,,,,,,,,,,,,,,,,,,,,,,,,,,
808,0.4161536863072933,0.3975819410034704,0.3805464288680195,0.36737803151980936,0.35893930732976465,0.34768071568641223,0.3364941317531428,0.3356251342338013,0.33519053408840666,0.3351471093769653,0.3354166679880064,0.3359303735098814,0.33663769888563694,0.3374910822590437,0.3384655364241226,0.3405293502464674,0.34140711886631786,0.3420418147152779,0.34233620869144377,0.34225552127917747,0.34177255741585294,0.3408639592948075,0.33573132635901515,0.3262100298898965,0.32202446814535324,0.3204959243964193,0.31957349294202897,0.3193865521133315,0.32126415401649855,0.3291292402005251,0.34638208393303427,0.3486349651595036,0.3487838324498871,0.3490810915207558,0.3493865717056477,0.350539280603598,0.35135723663328916,0.35242235830219815,0.3537537384370355,0.3552952170677778,0.35697482659289154,0.36015048059170557,0.3613145858129685,0.3620083530534103,0.36217668777993356,0.3618214383058924,0.36102832919079797,0.3598938256159654,0.35678962723220514,0.3551480296799372,0.3524465987537425,0.35148005407463473,0.35063225204964626,0.3498535219543329,0.34934883206725226,0.34929483999932087,0.34987800778142597,0.35345960451951974,0.3601440542505288,0.3872221168739737,0.4225928480643982,0.4296225773719927,0.43048720750618413,0.4305938664437991,0.43002817257796105,0.42891170543651574,0.42746166414007475,0.42584721255646757,0.42210717267238396,0.41988541397995033,0.4173173768195045,0.3879121807007533,0.38092981488297467,0.36318698553604384,0.14427630672216443,0.23877031059429923,0.49632249232978104,0.5645495545449977,0.8090431563444308,0.8192852046962176,0.8371541417855102,0.8678583032560406,0.8717264997373584,0.8876724173383188,0.8900976093109194,0.8929588019918051,0.8962720748808309,0.9000383792789544,0.9228098600792045,0.9270795379104961,0.9355569157274968,0.9575960980734598,0.9656375540631288,0.9678350038752218,0.9715865137742828,0.976299456583875,0.9777377180434019,0.9804438033573871,0.9817535215220703,0.9844215583617107,0.9886727211068126,0.9916355627127205,0.9944719686695713,0.9992090488779963,,,,,,,,,,,,,,,,,,,,,,,,,,,,,,,,,,,,,,,,,,,,,,,,,,,,,,,,,,,,,,,,,,,,,,,,,,,,,,,,,,,,,,
809,0.4219712530732701,0.40331929450173315,0.3862221832597957,0.37300758181225857,0.3645377148992946,0.3532330076730998,0.34198027318560176,0.34110057519095216,0.34065632193659,0.3406044029354773,0.34086671159229814,0.34137440517168516,0.34207670101804355,0.34292567426282167,0.34389584831752307,0.34594899559214254,0.3468189285903852,0.34744275166753774,0.3477223695428302,0.3476225543301191,0.34711585022101016,0.3461790832964173,0.34093544122464176,0.3312201187460315,0.3269515740399578,0.32539768022060866,0.32446761224994763,0.32429704250820324,0.3262808682982348,0.3344126506171704,0.35210728935183866,0.3542631371526421,0.3543618745500609,0.35455861017419404,0.3548212301813718,0.35590627312222534,0.3566922547309212,0.3577310106799047,0.359044300598545,0.3605770843217864,0.36225864092284227,0.36545214205370885,0.36662626614513383,0.3673272622167695,0.3674984661622602,0.3671410751514787,0.36633970192777826,0.36519104598983426,0.3620474928124218,0.3603895042119355,0.35767850185207317,0.35671534953522066,0.3558698304393084,0.35508825503013014,0.3545791907328554,0.35452193732766096,0.35510486045013134,0.35870046299826336,0.3654091149112602,0.3925961463656628,0.4281018348379422,0.4351535102077869,0.43602158811457375,0.4361303651273524,0.43556597277429776,0.43445049533664326,0.43300168247787396,0.43138925739247785,0.4276571654432281,0.42544198852733867,0.4228822516787811,0.3934803820813887,0.3864731412385864,0.36861909462715664,0.13876328139162944,0.23317026309904101,0.4906962205418743,0.558985494552551,0.8037798876764956,0.814021978950865,0.8318888790208835,0.8625976264735039,0.8664679258575835,0.8824427688581526,0.8848929589881078,0.8877909105580648,0.8911536861281504,0.8949839353737985,0.9182900765722216,0.9226774718230146,0.9314085589709158,0.9542149882921268,0.9625769161274118,0.96486152762776,0.9687592132281747,0.9736682504209481,0.9751718164256068,0.9780104430862766,0.9793903525998532,0.9822158940975761,0.9867561602935986,0.9899616662695633,0.9930826434403403,0.9986213491928869,0.9999175392715257,,,,,,,,,,,,,,,,,,,,,,,,,,,,,,,,,,,,,,,,,,,,,,,,,,,,,,,,,,,,,,,,,,,,,,,,,,,,,,,,,,,,,
810,0.4278360111671446,0.40912185570961834,0.3919780370722059,0.3787280400736702,0.3702336962482839,0.35889148052939124,0.3475811981652035,0.34669152235182815,0.34623801439562063,0.34617769880390176,0.3464325945919012,0.3469338950237738,0.3476306024065335,0.34847447446931157,0.3494395896019831,0.35148052332321345,0.3523420463528333,0.3529547006512508,0.35321961917558914,0.3531011632953414,0.3525716352503523,0.351608036008148,0.346259624285978,0.3363607592331762,0.3320135214476687,0.33043562275130517,0.32949833750593516,0.32934328920496614,0.33142745947158747,0.3398069531898328,0.3578959640207024,0.35994743186413347,0.35999630234279023,0.36009450818178257,0.3603156341177088,0.3613357792930385,0.36209115511073536,0.36310469979477716,0.3644007740044273,0.36592550046417827,0.3676094211533173,0.3708212472017944,0.37200559396431987,0.3727140864512352,0.37288857890834315,0.37252964316827325,0.3717207373285207,0.37055875035456526,0.3673775191576429,0.3657036970098006,0.36298312485583234,0.3620228715621287,0.3611790318490107,0.36039401017059625,0.35987980472237135,0.3598182015881449,0.3603992935586081,0.36400378683644197,0.37072923405892894,0.3979971022470606,0.43358783265597506,0.44064647518250283,0.4415147000734271,0.44162308036382314,0.44105824657717396,0.43994268588904084,0.4384944704930351,0.43688373275002573,0.4331597007757915,0.4309517636023153,0.4284015906004822,0.3990294772911534,0.3920041881052321,0.374056166009775,0.13302444001372934,0.22732581675402805,0.4848078941963465,0.5531674647717874,0.7984193690320853,0.8086769624447301,0.8265724811699467,0.8573516895337389,0.8612343226778406,0.8772748285175006,0.879751426133,0.8826871297221993,0.8861000880852687,0.8899946847658249,0.913830828474366,0.9183332785150584,0.9273104330733366,0.9508537837365629,0.9595204770910634,0.9618869980853594,0.9659205364104717,0.9710118420446932,0.9725765127690407,0.9755394668203863,0.9769853670345195,0.9799591664928238,0.9847704508238693,0.9882038840583929,0.9915932525476573,0.9978937371250923,0.9996764168394131,0.9999201749844402,,,,,,,,,,,,,,,,,,,,,,,,,,,,,,,,,,,,,,,,,,,,,,,,,,,,,,,,,,,,,,,,,,,,,,,,,,,,,,,,,,,,
811,0.4337411128346645,0.4149833658155829,0.39780777781851756,0.3845329599402708,0.3760205160214157,0.3646487282372317,0.35328758120888926,0.3523881589948216,0.35192527722880373,0.35185612400440064,0.3521028916811213,0.35259685923061795,0.3532868642059214,0.3541244022996288,0.35508315911649274,0.35710940152786297,0.3579615602324594,0.3585624499677934,0.3588125406370873,0.3586758249382859,0.3581243833164996,0.35713537867661804,0.3516892195111256,0.34161898860652257,0.3371981790053646,0.33559794037374435,0.33465404060900505,0.334513646664733,0.33669152281858006,0.3452961607644867,0.36372320731060626,0.3656614705475021,0.3656609557902574,0.3656638042112133,0.36584569666346567,0.36680571014873437,0.3675327350702885,0.3685229796867203,0.3698033407663531,0.37132120330324425,0.37300843715794507,0.37623994336851735,0.37743509148518467,0.37815169565937035,0.3783302415686669,0.37797069765118857,0.37715524642585313,0.3759808743857557,0.37276350566807326,0.3710741245202811,0.3683430035975573,0.3673844784056982,0.3665410034476633,0.3657512496181118,0.3652305067521434,0.3651629360476198,0.36574021837634185,0.36934824286006834,0.376083661621865,0.4034076544117611,0.4390367997478467,0.4460878176370795,0.4469527984183966,0.44705801862315403,0.4464906222095616,0.44537342972056665,0.44392467177632206,0.4423147939737763,0.4385979858061092,0.4363974869298552,0.43385768249811807,0.4045387489505715,0.39750187776866186,0.3794764533266669,0.1271203643095643,0.22130590003765982,0.47874413043515324,0.5471867829310341,0.7930501453522575,0.803337654499357,0.82129081237829,0.8522023982295577,0.856106718296266,0.872241371104766,0.8747443953929017,0.8777174091838654,0.881179766407098,0.8851375946519813,0.9094894368048136,0.9141024446615992,0.9233142209306645,0.947554539957601,0.9565068822963381,0.9589491868305097,0.9631067530967852,0.9683639826863828,0.9699845525681781,0.9730614323753307,0.9745679604361964,0.977678416198929,0.9827395359985647,0.9863841329376292,0.990023423036107,0.9970385418179619,0.999285467720496,0.9996856657138949,0.9999221237639384,,,,,,,,,,,,,,,,,,,,,,,,,,,,,,,,,,,,,,,,,,,,,,,,,,,,,,,,,,,,,,,,,,,,,,,,,,,,,,,,,,,
812,0.43965356631362057,0.4208715514987723,0.40367921202468016,0.3903899282535992,0.3818654934025295,0.37047145290358713,0.3590644680336699,0.3581551272667788,0.3576823349358341,0.3576034753396964,0.35784096682911665,0.3583262293335507,0.35900799610984346,0.3598375665707989,0.36078829530594936,0.3627967697328084,0.36363841008161757,0.3642268304423427,0.36446196053916674,0.3643074708611896,0.36373524071399205,0.36272257491229215,0.3571871718176183,0.34696032126149,0.3424721912179277,0.34085167727327026,0.33990196761030067,0.3397752879511093,0.3420391126018075,0.3508410513704164,0.36953669559707975,0.37135050606065345,0.37130133290137746,0.3712134540000552,0.3713594936561968,0.37226667929362445,0.37296874756647347,0.37393857504280265,0.37520552208089325,0.37671841541714723,0.3784105846467171,0.38166427394471547,0.38287133691012576,0.3835972066227212,0.3837811458582398,0.3834225302186849,0.3826020304963549,0.3814165653296936,0.3781647991846774,0.3764599402143433,0.37371628870558665,0.37275752061779815,0.371912219452916,0.371115572854458,0.3705860508479647,0.37051012885716234,0.37108097601677786,0.3746863793264645,0.38142497477245996,0.40878219050242237,0.4444040482619775,0.45143273508949516,0.45229090502274816,0.45238989601565666,0.4518174091146558,0.450696559384629,0.4492456375048357,0.4476353612948007,0.4439241663867546,0.44173095506606663,0.4392019852442151,0.40995732714917743,0.40291510672885206,0.38482876550482553,0.12111186415109924,0.2151746829558635,0.4725740495050471,0.541115370005898,0.7877412628446606,0.7980725245953304,0.8161121254202507,0.8472176472020735,0.8511527342809251,0.8674046862532072,0.8699331980856522,0.8729421481555756,0.8764522340318828,0.8804713312504989,0.9053195235533964,0.9100372641802922,0.9194692706169102,0.944357561717382,0.9535731551633886,0.9560842105220627,0.9603523538003983,0.9657567978367145,0.9674272097130666,0.9706058704814892,0.9721667629584876,0.9754003621862704,0.9806869087827419,0.9845233903527512,0.988391244015201,0.9960661903577178,0.9987519557057238,0.9993025700729191,0.999691261482273,0.999922778154722,,,,,,,,,,,,,,,,,,,,,,,,,,,,,,,,,,,,,,,,,,,,,,,,,,,,,,,,,,,,,,,,,,,,,,,,,,,,,,,,,,
813,0.4454396153930383,0.42665226183635574,0.4094574612891307,0.39616336153276527,0.38763255057310614,0.3762228048134718,0.3647738941791933,0.363854298202776,0.3633709199438285,0.3632813722150763,0.36350834822784245,0.3639834627853814,0.36465541179538574,0.36547537136522945,0.36641643635509674,0.36840430050366085,0.36923448025592265,0.3698100153908529,0.37003042521875085,0.36985910722605186,0.369267759347862,0.3682337981651476,0.3626199031087046,0.3522545993644931,0.34770679110935804,0.3460685063431502,0.3451139557661117,0.34499984585386967,0.34734019195585725,0.35630434820411144,0.3751831679540484,0.3768587686104875,0.37676212614403454,0.37659014756835124,0.37670512821967195,0.3775699436377074,0.3782518769465862,0.3792053801045489,0.38046217573893654,0.3819728132382207,0.3836722965009144,0.38695195888360523,0.38817270147009997,0.3889097060515665,0.38910119796923254,0.3887459481701159,0.38792272424812274,0.3867281051296994,0.38344441198984214,0.38172414340590827,0.37896507332171914,0.37800320173972146,0.377152877635367,0.3763461659572381,0.37580462997731756,0.3757170595716702,0.376278064264256,0.3798737151587943,0.3866087173584041,0.4139785278123752,0.44955038058156754,0.45654326897296,0.45739131049881665,0.4574810837758509,0.45690091560329826,0.45577420789704426,0.45431929638568835,0.45270719215205263,0.4489996148452484,0.44681326770079793,0.4442952142086854,0.415138658485075,0.4080958266562746,0.389962672151496,0.11512669446402037,0.20905158514661065,0.46638509426162567,0.5350347724758989,0.782553647328396,0.7929421617974035,0.8110981897978509,0.8424625941573664,0.8464379132551939,0.8628303909494899,0.8653834256077281,0.8684269995494451,0.8719832927491237,0.8760619531439037,0.9013889662732321,0.9062045722931256,0.9158395204166802,0.941313421156234,0.9507655760609135,0.9533372256988634,0.9577006295548536,0.9632315127466917,0.9649450413713418,0.9682121988622516,0.969820648818057,0.9731624011778173,0.9786454779219416,0.9826500289136169,0.9867195930247171,0.994987251321873,0.9980815476816717,0.9987748046569621,0.9993092560163083,0.9996901168885342,0.9999209319254334,,,,,,,,,,,,,,,,,,,,,,,,,,,,,,,,,,,,,,,,,,,,,,,,,,,,,,,,,,,,,,,,,,,,,,,,,,,,,,,,,
815,0.45650974327598887,0.4377655204284436,0.42060786101544706,0.4073331470277413,0.3988066661015158,0.3873856943496427,0.3758653220485199,0.3749242236086425,0.3744176200606231,0.3743036827100063,0.3745058128830969,0.3749561817169784,0.37560359865306475,0.376399194797901,0.3773157328793294,0.3792529153579402,0.3800566570682818,0.3806042831403388,0.38079485288413395,0.38059135459063403,0.3799651854892608,0.3788939259118889,0.3731488894679191,0.36255174496475795,0.35790362601727116,0.3562359773075718,0.35527397517795795,0.35518180114100245,0.35765041160167516,0.3668470755178427,0.3858722714733913,0.38723453001926317,0.3870452340740612,0.38672016789805463,0.38678428756098066,0.3875892677073339,0.38824250591859955,0.3891731822611676,0.3904174379455739,0.3919299110264666,0.3936494625321084,0.3969895763193826,0.39824181312790935,0.3990057319038385,0.39921789498432053,0.3988757736161305,0.39805327300807375,0.396845540064885,0.39350498823571267,0.39175457092971594,0.38895859195364385,0.38798390696986196,0.38711605792886633,0.38628173911732827,0.3857084558990823,0.385589603107094,0.38612249865451637,0.389680401703781,0.3963900585089766,0.42372803581423896,0.45908743698197396,0.46597596410369363,0.4667962410570825,0.4668610795615202,0.4662601851869489,0.46511744854002524,0.4636511601150688,0.4620328899720325,0.458329243913474,0.45615617491891386,0.45366062134708,0.4247130494142838,0.41768028942878005,0.3994886798191688,0.10324361665845776,0.1968194992448708,0.4538649384963335,0.5227375995770568,0.7723776275130043,0.7829209299184249,0.8013994303035217,0.8334810578029241,0.8375667306573891,0.8543260735542199,0.856928149089308,0.8600400735042514,0.8636873704650812,0.8678833424597224,0.8941351269706733,0.8991287817708276,0.9091231316397765,0.9355920884185802,0.9454426821498242,0.9481127345471931,0.9526239429102501,0.9583504495079191,0.9601317686424448,0.9635397798625468,0.9652248701521202,0.9687416883219286,0.9745351212477333,0.9788061901078134,0.9832001156071625,0.9924567634392634,0.996278494245403,0.997233456615803,0.9980392805786062,0.9987045153246685,0.9992375669903559,0.9996428547054598,,,,,,,,,,,,,,,,,,,,,,,,,,,,,,,,,,,,,,,,,,,,,,,,,,,,,,,,,,,,,,,,,,,,,,,,,,,,,,,,
817,0.4675490383930323,0.4489006563247979,0.4318326748289206,0.4186190865215445,0.41012379338795996,0.39872801226956545,0.3871757052560546,0.38621688204649457,0.3856894107473204,0.3855521188866232,0.38572931056725973,0.38615388085688207,0.38677480560454214,0.38754322274273023,0.38843157334237105,0.39030856807547787,0.391080433858605,0.39159447368468053,0.39174945989808574,0.3915080503061796,0.3908414262330196,0.3897274730556722,0.38383693979037764,0.3729910461937527,0.3682355695071388,0.36653564789542725,0.3655637208723099,0.3654915541969729,0.3680868508965669,0.3775295006898882,0.39674823804810033,0.3978017553166409,0.39751412311008116,0.3970159306681381,0.397015553962475,0.397731348130913,0.398343414530894,0.3992407963666358,0.40046382388317603,0.4019700116623049,0.4037011467757025,0.4070863356783711,0.4083634578009613,0.4091486640193718,0.40937633857609873,0.409042539606922,0.4082172429066817,0.4069946378130048,0.4035996303294748,0.40182360766751324,0.3990062216938584,0.3980292232987409,0.3971549810130105,0.39630393568271244,0.3957088873625389,0.3955669306782073,0.39607712712143817,0.39959692335167535,0.40626446630940366,0.43348291019832597,0.46850814895401394,0.4752688738618128,0.4760600086126161,0.476102075651215,0.4754856428378311,0.474334285228283,0.4728646576410614,0.4712476679808478,0.46756120269683543,0.4654077773574972,0.46294164541984895,0.434271716992143,0.4272631438006043,0.4090465281965026,0.09035091351995965,0.18342162735126186,0.4398992055371173,0.5089481194332577,0.7611835250626513,0.771947511271765,0.7908733797244316,0.8239631189389635,0.8282084153198664,0.84557083922846,0.8482423108433864,0.8514414030888671,0.8551971898362708,0.8595268260533628,0.8867651527302729,0.8919407237055054,0.9022920474694127,0.9297069796181245,0.9399257074762731,0.9426834340376055,0.9473209767174295,0.9532165000990044,0.9550581866786593,0.9585932703337245,0.960347889763214,0.9640219071381252,0.9700793157604958,0.9745738083495253,0.9792424271815715,0.9893618784255147,0.9938389805959281,0.9950395343516237,0.9961074765430413,0.9970521010868454,0.9978827109962991,0.9986038168473117,0.9996418686324079,,,,,,,,,,,,,,,,,,,,,,,,,,,,,,,,,,,,,,,,,,,,,,,,,,,,,,,,,,,,,,,,,,,,,,,,,,,,,,,
818,0.47328113137831085,0.45468348813057274,0.43767136146840074,0.42450015594858237,0.41602914099994537,0.40465977161796296,0.39311319685996227,0.39214911739698405,0.3916144732191489,0.3914684264423506,0.3916357719560032,0.39204978184589895,0.39265942542378934,0.39341574604904517,0.39429090901245695,0.3961373749980651,0.3968917614791866,0.39738635838776426,0.3975196777017526,0.3972541798063492,0.3965609605130808,0.39541820443420195,0.38942721090307264,0.378414523047274,0.37358748232659383,0.3718651114913658,0.3708847860575848,0.37082309418466064,0.3734962280655515,0.38313095151244353,0.40262549686165094,0.40355240357782646,0.4032099069676168,0.4026004118476917,0.4025503249699481,0.40318358730189385,0.4037583587693232,0.4046250481763879,0.4058260916198861,0.4073191041151818,0.4090462994402532,0.41243726215980203,0.4137193270249021,0.414508087066864,0.4147361721316762,0.4143988952184496,0.4135656377317746,0.4123309428610396,0.40890593899847893,0.4071200377092047,0.4043073911678934,0.40334132046974164,0.4024770016202913,0.40163052327815113,0.4010370227597533,0.4008948013695561,0.4014032000796153,0.4049157938582545,0.41156207265723843,0.43869445092629344,0.47353879448048486,0.4802414618174546,0.4810225156048363,0.48105960837024325,0.48044326741752086,0.4792963600975484,0.4778336275427315,0.47622475314432733,0.4725591840336571,0.47042057169938883,0.46797367752287233,0.4394651815633152,0.43247000183860224,0.41423868819994913,0.08317652951434949,0.17591285335150592,0.4319535668452845,0.5010390505720868,0.7546849783807511,0.7655832531651886,0.7847700455956157,0.8184572642880112,0.8228007481329989,0.8405930636323145,0.843315265043923,0.8465732802070108,0.8503978427341276,0.85480810441762,0.8826072180952736,0.8878871236185538,0.8984423362529598,0.9263955615586167,0.936820532850128,0.9396280402474876,0.9443391699192921,0.9503344385907567,0.9522117893025033,0.9558216016383504,0.9576166265432187,0.9613802804426597,0.9675839879033618,0.9721990407192653,0.9770142421566405,0.9875859216135663,0.9923890293712511,0.9937142137548807,0.9949182315604241,0.9960070146640209,0.9969851360862508,0.9978497623812392,0.9991653337065015,0.9998786235824001,,,,,,,,,,,,,,,,,,,,,,,,,,,,,,,,,,,,,,,,,,,,,,,,,,,,,,,,,,,,,,,,,,,,,,,,,,,,,,
819,0.47899751790934425,0.4604569559738214,0.4435089512119552,0.43038734827738423,0.421945441510717,0.41060929539841867,0.3990763281720213,0.3981078170125223,0.3975665558533058,0.39741206021558306,0.3975696562271496,0.39797302178458377,0.39857110887702885,0.3993148502729935,0.40017610419337823,0.4019897949990489,0.402725173101049,0.40319849157107995,0.40330799003114426,0.40301592893745875,0.40229333291246516,0.4011187426154855,0.3950170338808479,0.38382268836698086,0.3789179239025122,0.37717095570408155,0.37618106536822127,0.37613001561679565,0.3788858467660264,0.388733914942628,0.40855925846821417,0.4093649749562544,0.4089647304247557,0.40823399528991866,0.40812773756796566,0.4086649010376653,0.40919635830347695,0.4100272376119596,0.4112020898664771,0.4126782070489917,0.4143979223019283,0.41778866311001445,0.4190731491057315,0.419863248282759,0.4200895873783891,0.4197466780449324,0.41890365716834405,0.41765562448224025,0.41420019785868584,0.41240564199093543,0.4096034460953204,0.4086525382308712,0.4078026471789822,0.40696507236818774,0.40637719774930353,0.40623833225869455,0.4067478872582164,0.41025650427485416,0.41688032228482946,0.4439137300284447,0.47856779422037665,0.4852146690294962,0.48598761431108906,0.4860224872857896,0.4854095952513433,0.48427087619696674,0.48281873742328596,0.4812212990554074,0.4775822848984062,0.47546090551059966,0.4730355310247436,0.444701494498603,0.4377211823660576,0.4194771389007217,0.07568876540530134,0.16803363363076365,0.42351288784643665,0.49260253416569494,0.7476750336788204,0.7587176826752493,0.7781837727542295,0.8125160454435996,0.8169667274600105,0.8352426764569271,0.8380218651131743,0.8413450121663474,0.8452445204115784,0.8497415887374734,0.8781334272957795,0.8835230360692259,0.8942912640614598,0.92280163585695,0.9334386371957227,0.9362971383893584,0.9410834039234645,0.9471804694157481,0.9490942624242644,0.952780511450063,0.9546168476472394,0.9584717890298143,0.9648225408292402,0.969558016344945,0.9745196590508023,0.9855435440997666,0.9906695953795065,0.992119075925699,0.993459716395953,0.9946931684873274,0.9958179908815903,0.996822155026752,0.9983996428421938,0.9994709252679629,0.9998553183146491,,,,,,,,,,,,,,,,,,,,,,,,,,,,,,,,,,,,,,,,,,,,,,,,,,,,,,,,,,,,,,,,,,,,,,,,,,,,,
821,0.48979269017189375,0.4714114469339326,0.4546147323686876,0.44160169389410253,0.4332204545110407,0.4219469159654889,0.41041168427751906,0.4094254363663452,0.408861353954947,0.4086797816970625,0.40880725506440346,0.4091784293643063,0.40974252071529343,0.41045053968648043,0.4112739953256429,0.41300537817653904,0.4136968152642481,0.41412399394718,0.4141850263705644,0.413841899646178,0.41306551259597135,0.4118349258021489,0.40554851445811524,0.39405333864455727,0.3890201495238795,0.3872336013964935,0.38622953194745635,0.38619828311638293,0.3890932442206773,0.39923296813615766,0.4193658092236745,0.4198459896230006,0.41933090231067766,0.4183843234214624,0.41818959582998577,0.4185909311832087,0.41906062430515484,0.4198406518794993,0.42097980145800007,0.4224370456274827,0.42415690571270837,0.4275742600219611,0.42887688413204167,0.4296834152255608,0.42992132425389945,0.4295832223124594,0.4287346498026659,0.42746987047410406,0.42396119990010417,0.4221458975307048,0.41934248139641433,0.41840308428940165,0.41756087730756797,0.41671932815545576,0.4161209601229483,0.4159682793047327,0.4164616824665522,0.41993489215231705,0.4265024184369843,0.4533376797225134,0.4875670035210722,0.49408485887048864,0.49483553004135855,0.4948582579157227,0.49424353646371105,0.4931119796089169,0.4916725259030424,0.4900912203342619,0.48649552524852796,0.4844057440640819,0.4820218344629961,0.45405026932098425,0.44710767974785304,0.42886673083660765,0.061107780148765646,0.15260267741216665,0.40675985702408146,0.47587283506688294,0.7337930661978747,0.7451290658766134,0.7651925033287422,0.8009016116723732,0.8055760937797143,0.8247589612690943,0.8276371288903275,0.8310779643527518,0.8351179423381749,0.8397824767189405,0.8693372237423023,0.8749318481243524,0.8860867021440583,0.915561169720632,0.9265619072865505,0.9295025661603366,0.9343983995880245,0.9406375472717063,0.9426026738512022,0.9463986574815096,0.9482960485129447,0.9522893673692683,0.9588601371676083,0.9637823875808925,0.968979183764607,0.9807718175442558,0.9865031068131576,0.9881858561560085,0.9897800755102109,0.991287357223134,0.9927062196669558,0.9940236310505356,0.9962860894923056,0.9981320872107189,0.9989387261243473,0.9995272701449054,,,,,,,,,,,,,,,,,,,,,,,,,,,,,,,,,,,,,,,,,,,,,,,,,,,,,,,,,,,,,,,,,,,,,,,,,,,,
822,0.4946987552743029,0.4764321377032364,0.4597257976318796,0.44677066926680076,0.4384189393198646,0.4271693445203674,0.4156032168315978,0.41460008055305725,0.4140161275851099,0.4138122095181034,0.41391556707195193,0.41426147130039026,0.41479954136291514,0.41548110501112334,0.4162777603964678,0.41795564749910014,0.418621456269984,0.41902425344891564,0.41906247952247205,0.4186981064025259,0.4179019782797216,0.4166532024545504,0.4103172878739198,0.3987422963580188,0.393675074211687,0.39187932968126715,0.3908735483012685,0.3908504200967674,0.393785999642771,0.40393186097220274,0.4238555637020116,0.4240987593601943,0.4235303851531729,0.4225093106199306,0.4222971333295127,0.42269168106374466,0.42315766686915046,0.423935117404859,0.42507482791042617,0.42653885067297725,0.42827463053367326,0.431732801712852,0.4330575611016512,0.43388557685966356,0.4341436754667312,0.43382329398731484,0.43298525047132225,0.4317215408680978,0.4281930981136425,0.42636340766229275,0.4235352106057033,0.4225815641014222,0.4217209817382428,0.4208549358779504,0.42022905094901725,0.42004851939360544,0.4205150294802731,0.4239424144813922,0.4304702378912984,0.4572068887208239,0.49117712397102603,0.49760773678105163,0.4983388667271004,0.4983452844896015,0.49771825527901203,0.4965783498106432,0.4951340894589585,0.49355162139579756,0.4899634222147876,0.4878846375813454,0.48551806683752297,0.45773551057751877,0.4508198116127,0.43261002834099244,0.054371510462639765,0.14543402807476885,0.3988761613655225,0.468042781968336,0.727377990663294,0.7388561592113393,0.7592345506377878,0.7956621822779825,0.8004483857356984,0.8199849982349964,0.8228938104301895,0.8263764073896156,0.8304719176492059,0.8352079024583392,0.8652847799064524,0.870963312895806,0.8822669080574772,0.9120730919214739,0.9231957671442462,0.9261585448080464,0.9310714756540908,0.9373255887194459,0.9392969241426409,0.9431087588961597,0.9450171181680479,0.9490397355339623,0.9556558269655013,0.9606249556209278,0.9658897832314693,0.9779494757853487,0.9839493335698132,0.985736017989132,0.987440604302535,0.9890722432540389,0.990640078646412,0.9921459427198869,0.9948958136763666,0.9971760615639862,0.998093870979175,0.998773533233212,0.9997427413358098,,,,,,,,,,,,,,,,,,,,,,,,,,,,,,,,,,,,,,,,,,,,,,,,,,,,,,,,,,,,,,,,,,,,,,,,,,,
823,0.4998717948258018,0.4817134617923817,0.46510346723508567,0.45221532756723753,0.44390030574049716,0.43268673655061907,0.4211089850826363,0.4200920588747291,0.41949096878816877,0.41926708465580526,0.41934840794115663,0.41967085336365684,0.42018435126610515,0.4208404489050804,0.42161071834844865,0.4232337481565818,0.4238719853980573,0.42424740752725887,0.4242586812114362,0.4238677390060783,0.4230454013521363,0.4217709823546087,0.41535855421564605,0.40366364681249944,0.3985453605388801,0.3967341437089342,0.39572286110471094,0.3957074703845747,0.3986949888012779,0.40890949283010875,0.42879469337471676,0.4288354107804628,0.42821036534181484,0.4270933983548295,0.42684711314454143,0.42719789927163054,0.427644521819948,0.428406543662176,0.42953642644005274,0.43099750850507823,0.43273875153808716,0.4362179885186366,0.4375557585908487,0.43839686710903014,0.43866665886640216,0.43835519956141505,0.4375199868396723,0.4362515069343792,0.43269848838488156,0.43085648697743845,0.4280174655264178,0.42706100331145463,0.4261946770395831,0.4253167671488316,0.42467556471349727,0.4244781821737629,0.42492682972544743,0.4283181132754607,0.4348028587605525,0.4614055469574945,0.49509395446460647,0.5014398307198475,0.5021548468857141,0.5021504254337392,0.5015180887751518,0.5003777847187185,0.49893647560070364,0.4973594649602633,0.4937892626548777,0.49172544839935645,0.48937963240999355,0.46180576386568783,0.45491903035170667,0.43674335186997965,0.046906235838219,0.13744944464768863,0.39001249702182256,0.4591692165463988,0.7199656270510969,0.7316044940800418,0.752320886302013,0.7895305356653751,0.7944425638832479,0.8144515503190172,0.8174070356710194,0.82094632292196,0.8251110377270711,0.8299309248142602,0.8605875310008219,0.8663634616832036,0.8778424298573061,0.908054819330798,0.9193234569091178,0.9223149238914669,0.9272569529630531,0.9335441648842628,0.9355285069199475,0.9393703276843451,0.941296921987588,0.9453635956536236,0.9520469765747686,0.9570783634509566,0.9624282014540075,0.9747961487528405,0.9810696513144335,0.9829647139033488,0.984788035556823,0.9865513040581778,0.9882672510905397,0.9899424154994637,0.9930922101383681,0.9957911822477242,0.9968965929530677,0.9977651421597513,0.9992355250241615,0.9998431443121253,,,,,,,,,,,,,,,,,,,,,,,,,,,,,,,,,,,,,,,,,,,,,,,,,,,,,,,,,,,,,,,,,,,,,,,,,,
824,0.5055883603424169,0.4875225728680058,0.47101492838760606,0.4582068092912378,0.44993988235361343,0.43878340330410737,0.4272349220248879,0.42621224441157246,0.42560175900196096,0.4253653203941411,0.4254317050449972,0.4257374400737833,0.4262325346496155,0.4268685104919286,0.4276166497090654,0.4291888675999432,0.4297987571486372,0.4301436038141927,0.4301219979364384,0.4296957469951365,0.4288356816793295,0.42752161450305454,0.4209784435348987,0.40907961619199606,0.40387478853304304,0.4020355328497048,0.40101197718077586,0.40100546354346334,0.40407507502139395,0.414507263685395,0.43474617562186907,0.43466152297444444,0.4339731489876812,0.4327175964342614,0.43240406166312423,0.43263641783638307,0.43303070674887545,0.4337495243582719,0.4348469288182834,0.4362846853078225,0.4380109949056588,0.44147504387215625,0.44280900014065705,0.4436468883453287,0.4439113154474938,0.44359103957426765,0.44274342599488714,0.4414593816154392,0.4378746177479761,0.43602564526546783,0.4332056459109207,0.4322703829754374,0.43142478387151595,0.4305616113850356,0.4299310546593898,0.4297407231198543,0.43019214893199187,0.4335745685492188,0.4400202990869581,0.46645276351772347,0.49986264026719596,0.5061410003537224,0.5068491334491164,0.5068464065900146,0.5062236565253883,0.505099211039021,0.5036764668687725,0.5021181994709095,0.4985870616752652,0.4965460568779707,0.494227435695955,0.466881233291965,0.4600209709199088,0.4418644735105026,0.038273082133959045,0.12820396425161193,0.37973899732952293,0.44880089006575696,0.7111668924870733,0.7229940710587957,0.7440761585341514,0.7821449910917644,0.7872020330662642,0.8078781641239902,0.810908084899482,0.8145296654792132,0.8187865346196377,0.8237106378151737,0.8550406503989437,0.8609373701094221,0.8726413039401356,0.9034093047886663,0.9148777616780398,0.9179139182966627,0.9229157771445736,0.9292821977456133,0.9312960525974396,0.9352014382508068,0.9371632520012789,0.941308428405282,0.9481123838757519,0.9532434648466789,0.9587184305275673,0.9714891072775276,0.9780553695642347,0.9800690305346575,0.9820274204474997,0.9839358941297642,0.9857983140208739,0.9876079258446487,0.9909983307354379,0.99408051108712,0.995503832193163,0.9967293917293676,0.9987035203168682,0.9993667746502186,0.9997509339356803,,,,,,,,,,,,,,,,,,,,,,,,,,,,,,,,,,,,,,,,,,,,,,,,,,,,,,,,,,,,,,,,,,,,,,,,,
846,0.5907136876455151,0.5759453240918305,0.5626168781658558,0.5522141072698592,0.5454089265935943,0.5360195332941469,0.5255079464701053,0.5243637997968033,0.5235293816133042,0.5229779395853674,0.5226572244967166,0.5225188226850528,0.5225186605687677,0.5226113523375857,0.5227634426743257,0.5229905935571877,0.5228706944118628,0.5224519004359869,0.5216377088262479,0.520389321942082,0.5186793981900404,0.5164987070034824,0.507244148143686,0.4913140688080528,0.4844591130130457,0.48211985107908323,0.4809282971713817,0.4812017039636303,0.4861936473149157,0.5014893867897883,0.529965381631046,0.5275157843523881,0.525544945109488,0.5214759590053519,0.5197880728078776,0.5174933917038188,0.5166587274912954,0.516273957935331,0.5164493870767697,0.5171558439731218,0.5183627728613494,0.5211884142807494,0.5223322565462458,0.5230245089727006,0.523153108364522,0.5226935063867554,0.5216919107829024,0.5202430073319639,0.5164070468381272,0.5146091149969289,0.5124568845269064,0.5120399077921425,0.511686685573939,0.5111914392492622,0.5108324254135711,0.5108241662423165,0.5113594328968707,0.514583869562494,0.5202084709041286,0.5426694703087158,0.5698915747073756,0.5748886124431293,0.5755298941178882,0.5756538669731638,0.5753317462619583,0.574643011639035,0.5737125989862151,0.5726463831096014,0.5701176555477927,0.5686408097098228,0.5669757441827933,0.5448827764439279,0.5387088227828519,0.5213083173384916,0.1354948260308851,0.0623102334551988,0.15502969152373627,0.21880674973987432,0.49377274300108104,0.5082233391418258,0.5347439646854282,0.5861942331195946,0.5935800206141286,0.6245038241005677,0.628572026432166,0.6333577564625432,0.6389388673858032,0.6453911812102396,0.6870803464086707,0.6947323210986744,0.7096969658513004,0.7485092992779641,0.7631812298108179,0.766959977938596,0.7729852449276955,0.7807802673729971,0.7833268057532068,0.7884051155444943,0.7910325229841937,0.796699462488618,0.8059793407273245,0.813179066586322,0.8212045738947017,0.8421351367580727,0.8548980999317465,0.8592698793335544,0.8637777491352178,0.868409620582865,0.8731475666516718,0.8779471703475584,0.8877061660596584,0.8982524125157884,0.9040313672240025,0.9099231105431336,0.9213190347513407,0.9265014032969178,0.9319690294415401,0.9381141928293198,,,,,,,,,,,,,,,,,,,,,,,,,,,,,,,,,,,,,,,,,,,,,,,,,,,,,,,,,,,,,,,,,,,,,,,,
847,0.5943535869591948,0.5796563657481164,0.5664147926016514,0.5560814142921611,0.5493176072252987,0.5399745160184302,0.5294635927722722,0.5283062581429498,0.5274545928738624,0.5268824296928275,0.5265384913775989,0.5263751315099056,0.5263485272439552,0.5264134138417499,0.5265360903727868,0.5266996730190395,0.5265464539389926,0.5260934107185712,0.5252442011908607,0.523959953537585,0.5222133728332193,0.5199957364008836,0.5106277027443363,0.4945294765727134,0.4876048266783254,0.485243913378871,0.4840442337350636,0.4843278875977773,0.4893960448161239,0.5048784472373392,0.5336548757325213,0.5310909759376046,0.5290651371659885,0.5248787865355548,0.5231349343052518,0.5207390109213902,0.5198548167887876,0.5194252231164672,0.519562789143437,0.5202389396259112,0.5214241898529383,0.5242219028883294,0.5253567392016286,0.5260416459330999,0.52616310450979,0.5256958631072037,0.5246851398371443,0.5232254647940836,0.5193683083763744,0.5175660696328576,0.5154277075273848,0.5150247293539206,0.5146842223146546,0.5141964064555202,0.5138410206495998,0.5138332236655258,0.5143656514254076,0.5175740852142029,0.5231596175774158,0.5454575944385828,0.5724231724987642,0.5773546896731624,0.5779862426602536,0.5781069555614604,0.5777874332042331,0.5771058701729448,0.5761845497443097,0.5751274944375184,0.5726185185231302,0.5711546044169611,0.5695064446325626,0.5475743289745041,0.5414224755697495,0.5240355608515603,0.1420179736803744,0.0695562912961789,0.14613369753456354,0.20956427737967498,0.48381672837159473,0.49826943591200795,0.5248082965214419,0.5763798638737432,0.583795999209783,0.6148618237478256,0.6189470467036132,0.6237540503866481,0.629361649216482,0.6358473707526038,0.6778214865913635,0.6855308659471759,0.7006189556749167,0.7398123146535869,0.7546506380232094,0.7584736167505701,0.7645705813983813,0.7724652622338739,0.7750464435937356,0.7801963761228139,0.7828623732528799,0.7886172186277213,0.7980581323245477,0.8053948645510914,0.8135841799780202,0.8349953580487995,0.8480905219380385,0.8525803851580197,0.857210502756371,0.8619683267570808,0.8668349279329877,0.8717633992557795,0.881781883094602,0.8926138954089864,0.898554911912398,0.9046180369815561,0.9163530257444154,0.9216935615025345,0.9273358523246241,0.9336818746178495,0.9998979509415978,,,,,,,,,,,,,,,,,,,,,,,,,,,,,,,,,,,,,,,,,,,,,,,,,,,,,,,,,,,,,,,,,,,,,,,
852,0.6138013695998173,0.5995244958165551,0.5867171875716181,0.5767111327903354,0.5701373355625367,0.561002124255503,0.5504971866454346,0.5492837734331566,0.5483590355282129,0.5476995325338032,0.5472583287433113,0.5469913298396527,0.546856151990419,0.5468084833869458,0.5468141292361978,0.5467329720874585,0.546456905132307,0.5458821583736909,0.5449136750415394,0.5435124556765887,0.541651321821062,0.539323190725972,0.5296374113426393,0.5130587043506486,0.5059377537587453,0.5035241728009474,0.5023178750810543,0.5026575511906551,0.5080194881121178,0.5240618508012183,0.5533095110168448,0.5500972686232684,0.5478514464973981,0.543249931174509,0.5413318306219261,0.5386508576444313,0.5376253880130852,0.53706727816599,0.5370976207993928,0.537693441109452,0.5388320178866256,0.5415872063511521,0.5427170744136398,0.5434023188278905,0.5435245578561758,0.54305470847185,0.5420282538269532,0.5405356760996067,0.5365861283712196,0.5347500263459275,0.5326129653791458,0.5322276129612955,0.5318957617726321,0.5313937109396277,0.5310086380286118,0.5309601172471596,0.5314406382452789,0.5345135306870077,0.5398890389919282,0.5614135321344401,0.5869705562059007,0.5914458094475262,0.5919767358263953,0.5920236469363371,0.5916569233481702,0.5909515132828053,0.5900214848473986,0.58896581523703,0.5864955384734746,0.5850801869877303,0.5835085422442159,0.5625590889294974,0.5565779161923567,0.5394320645293956,0.174543226369024,0.10514143272147353,0.10348498476575609,0.16549871558160859,0.43597959437860456,0.45033091427947086,0.47673890600422286,0.5283891638574559,0.5358628970078394,0.5670886225905698,0.5711965546583997,0.5760481564567351,0.581727240161506,0.5883198214739228,0.6314329465880243,0.6393900399236357,0.655041372421972,0.6960782510364308,0.7117190290095052,0.7157542685202158,0.7221937624723235,0.7305647526528202,0.7333134680480313,0.7388098624044216,0.7416634231398094,0.7478529175801893,0.7581235613868549,0.7661837039831062,0.7752472473280316,0.7992416649830121,0.8141275099123692,0.8192444570328293,0.8245153753071144,0.8299288177106489,0.835465383006002,0.8410716779850577,0.8524686280285656,0.8647280131559776,0.8714049788025633,0.8782242505956888,0.8915439846033317,0.8977204433699109,0.9042105193802585,0.9113996865802828,0.9965397188415237,0.997551749887153,,,,,,,,,,,,,,,,,,,,,,,,,,,,,,,,,,,,,,,,,,,,,,,,,,,,,,,,,,,,,,,,,,,,,,
853,0.6175707706919041,0.6033532746627935,0.5906139030394467,0.5806610634115167,0.5741187930385736,0.5650196133794608,0.5545227865019599,0.5533021779269978,0.5523676673545824,0.5516962994698633,0.5512419102765467,0.5509610229564289,0.5508114399022055,0.5507489426439552,0.5507391703722965,0.5506254660099489,0.5503328863988824,0.5497415034546121,0.5487563522766814,0.5473383525927905,0.545460317132201,0.5431154893619594,0.5333791716393175,0.5167186580051626,0.5095652340040843,0.5071444665045879,0.505940306936611,0.5062948174442481,0.5117235637280545,0.5278994516788865,0.557298303038008,0.553994743064796,0.5517154487898364,0.5470504532100396,0.5451059493787408,0.5423820150887039,0.5413342813152855,0.5407554652815755,0.5407681523247965,0.541350412142223,0.5424808138664382,0.5452273799956459,0.5463557253175149,0.5470406560953107,0.5471629127888347,0.5466926457161818,0.5456633694644506,0.5441646450558605,0.5401975364114148,0.5383545140876939,0.5362151705641323,0.5358313221821014,0.5354994180131811,0.5349935156219715,0.5346022861417626,0.5345463665604655,0.5350185234872971,0.5380728848794117,0.5434217692603363,0.5648498705881007,0.5902186228470525,0.5946256476512747,0.5951402455409495,0.5951743689809272,0.5947984277446345,0.5940869844992949,0.5931530367511488,0.5920949486651419,0.589625676455902,0.5882156442208489,0.5866538734212725,0.5658432610027495,0.559885225780929,0.5427617960570508,0.1805292120571854,0.1116193304574466,0.09584848109701767,0.15761670995365637,0.42710976288512525,0.44140556493556693,0.4677161098812744,0.5192179861716736,0.5266766730511405,0.5578179675317421,0.5619198506144946,0.5667694104595219,0.5724511910926595,0.5790528037998768,0.6223317871629489,0.6303313222738761,0.6460890531538417,0.6875101441169017,0.7033264852694558,0.7074109664468197,0.7139348476352225,0.7224253253148692,0.7252154931637008,0.730796447663363,0.7336949225728393,0.7399867350211652,0.7504524833035653,0.7586790383478228,0.7679392319846432,0.7924933606612844,0.8077505212724676,0.8129936253398912,0.8183910066539853,0.8239316643812022,0.8295963853436491,0.835330809970004,0.846983109029205,0.8594928981117385,0.8662911873513339,0.8732320017050516,0.8868107051950457,0.8931307215672996,0.8997621396668823,0.9070823444539284,0.9953708012912245,0.9965465468199791,0.9999042179649412,,,,,,,,,,,,,,,,,,,,,,,,,,,,,,,,,,,,,,,,,,,,,,,,,,,,,,,,,,,,,,,,,,,,,
855,0.6243131367582765,0.6101303557222103,0.5974799698905491,0.5876088923045575,0.5811175236163101,0.5720790266277538,0.5615929320556954,0.560358155209637,0.5594046075817108,0.5587102886378249,0.55823062399703,0.557923324794273,0.5577462956467871,0.5576551721126952,0.5576148235668535,0.5574322681198436,0.5571016328438277,0.5564688930465282,0.5554387144983717,0.5539716263348496,0.5520403920339672,0.549639269276071,0.5397153493796283,0.5227570777699895,0.5154823821892489,0.5130276618450478,0.511817592648418,0.5122043671642328,0.5178148254242626,0.5344486314088369,0.5646678514595747,0.5612644441273948,0.5589096958551651,0.5540758824426377,0.5520493054615903,0.5491751210119225,0.5480512856754176,0.5474028484087177,0.5473564168263934,0.547891228609042,0.5489878832029216,0.551689958180802,0.5528032101016546,0.5534752401017083,0.5535842359080253,0.5530990683039998,0.5520513450108471,0.5505302108703459,0.5465159638482109,0.5446590451465033,0.5425294046948056,0.5421623170212292,0.5418452517702551,0.5413459282945782,0.5409565120554691,0.5408999470574181,0.5413702305913894,0.5444201136395884,0.5497472360016095,0.5710776572144954,0.5962854569107352,0.6006391076760194,0.6011439160073709,0.6011733839819648,0.6007973140061176,0.6000890923368785,0.5991591980364236,0.5981043168829094,0.5956422977859104,0.5942396102871751,0.592690050282094,0.5719962165259269,0.5660434021672558,0.5488546769279335,0.19104933436367114,0.12309765955197062,0.08204191151750073,0.14323779298283415,0.41012309520917695,0.4242609320182886,0.4502777966649977,0.5012553146875931,0.5086505202619812,0.5395506218184927,0.5436393314946092,0.5484818056942546,0.5541630335092494,0.5607735878481206,0.6043303818484721,0.6124097287871604,0.6283814711165808,0.6706190947481694,0.6868249970445546,0.6910247635793118,0.6977560300581893,0.7065420422186204,0.7094326286678365,0.7152160381979397,0.7182201970264999,0.7247475869533733,0.7356544450478963,0.7442468312131566,0.753929290483271,0.7796444790402539,0.7956388823414994,0.8011274285446728,0.8067681644074363,0.8125499147024007,0.8184522799739239,0.8244166827563982,0.8365056558032562,0.84944466619396,0.8564646368946501,0.8636307624483881,0.87764997471581,0.8841809165069986,0.8910374144425787,0.898601707159672,0.9927390444942787,0.9942455399397817,0.9991584701358834,0.999601483698811,,,,,,,,,,,,,,,,,,,,,,,,,,,,,,,,,,,,,,,,,,,,,,,,,,,,,,,,,,,,,,,,,,,,
857,0.6318246334463646,0.6177216411502011,0.6051742543214768,0.5953860112852479,0.5889435374301091,0.5799594880123554,0.5694733978713392,0.5682230257769184,0.567249271709004,0.5665309677603417,0.5660248940571875,0.5656897942464109,0.5654837628354289,0.5653624153270748,0.5652900684701899,0.5650371489571677,0.5646686190774259,0.5639956861392456,0.5629228485199337,0.5614103441176764,0.5594308853639837,0.5569794925212336,0.5468912529386813,0.5296730281163998,0.5222901093898256,0.5198037773886454,0.5185860465534428,0.5189980156827076,0.5247593205276702,0.5417638131978355,0.5725617035591174,0.5689933394985319,0.5665552448017013,0.5615440255429355,0.5594336374119259,0.5564086746253014,0.5552101474965407,0.5544940234156287,0.554390848045767,0.554881292364201,0.5559479383560924,0.5586139884190034,0.5597157898562164,0.560377490418006,0.5604750895239555,0.5599764611579054,0.5589116203352498,0.5573696516840262,0.5533113171770923,0.5514418091887202,0.5493239745962563,0.5489748152482654,0.5486738676360384,0.5481824248323762,0.5477957020047204,0.5477382947413855,0.5482046235365818,0.5512382994622851,0.5565228355903836,0.5776736511318937,0.6025617360958413,0.6068100530573609,0.6072933002725039,0.6073093031415903,0.6069274831487108,0.6062200387659392,0.6052945286772432,0.6042456884919065,0.6018035352152071,0.6004179133110176,0.5988925517061083,0.5784376930227693,0.5725123074292253,0.5553210043318636,0.2024479864979868,0.13549469688918417,0.06727210680967287,0.12789490089225627,0.3923494277471061,0.4063438147619696,0.43209143228217134,0.48260551109107935,0.4899485485878909,0.5206719414310971,0.5247527691625252,0.5295922931315106,0.5352759462914619,0.5418970562882282,0.5857213138331779,0.593881220122411,0.6100687884110314,0.6531312669339289,0.6697121992694222,0.6740206620312232,0.6809443174550184,0.6900007985806506,0.6929837583637198,0.6989531028948341,0.7020545988603798,0.7088017571313313,0.7201319993155562,0.7290836195847915,0.7391865693615077,0.7660671788255101,0.7827991679946632,0.7885338086339991,0.7944192559983496,0.8004425885475956,0.8065801212790616,0.8127660607268483,0.8252590701894806,0.8386164101018515,0.8458792596291947,0.8533002985929251,0.8677725591120289,0.8744736288462238,0.8815400503732769,0.8893857678945661,0.9894972058755812,0.9913408083856486,0.9978110851033161,0.9985538808261513,0.99962163340671,,,,,,,,,,,,,,,,,,,,,,,,,,,,,,,,,,,,,,,,,,,,,,,,,,,,,,,,,,,,,,,,,,,
858,0.6356795101686702,0.6216973238112591,0.6092356321166355,0.5995014819197945,0.5930881709350728,0.5841337880636183,0.5736511668966141,0.5723947853812914,0.5714131817355584,0.570685486672227,0.5701688875981217,0.569822517745262,0.5696048262774837,0.5694717650795373,0.569387894754752,0.5691141181970808,0.5687374312834317,0.5680586562259289,0.5669827876316208,0.5654701684917592,0.5634934927043476,0.5610476302401972,0.5509882464565448,0.5338083469258852,0.5264379378149524,0.5239562276095228,0.5227417051975483,0.5231554925848451,0.5289123657316414,0.5458237022224544,0.5762096016190232,0.5724492487300433,0.569979070459372,0.5649265328988947,0.5628067162325541,0.5597777557487297,0.5585781723738907,0.5578609241142809,0.5577568079512212,0.5582479220007256,0.5593180653343732,0.5619934317407327,0.563101232561985,0.5637698653381429,0.5638751868984302,0.5633842973945434,0.562324385171972,0.5607829853270194,0.5567165644331231,0.5548410947556613,0.5527126314917491,0.5523565393239253,0.5520466949434025,0.5515434317472692,0.5511424402155554,0.5510684345096651,0.5515147498451439,0.5544964894544131,0.5597121166038719,0.5806246402892052,0.6050632780272028,0.6091520562331671,0.6095952049929229,0.6095779547506955,0.6091702672070254,0.6084442336555611,0.6075063418579622,0.606450837209423,0.604013533428279,0.602641609676238,0.6011389818465056,0.5810224701225503,0.5751672051719331,0.5581227057190721,0.2091209293712821,0.14278632083168188,0.05854665072620543,0.1188813426641343,0.3825890343965782,0.3965571835425031,0.4222644432591195,0.47276925917297397,0.4801182856540481,0.5108294935392221,0.5149091624204397,0.5197523723402057,0.5254457711216093,0.5320840830239626,0.5761105038122126,0.5843203261694472,0.6006217403700869,0.644058443120255,0.6607836373210141,0.6651262642399554,0.6720987283583725,0.6812187583653897,0.6842252907578332,0.6902439538286619,0.6933731468478065,0.7001893956671935,0.7116666624783308,0.7207568519753172,0.7310337312703324,0.7584300760247624,0.7755112524255661,0.7813679136208667,0.7873784837201814,0.7935288727852997,0.7997934309021043,0.806102292288421,0.8188294960196184,0.8324436250114567,0.839859013032463,0.8474418761723057,0.8622089910301204,0.8690263572973776,0.8762349986548847,0.8842653033989637,0.9876508615739875,0.9896570992808226,0.9969894136910632,0.9978678338418671,0.9991308655893023,0.9998369253766689,,,,,,,,,,,,,,,,,,,,,,,,,,,,,,,,,,,,,,,,,,,,,,,,,,,,,,,,,,,,,,,,,,
859,0.6388230352703587,0.6249465562359938,0.6125737784885885,0.6029017929962375,0.5965240082775696,0.587609290415183,0.5771396582612383,0.5758773641841243,0.5748873915537845,0.5741492824741781,0.5736208500642841,0.5732617784913672,0.573030845119966,0.5728842924856546,0.5727868149482784,0.5724867932299688,0.572098662157182,0.571410223111382,0.5703269180688395,0.5688091733906029,0.5668297031604207,0.5643834293028588,0.5543337734725102,0.5371658293071891,0.5297977691144556,0.527317571497934,0.5261052327924955,0.5265227355504647,0.532289085026282,0.5491606503256523,0.5792888658184475,0.5753770795130917,0.5728777017829851,0.5677830161680721,0.5656506810056465,0.5626075367140011,0.561400306988744,0.5606749629558186,0.560562885007497,0.5610475878993965,0.5621142397459378,0.564786106781832,0.5658944152358607,0.5665653055586413,0.5666744546334742,0.5661882581295213,0.5651312829070759,0.5635895819855428,0.5595163808480282,0.5576368448749546,0.5555031892815582,0.5551435547163281,0.5548284626858242,0.5543172302630917,0.5539060189576285,0.553819753782013,0.5542509761699854,0.5571928277660041,0.5623538077515865,0.5830737041222136,0.6071664221511165,0.6111382728254431,0.6115534043710065,0.61151395664789,0.6110901223433851,0.6103537071371088,0.6094100753454722,0.608352837839155,0.6059249473966638,0.6045659146615966,0.603082877720762,0.5832286581704732,0.5774257880667071,0.5604875962650844,0.21527879089413388,0.14961634451153877,0.05010260341581883,0.11008823022950633,0.37287830141171446,0.38681754692040643,0.41247856605420014,0.46295512126550326,0.4703082747966487,0.5010372792903494,0.5051208194911814,0.5099714151540992,0.5156765640300343,0.5223322905849684,0.5665485595972456,0.5748040913271505,0.5912096515382151,0.6349859913753055,0.6518469523458088,0.6562230579525868,0.6632457810998217,0.6724320908581535,0.6754623698016512,0.6815302763966733,0.6846866685873662,0.6915688532519559,0.7031814750596084,0.7123966879491527,0.7228294812645057,0.750691560043709,0.7680905655519111,0.7740591296677808,0.7801849767041098,0.7864526741456968,0.7928344458371486,0.7992563615556935,0.8121986094165736,0.8260557610301574,0.8336208408189373,0.8413643561065018,0.8564206752164527,0.8633467723532934,0.8706927063368984,0.8789088948257302,0.9856017509636933,0.9877696299006331,0.9959470197734058,0.996958662010198,0.9984202936429163,0.9994303787414931,0.999870176872721,,,,,,,,,,,,,,,,,,,,,,,,,,,,,,,,,,,,,,,,,,,,,,,,,,,,,,,,,,,,,,,,,
860,0.640850136249845,0.6270242882400544,0.6147296960727376,0.6051251674893974,0.5987896432721627,0.5899278524405824,0.5794866096303495,0.5782190061000123,0.5772203510764418,0.5764707694744887,0.5759290593975084,0.5755556814297342,0.5753095634718578,0.575146996229869,0.5750324108850308,0.5746947147233994,0.5742866987461537,0.5735776147905595,0.572472981844119,0.5709331574867471,0.5689309217862779,0.5664617577359763,0.5563424243192705,0.5390689567756664,0.5316572399139746,0.5291645144169559,0.5279496749068802,0.5283788176198321,0.5342124562672328,0.551252209676687,0.5816778049245556,0.5777250016682876,0.5751957538773458,0.5700335896406792,0.5678675385726516,0.5647589434786544,0.5635164574963966,0.5627568550190137,0.562613276033189,0.5630701219809618,0.5641138801219201,0.5667497197088804,0.5678445969549394,0.5685049171229202,0.5686056043049367,0.5681125564902278,0.5670491074650308,0.56550070579653,0.5614168105744514,0.5595365443687194,0.5574155075326919,0.5570661359890234,0.5567606130128809,0.5562560338278283,0.5558494385974484,0.555766323283037,0.5561993595823391,0.5591409900448042,0.5642905120148352,0.5849497285092774,0.608974336170494,0.6129384465472429,0.6133562683832375,0.6133227630635546,0.6129075451523203,0.6121816118663822,0.6112488398846762,0.6102016994763384,0.607792666845285,0.6064433551043118,0.6049710115326385,0.5851751192001996,0.579374493025205,0.5624174101592113,0.2202654137402711,0.1552973994956588,0.04266394073322982,0.1022196894924465,0.36369857662328364,0.3775896452505163,0.4031642029378039,0.4535091419764698,0.4608525310012345,0.49161495124866084,0.4957088648787681,0.5005708120387383,0.5062882784762678,0.5129584661485599,0.5573301508968586,0.5656228131811721,0.5821178613318557,0.6262009481706872,0.6432061828670679,0.6476241303590778,0.6547208380161351,0.6640108527632975,0.6670758714459112,0.6732140485183262,0.6764072508952458,0.6833709125519922,0.6951319779129962,0.7044705623694295,0.7150482017879132,0.7433287360732685,0.7610059416058594,0.7670715149997331,0.7732967277692641,0.7796647496997298,0.7861456885770262,0.7926619348178843,0.8057807721760368,0.8198433246319378,0.8275407949142222,0.8354282984602159,0.8507384159793716,0.857752456453896,0.8652148390007577,0.8735997703068898,0.9835806076816949,0.9859094691472626,0.9948453718696202,0.9959923522166607,0.9977235189605335,0.9990157332199658,0.9995921932000889,0.9998947136813654,,,,,,,,,,,,,,,,,,,,,,,,,,,,,,,,,,,,,,,,,,,,,,,,,,,,,,,,,,,,,,,,
861,0.6418001126370156,0.6279986233031855,0.6157821225107752,0.6062539469020454,0.5999692470873267,0.5911761158736845,0.5807891748981848,0.5795204194651711,0.578516752278147,0.5777589093673366,0.5772067766309583,0.5768216135412055,0.576562296797587,0.5763849101868869,0.576253270475241,0.5758730783071282,0.5754395878885553,0.5747014182009993,0.5735637619359399,0.571986766546906,0.5699433123973868,0.5674298384422553,0.5571620736217169,0.5396655790180962,0.5321651752014026,0.5296467345758283,0.528425827504111,0.5288757855723348,0.534837164555756,0.5522594860767813,0.5835477194702858,0.5796595179740819,0.5770964199800075,0.57183129640772,0.5696038548494824,0.5663657821707163,0.5650556888105063,0.5642322428913134,0.5640313704450397,0.5644373708960241,0.5654375434442352,0.5680035382520627,0.5690706236920652,0.5697070385010867,0.5697862103580325,0.5692737905711696,0.5681938928765978,0.5666326422884109,0.5625370324457356,0.5606622056757664,0.5585801015425652,0.55826048393737,0.5579854105539337,0.5575081601188289,0.5571268146901218,0.5570674034350177,0.5575232687865654,0.5605082303169981,0.5656868459961507,0.586390371134383,0.6105677303230417,0.6146148596354146,0.6150622916962614,0.6150604657982599,0.6146775818956717,0.6139831573566267,0.6130787609266477,0.6120549071643128,0.6096785593579951,0.6083391883971094,0.6068731356579152,0.5869839606583015,0.5811456978964848,0.5640658219541773,0.22437096490757438,0.16010898641156227,0.03599138713833597,0.09506278217233886,0.35495993722761304,0.36878948856747557,0.394251531641661,0.4443990289903904,0.4517235969217444,0.4825265357763,0.4866342268955982,0.49150908206398014,0.49723803003082,0.5039193705197891,0.5484127975575963,0.5567329475339602,0.5732983472598293,0.6176385290206095,0.634792262271982,0.6392591129828504,0.6464511086786754,0.6558814887960658,0.6589927242182805,0.6652241394991346,0.6684651255637323,0.6755287970219256,0.6874539223475526,0.6969145751583262,0.7076253489341154,0.736273169443964,0.7541869470724004,0.7603341627055995,0.766642544357866,0.7730940872954238,0.7796571948582822,0.7862515598242863,0.7995173494652991,0.8137526458707542,0.8215622965033819,0.8295724322075589,0.8451005300587819,0.8521907404985127,0.8597520927861478,0.8682816719997511,0.9816275815427751,0.9841109693219378,0.9936859893451551,0.9949703718372218,0.9970378539321056,0.998586218434863,0.9991848323764193,0.9995613011958961,0.999859442691385,,,,,,,,,,,,,,,,,,,,,,,,,,,,,,,,,,,,,,,,,,,,,,,,,,,,,,,,,,,,,,,
862,0.6421338288018026,0.6283594631290474,0.6162270965300946,0.6067821294015675,0.6005540149067405,0.5918397190124847,0.5815277306234562,0.5802622571756468,0.5792579947544785,0.5784962116896983,0.5779377761399669,0.5775446245322301,0.5772754480987218,0.5770859619593004,0.5769391794806359,0.5765169672421,0.5760560007770296,0.5752848035163168,0.5741079771134963,0.5724853764723051,0.570389992996124,0.5678193844467841,0.5573541720596997,0.5395608894221038,0.5319437795640705,0.5293915135825192,0.5281624765721982,0.5286390866228534,0.5347658658313571,0.5527047561925815,0.5852007481236502,0.5814303475360407,0.57882637560554,0.573425854877983,0.571114488537865,0.5676984604213505,0.566298368669916,0.5653920151348757,0.5651186733104316,0.5654615457838178,0.5664079873963546,0.568889825671092,0.5699230932099955,0.5705292690846047,0.570579655259515,0.5700398890397768,0.5689367451630472,0.5673583154141036,0.5632496090910816,0.5613843991666788,0.5593607313816613,0.5590858922167976,0.558857300159391,0.5584229365936739,0.5580819977904605,0.5580607812532647,0.558553382504392,0.5616070845660958,0.5668332248336251,0.5876153786434096,0.6120199487203133,0.6161863399102913,0.6166756993326972,0.6167182995331885,0.6163804580754081,0.6157297114409214,0.6148644793924831,0.6138726186124442,0.6115404777115575,0.6102139386888313,0.608755341588577,0.5887304952079407,0.582840139122371,0.5655957195265853,0.22809471963889574,0.1645295103055376,0.029704790537975582,0.08827992102066737,0.34647148351634083,0.3602308916031734,0.38556408007666076,0.4354728132021133,0.44277196748195147,0.4735923885982436,0.4777109588939823,0.482594900175989,0.4883303803101573,0.49501678560223017,0.5395921091618948,0.5479303597980889,0.5645478605942594,0.6091007550029951,0.6263995667512027,0.6309176897590241,0.638214238091325,0.6478033936959594,0.6509671002918223,0.6573047550730857,0.6605999448595679,0.6677749701607983,0.6798751106207627,0.6894588094890517,0.7002978003419622,0.7292860176542242,0.7474130174957224,0.7536326626659886,0.7600140976874127,0.7665385932048249,0.7731735535824575,0.7798372148882368,0.7932363654428507,0.8076220233339686,0.8155234370559693,0.8236327748542093,0.8393464188345012,0.8465115074476856,0.8541620222002337,0.8628108098428443,0.9795609754684187,0.9821902775611819,0.9923108290690644,0.9937336195443999,0.9961805671617432,0.9979775711079161,0.9985357127449787,0.9989104941360962,0.9993507323977023,0.9997966271379911,,,,,,,,,,,,,,,,,,,,,,,,,,,,,,,,,,,,,,,,,,,,,,,,,,,,,,,,,,,,,,
863,0.6437144191538214,0.6300407148820276,0.6180064560611854,0.6086373406059027,0.6024567289789005,0.5938036694990987,0.5835460962391343,0.5822830748551386,0.5812786063554936,0.5805142608255467,0.5799514187951273,0.5795523949401694,0.5792759380493154,0.579077720926235,0.5789204728732784,0.5784715145568992,0.5779943656490085,0.5772048485383672,0.5760074768310584,0.5743620132117389,0.5722414990141083,0.5696439340314218,0.5590879964397534,0.5411558518367448,0.5334830482356143,0.5309149499455549,0.5296828261436048,0.530173783657438,0.5363840060313403,0.5545520946168262,0.5874892707029195,0.583672919647509,0.581024720827937,0.57551635801318,0.5731480451372448,0.5696248625686421,0.568175827975292,0.5672278604450361,0.5669219244806762,0.5672404265874474,0.5681702879158672,0.5706343919192309,0.5716620393614109,0.5722621334129179,0.5723044157368056,0.5717543455709022,0.570640214157385,0.5690515798006578,0.5649281952222951,0.5630640992607299,0.5610683215527617,0.5608175085921744,0.5606130954515425,0.560198808705929,0.5598747700126835,0.5598671268785455,0.56036952706529,0.5634295944719712,0.56863502828266,0.5892960727899036,0.6135116578631542,0.6176397121367082,0.6181276530467278,0.6181750870952663,0.6178476891587047,0.6172117272483634,0.6163628772930528,0.6153870366736374,0.6130869902164757,0.611778417616929,0.6103407227799084,0.5904839864064927,0.5846153156583236,0.5673911246165518,0.23309925359044337,0.17017966252016373,0.022457154494437446,0.08066222700896097,0.33772110471957617,0.3514400204568897,0.37670270765107317,0.426499980088808,0.43378883290477516,0.46457925988607873,0.4686951057116987,0.4735775238748037,0.4793129163105781,0.48600197211717927,0.5306728935596722,0.5390345068294725,0.5557124692952414,0.600490372586714,0.6179034399384318,0.6224548914454414,0.6298106212247067,0.6394881002222589,0.642682983867543,0.6490854926965821,0.6524153601160947,0.6596678053025143,0.6719072629345836,0.6816051317560919,0.692576803782391,0.7219433648019502,0.7403231205837054,0.7466300522818247,0.7531001563953497,0.7597146725765539,0.7664409727731581,0.7731968428727068,0.7867829472673245,0.801359307529063,0.8093575537305046,0.8175663728786369,0.8334931703254413,0.8407764632483821,0.8485523049042271,0.857328417161984,0.9773990129246999,0.9801651781023428,0.9909367452071582,0.9924954813773296,0.9952288898565187,0.9972869179445641,0.9979441964110937,0.9984005122360495,0.9989240056849656,0.9994977263296051,0.9998924840971423,,,,,,,,,,,,,,,,,,,,,,,,,,,,,,,,,,,,,,,,,,,,,,,,,,,,,,,,,,,,,
864,0.6468331051572737,0.6333666322045385,0.6214564149704714,0.6121585107176348,0.6060161967396853,0.5974039593664906,0.5871725859986281,0.585909874024505,0.5849044950092499,0.584138100706953,0.5835720870722737,0.5831688749865753,0.5828877053571966,0.5826847611294202,0.5825232860990954,0.5820700406162682,0.5815942886938442,0.5808098769932311,0.5796220957533493,0.5779909398763269,0.5758894265499439,0.5733150307395091,0.5628479311085899,0.5450437452162227,0.5374200341931469,0.5348685196432066,0.5336450124869793,0.534134408334982,0.5403047964756184,0.5582522382442233,0.5904395912219081,0.5863544459384541,0.5836702241631536,0.5781283275545344,0.5757613976047173,0.572268081340154,0.5708410661880245,0.5699177815419096,0.5696385232031829,0.5699866537486767,0.5709493748018879,0.5734793511298008,0.5745376907958634,0.5751655034805742,0.575232394811457,0.5747030928796265,0.573603459528908,0.5720220160829427,0.5678948101842938,0.5660231943518944,0.564008650256962,0.563745244758146,0.5635252259681878,0.5630912391611488,0.5627438770303661,0.5627090179620895,0.5631785236699453,0.5661529642995656,0.5712471762059808,0.5915348054494494,0.6150268176123668,0.6189079984927539,0.6193352717186403,0.6193321657893621,0.6189655089128155,0.6183015568159423,0.6174345667479432,0.6164499667846532,0.6141607070832729,0.6128750061346614,0.6114743186473975,0.5921926927232063,0.5864481752278848,0.569505034371169,0.23982132655112848,0.177472691803238,0.013950896335161972,0.07196545622472098,0.328725793694315,0.34244877097858945,0.36773016980158524,0.4176174414095348,0.42492171608861584,0.4556415505058773,0.4597386517522122,0.464607600858761,0.47033645289979287,0.477027463415285,0.5218217612133745,0.5302148442490033,0.5469653984045894,0.5919806602665669,0.609460973429714,0.614019305337938,0.6213680595115696,0.6310312341299602,0.6342261060274992,0.6406326920835151,0.6439683849694696,0.6512472753330218,0.6635692519988852,0.6733633244970075,0.684467972216994,0.7142530007507639,0.7329337702436924,0.7393468553527993,0.7459259012359141,0.7526528190867974,0.7594959294238798,0.7663734721060873,0.7802147271203344,0.7950384222093455,0.8031470794570914,0.8114644818240608,0.8276515322966305,0.8351070281146142,0.8430537419638046,0.8519718772148587,0.9751463809322649,0.9780371422476629,0.9896080755934014,0.9912954498422648,0.9941709625018904,0.9964942282582598,0.9974506729035898,0.9981267870543868,0.9986865153167378,0.9991627958630116,0.9994358595420179,0.9997308007973003,,,,,,,,,,,,,,,,,,,,,,,,,,,,,,,,,,,,,,,,,,,,,,,,,,,,,,,,,,,,
865,0.6485126263914425,0.6352643612672036,0.62350421498322,0.6143034643044383,0.6082176825362845,0.5996724976190586,0.5894941312418799,0.5882338627923321,0.5872288124670569,0.5864609629110905,0.5858921485099126,0.5854852312126942,0.585200074869602,0.5849934568719513,0.5848290724879952,0.584375194703993,0.5839036346450933,0.5831279197998995,0.5819542578926178,0.5803428809994174,0.5782668212187051,0.5757232063359471,0.5653741313390479,0.5477416642042482,0.5401898908805913,0.5376669444490169,0.5364644874881466,0.5369655826455954,0.5431244400545314,0.560889066506514,0.5924256439683825,0.5881582542255849,0.5854685637726295,0.5799643270295087,0.5776364091646071,0.5742359926361728,0.5728476955223962,0.5719545074761515,0.571696850731416,0.5720621585220117,0.573041529604881,0.5755996483695296,0.5766756988456162,0.5773271586827156,0.5774246188956725,0.5769312983208792,0.5758653964055434,0.5743102893585245,0.5702171280860128,0.5683520330530323,0.566327815623395,0.5660450482053957,0.5658003010995728,0.565338501855427,0.564960603134919,0.5648937167271769,0.5653294349717771,0.5682324290542837,0.5732539847115944,0.5933046764271857,0.6163254991302951,0.6200465789005744,0.6204340181286416,0.6203970193637128,0.6200032396314864,0.6193191519338698,0.6184390564877824,0.6174487738098711,0.6151703734402805,0.6139036477612687,0.6125326240663831,0.593719317886283,0.588078510617793,0.5713695146638071,0.24571905144129794,0.18387162041371444,0.0065060422375148586,0.06435563178256103,0.32075775971767495,0.3344784762560406,0.35976995545586143,0.4097312262464869,0.41705066193272017,0.44771641025051,0.45179563639705195,0.45665014992858555,0.46236933391735485,0.4690569631524658,0.5139233537102748,0.522334005395237,0.539130645219468,0.5843114845182966,0.601841596106732,0.6064054585630749,0.6137505864565677,0.6234104002901728,0.6266091877109927,0.633027960225002,0.6363731368025662,0.6436832558456016,0.656086279192105,0.6659668348766312,0.6771873009250865,0.7073340266346287,0.7262727845923801,0.7327757278933976,0.7394461857559957,0.7462669277206396,0.7532076324717172,0.7601879704890847,0.774248927416707,0.7892843960731072,0.797484364026503,0.805891292938713,0.8223060505160066,0.8299185550992139,0.8380080343736565,0.8470297008842054,0.97293850439574,0.9759417602280723,0.9881858545190004,0.9899960732609623,0.9930547731885858,0.9956009731439237,0.9967472036875431,0.9975821271459513,0.9982203788072073,0.9987054195706135,0.9989555054584047,0.9993391862821398,0.9998664395013234,,,,,,,,,,,,,,,,,,,,,,,,,,,,,,,,,,,,,,,,,,,,,,,,,,,,,,,,,,,
866,0.6480981170359271,0.6350171985208132,0.6234166575118625,0.6143397635362384,0.608332438882423,0.5998897195530793,0.5898038523393514,0.5885488224154349,0.5875452040301208,0.5867756782056855,0.5862032114654785,0.5857915917935778,0.5855011807223376,0.5852891214312465,0.585119065207605,0.5846544563400311,0.5841794499299701,0.5834023167877603,0.5822298377709221,0.5806223120373577,0.5785528678550315,0.5760189977913744,0.5657148427161387,0.5481460136385845,0.5406282543422266,0.5381261447825936,0.5369485838201885,0.5374809179733175,0.5437186354313486,0.5615766659206666,0.5931954660360247,0.5889422811102728,0.5862689585872125,0.5808229370451817,0.5785343563365033,0.575205499155612,0.5738310344842299,0.5729358043192871,0.5726623375779206,0.5730038644462028,0.5739581111152148,0.5764645144163673,0.5775264106664248,0.5781787209671282,0.5782932307891618,0.5778313025257438,0.5768011500835387,0.5752788532928768,0.571245730916077,0.5694037745925234,0.5674030933372903,0.5671152419360052,0.5668598665506392,0.5663853422016121,0.5659931023476732,0.5659128144215743,0.5663377988758601,0.5692327616871193,0.5742653156328185,0.5943389655546185,0.6174129488853654,0.6211690589503293,0.6215688508207902,0.6215443158807746,0.6211626274079073,0.6204899585044481,0.6196211624041736,0.6186423365382668,0.6163875402666605,0.6151336869242874,0.6137766346538749,0.5950990933869895,0.5894842558099748,0.5728183835303119,0.25003319621153713,0.18870211002566725,0.0004732649100611431,0.05805709406763779,0.3135529693136514,0.3272427440705705,0.3524902748150541,0.4024084789481879,0.4097308317496598,0.440404693793973,0.44447938776041074,0.4493287546283726,0.45504237743032055,0.46172529062710205,0.506615424442692,0.5150299270235241,0.5318479049924169,0.5771376667474434,0.5947321515686212,0.5993159739337697,0.6066985673013133,0.616422395907381,0.6196458181977652,0.6261171680927143,0.6294906428673146,0.636863298033788,0.6493751614885745,0.6593418492369094,0.6706612381703848,0.701094496251169,0.7202255079232972,0.7267937896152722,0.7335298084975235,0.7404166932852246,0.7474249199193956,0.7544754103639006,0.7686861085107471,0.7838754703628739,0.7921502737464142,0.8006345543407862,0.8172330310696196,0.824956091453994,0.8331411896325761,0.8422379778921494,0.9707670350386549,0.9738830903185857,0.9866312428578135,0.9885617541849379,0.9919067115533051,0.9946396911262539,0.9957869278053022,0.9966750331687808,0.9974763156407771,0.9981904279296407,0.998657513803799,0.9990425237734797,0.9993867633088724,0.9997002608029908,,,,,,,,,,,,,,,,,,,,,,,,,,,,,,,,,,,,,,,,,,,,,,,,,,,,,,,,,,
867,0.6483559941434613,0.6353798074354426,0.6239036754662058,0.6149304418508341,0.6089901641536732,0.6006376655837578,0.5906400065490056,0.5893909007764241,0.5883894813776857,0.5876189465767111,0.587043167774418,0.5866266110468199,0.5863296894920292,0.586109465133906,0.5859291564676516,0.5854368404369377,0.5849446104736068,0.5841475908779047,0.5829524416266576,0.5813193480913191,0.5792215513555015,0.5766572946311036,0.5662518396862577,0.5485294589688579,0.5409525896723636,0.5384356579051817,0.5372589149760353,0.5378136464453014,0.5441647950772066,0.5623374773722873,0.5946330516968514,0.5904148057066227,0.5877105377897133,0.5821765774899408,0.5798373112925918,0.5764027016015757,0.5749722496229962,0.5740235571415796,0.5737015975300449,0.5739999308881683,0.5749174183667424,0.5773659543726811,0.5784063040104953,0.5790417493441208,0.5791429056760442,0.5786707807834941,0.5776334914548437,0.576107154718217,0.5720782813248619,0.5702479896516869,0.5682934729819842,0.5680363100891365,0.5678117031896343,0.5673648340822763,0.5669977397466681,0.5669403056549494,0.5673859875097874,0.5703151269732274,0.5753629163973413,0.5954247292041406,0.6185510157659808,0.6223645506385106,0.622789578093925,0.6227942568458062,0.6224443956510686,0.6218045722571303,0.6209670277857537,0.6200157028835912,0.6178055450941071,0.6165695509748205,0.615228192620862,0.5965596100538096,0.5909296299317259,0.5742016483354546,0.25462580703074283,0.19406061713119935,0.006832832124867601,0.050266247030882914,0.3042759486265843,0.31791681711674324,0.34308049974798466,0.3928711372812483,0.40018661338766826,0.4309346996277513,0.43502183319225207,0.43988200999316557,0.4456044325960594,0.4522950017183727,0.4972666918636487,0.5057016442563136,0.5225723290806438,0.5680676398546108,0.5857802260067646,0.5904028902557149,0.597861284643603,0.6076992470485842,0.6109612150949678,0.6175107908280237,0.6209244114290415,0.6283808990376755,0.6410287514852161,0.6510962461420225,0.6625261916114906,0.6932668335615675,0.7125985119552272,0.719237306272084,0.7260462054747192,0.7330073196702045,0.7400898552399896,0.7472129063010694,0.7615660187797592,0.7769239053451281,0.7853052066797248,0.7939055206415013,0.8107178919134707,0.8185247856758211,0.8268162920352429,0.8360595474740633,0.9680535508219609,0.971311839881176,0.9846644608556983,0.9867175467237177,0.990340541305755,0.9933243945902135,0.9945536066007874,0.9955519305657012,0.9965239310813242,0.997457733694349,0.9981550329564709,0.9986570508265434,0.9989845001329014,0.999362556993081,0.9998839231531369,,,,,,,,,,,,,,,,,,,,,,,,,,,,,,,,,,,,,,,,,,,,,,,,,,,,,,,,,
868,0.6498449707785702,0.6369209467451283,0.6255317892546223,0.6166365061662177,0.6107475434236026,0.6024665191216857,0.5925479763191867,0.5913058156538123,0.5903080715240786,0.5895381622694333,0.5889604391557074,0.5885396458804388,0.5882357794070736,0.5880053735096439,0.5878108876401639,0.5872751452841435,0.5867524229494244,0.5859175229491563,0.5846762951243916,0.5829886503301993,0.5808279460239427,0.5781934452174128,0.5675404052498941,0.5494472599965445,0.5417168515509359,0.539147746679568,0.537944948784684,0.5385088233711329,0.5449940795482793,0.5636730597459153,0.5971624155687134,0.5929690531985801,0.5901788919565198,0.5843942237886087,0.5819057601429171,0.5781752407825969,0.5766174107128065,0.5755656375275672,0.5751672718734832,0.5754097528668926,0.5762863857550413,0.5786867516987183,0.5797038651882856,0.580307432438045,0.5803642661359917,0.5798367867986562,0.5787445370972185,0.5771722796226014,0.5730813784038709,0.5712470413467241,0.5693574038732798,0.5691677976412443,0.5690171717340632,0.5686400137822721,0.5683390350070223,0.5683414615219615,0.5688387368593432,0.5718378546349049,0.5768911618230778,0.5968574551201034,0.6199381323059171,0.6237970281112338,0.6242517184584827,0.6242954402299851,0.6239919365062663,0.6234028699737536,0.6226142773472593,0.6217052827313396,0.6195615124147453,0.6183506414691792,0.6170305657877224,0.5983033949167207,0.5926294667649215,0.5757637985144668,0.2598743614624815,0.20031733673196436,0.01574843148386287,0.040664883153849835,0.2927093444549592,0.3062881986443934,0.33133554162284956,0.38092957651911225,0.3882294589744575,0.4191018752959297,0.42321549168907124,0.42810018060357524,0.4338443672750326,0.4405544752307331,0.4856705992043066,0.4941443199677219,0.5111020324482773,0.5569064255516104,0.5747889229546403,0.5794672602361076,0.587033811531075,0.597026061949647,0.6003373612352162,0.6069847434978394,0.6104475795865912,0.6180047744226468,0.6308125969425318,0.6409965998040942,0.6525522560848653,0.6836336929311834,0.7031853868287475,0.7099041036286924,0.7167977275768845,0.7238460383496095,0.7310149308020216,0.7382184720250893,0.7527178696340103,0.7682681300674836,0.776790539893349,0.785547780764598,0.8026098733257714,0.8104797603727496,0.8188972227577932,0.8283667773097548,0.9647479840282891,0.9681791400064264,0.9822680138152128,0.9844472850478638,0.9883257649939258,0.9916359026289839,0.9930624918242813,0.9942393360414923,0.9953595946962732,0.9964557019184083,0.997360926308393,0.9981372050681956,0.9987243851055496,0.9990559363684852,0.9992895188059961,0.9996075473376976,,,,,,,,,,,,,,,,,,,,,,,,,,,,,,,,,,,,,,,,,,,,,,,,,,,,,,,,
869,0.650998110478556,0.6382145017680697,0.626962843090755,0.6181749024725856,0.6123540947089662,0.6041643566387592,0.5943419342856275,0.5931086141821355,0.5921163057739538,0.5913487643392001,0.5907709582029711,0.5903480945155878,0.5900402030818115,0.5898037649496173,0.5896009443149209,0.5890410751489276,0.5885028196792603,0.5876498652459555,0.5863880409184195,0.5846772232188687,0.5824908926916827,0.5798288836973109,0.5690840215253026,0.5508536013031272,0.5430690311302142,0.5404846665637179,0.5392790824406486,0.5398572294373316,0.5464256954879101,0.5653555418205176,0.5993714390120125,0.5951835008368919,0.5923575003633096,0.5864714611028256,0.5839235724992463,0.5800728783405997,0.5784590407583824,0.5773584001750252,0.5769198597650963,0.5771294673591663,0.5779795637281454,0.5803419211827174,0.5813435007640784,0.5819315256932964,0.581971456003561,0.581425973584395,0.5803175356417598,0.578733152442549,0.5746321243423368,0.5728041103067805,0.5709558865099219,0.5707993819720524,0.5706837454588872,0.5703393704531955,0.5700690658196863,0.5700990756293615,0.570619884187987,0.5736501426364302,0.5787044995768904,0.5986059950635332,0.6216381506220151,0.6255203720269013,0.6259928714650547,0.6260605922003196,0.6257860798996099,0.6252293188217022,0.6244730163622648,0.6235936756297958,0.6215020501030342,0.6203144801267574,0.6190168481291612,0.6003697257394309,0.5946948083728031,0.5778080435864724,0.26525078382181705,0.20646134453959805,0.023829059371849516,0.032111016203070275,0.2828231432568114,0.2963636545233233,0.32134152590525966,0.3708462990959222,0.3781445708762575,0.4090999595507776,0.41322499019525205,0.41811958242701835,0.4238719473006043,0.4305892896904482,0.4757804612862986,0.4842740373798307,0.5012807476728384,0.5472743900904342,0.5652618563068906,0.5699735704442046,0.5776034969624948,0.5876894986813507,0.5910323692199616,0.5977438201805149,0.6012397616631434,0.60886729693617,0.6217932106673845,0.6320680793952186,0.6437257040652441,0.675093298132097,0.6948374706607651,0.7016260662775182,0.7085932454927898,0.7157173288030534,0.7229621458452465,0.7302385236417304,0.7448768959800308,0.7606015055001714,0.7692430293621527,0.7781315206753364,0.7954179294250833,0.8033604734614241,0.8118917677433346,0.821540325340273,0.9615491566270186,0.9651274286684183,0.9798729250602841,0.9821692780444685,0.9862804621570904,0.9898568993752684,0.9914377665690143,0.9927642541167171,0.9940227522835292,0.9952613683401466,0.9963205385318074,0.9972606759826591,0.9979977564356696,0.9983908367598253,0.9986279498475861,0.9991183682084789,0.9998797045232354,,,,,,,,,,,,,,,,,,,,,,,,,,,,,,,,,,,,,,,,,,,,,,,,,,,,,,,
870,0.6519635806424479,0.6394419519726208,0.6283844935445536,0.6197297980270202,0.6139896189585382,0.6059013968345855,0.5961736254305259,0.5949480681180328,0.5939604744732093,0.5931950672014574,0.5926175214102308,0.5921937069911491,0.591884402895239,0.5916468016847563,0.5914435560075018,0.5908885554550282,0.5903581123679086,0.5895184332051728,0.5882765367397759,0.5865926238839968,0.5844402605509559,0.5818190160844235,0.5712304083536074,0.5532324820654492,0.5455492125363388,0.5430062960192595,0.5418323426954093,0.5424295869646661,0.5489907860513898,0.5677297810267274,0.6011041561061053,0.5968333469371836,0.5940391813773679,0.5882714452915991,0.5858017277705051,0.5821074166923111,0.5805523101123523,0.5794920741447603,0.5790758181541715,0.5792956894672066,0.5801502076249541,0.5825084403007649,0.5835147699048223,0.5841197898950397,0.5841912449229354,0.5836900968075792,0.5826280276303045,0.5810842189111703,0.5770486872006272,0.5752391191059432,0.5733875303186252,0.5732059669462943,0.573059284606474,0.5726836317636587,0.5723814364093823,0.5723807968522403,0.5728728195448283,0.5758548123823184,0.5808818465221212,0.6007034974105677,0.6235522943949375,0.6273738043944108,0.6278316020386933,0.6278867254354512,0.6276022148687116,0.6270384643485745,0.6262794003830058,0.6254025265836938,0.623330982751225,0.6221621003044201,0.6208895005256123,0.6026029676008134,0.5970098667374081,0.5803167819472977,0.27081103717362287,0.21240088749530497,0.030513224429460143,0.025319182790122404,0.27585030959968415,0.2893986268462565,0.3144007699283941,0.364021483084785,0.3713437808145717,0.4023045169943223,0.4064156433033555,0.4112972792378835,0.4170386245295985,0.42374821433398446,0.46894874565962485,0.47744180968024585,0.4944558927256116,0.540495893183133,0.5584948154826878,0.563204457554518,0.5708223744815224,0.5808974216350846,0.5842412599318795,0.5909587882969896,0.5944605061004072,0.6021085253898831,0.6150885366298328,0.6254207125467462,0.6371548487402205,0.6687641804245851,0.688687549907365,0.6955401981666618,0.7025732587357112,0.7097653872807541,0.7170809642470536,0.7244312746205354,0.7392278126774684,0.7551195867563886,0.7638460604706199,0.772822943375463,0.790309485293253,0.798367400090267,0.8070094825386669,0.8167560833087542,0.9591995728066327,0.9628822683432031,0.9781853214736593,0.9805864430346197,0.9848794364798745,0.9886285352678978,0.9903205375808084,0.9917634498898262,0.9931284788761566,0.9944413688217214,0.9955288276169854,0.9964695653128032,0.9972516318907151,0.9978976443544478,0.9985451046633465,0.9991365327518041,0.9996290022567322,0.9997746590730225,,,,,,,,,,,,,,,,,,,,,,,,,,,,,,,,,,,,,,,,,,,,,,,,,,,,,,
871,0.65221252949434,0.6398875193022538,0.6289779905662106,0.6204250040271123,0.6147459218744018,0.6067326056283382,0.5970648656782831,0.5958414036665713,0.5948531234641176,0.5940846260695118,0.5935021535723171,0.5930720906059862,0.592755768880583,0.5925108763102528,0.5923003457551668,0.5917330877486674,0.5911993895383363,0.5903595974414657,0.5891215156662505,0.5874455386025431,0.5853052965331853,0.5827002585538978,0.5721803920376727,0.554285529243603,0.5466472587941018,0.5441238377983889,0.5429662344223716,0.5435762304054642,0.550147653221275,0.5688013861898293,0.6018244882313256,0.5974397950311742,0.5946405873323437,0.5888950115304301,0.5864500298301296,0.5828123326346318,0.5812762091215279,0.5802267817991721,0.5798139097536157,0.5800335177617395,0.5808880234614536,0.5832453249245079,0.5842570373807062,0.5848749037550539,0.5849674831966588,0.584494465465499,0.5834608730070595,0.5819412777507753,0.5779439160517598,0.5761466160929871,0.5743024301837862,0.5741125903111359,0.5739530567931429,0.5735618033466395,0.5732414060896922,0.573221054529855,0.5736919056520973,0.5766286028030982,0.5816081979595131,0.6012598463736192,0.623799155743279,0.6275316124361338,0.6279705916883116,0.6280116551215075,0.6277179775040811,0.6271496502066843,0.6263901491162381,0.6255168240621215,0.6234643232297182,0.6223129017761595,0.6210645299375663,0.6031228758176626,0.5976051250144763,0.5810778856696308,0.2753385940953707,0.21749137102761915,0.03691356022468954,0.018649218767131357,0.2684785988544786,0.2820154337155441,0.3070083895298395,0.3566648265537582,0.3639978765531228,0.3949322020840384,0.3990306908883968,0.4039012789656296,0.4096340242268812,0.41633869360889697,0.4615746156369637,0.47007405578459377,0.4871069260459967,0.5332187466461502,0.5512418066387454,0.5559530378800898,0.5635653072018364,0.5736357496698001,0.5769816774419962,0.5837071976900283,0.5872156001775236,0.5948855634704096,0.6079203762584268,0.6183102140220956,0.6301214905504967,0.661977784274044,0.6820848172149617,0.6890031026823474,0.6961037842246565,0.7033660621339612,0.7107552332660618,0.7181836523016943,0.7331493805733654,0.7492107301205612,0.7580151442144435,0.7670714992577775,0.784760367934478,0.7929528498775791,0.8017151096661025,0.8115505844604004,0.9565909677632318,0.9603824620157773,0.976251095003555,0.9787575929562576,0.9832335274155902,0.9871606156070994,0.9889655078906696,0.9905126784738872,0.9919593305553137,0.9933346782225726,0.9944728733577792,0.9954850163551358,0.996392187655433,0.997233221125489,0.998102724125667,0.9987798384618485,0.999206055596389,0.9994141983831722,0.9999005284908788,,,,,,,,,,,,,,,,,,,,,,,,,,,,,,,,,,,,,,,,,,,,,,,,,,,,,
872,0.6516377139942937,0.6393986731860686,0.6285749698834747,0.6200882265161684,0.6144499404369611,0.6064860451996563,0.5968457091110142,0.5956181543583069,0.5946228045976728,0.5938445935688994,0.5932503047321654,0.5928067383227748,0.5924753764422932,0.5922139495094315,0.5919851743527786,0.5913760552471627,0.5908190298333894,0.5899542121831405,0.5886894116233626,0.5869849607768547,0.58481455601506,0.5821780782516488,0.5715570664143883,0.5535134404704779,0.5458133521741043,0.543269896004902,0.5421038539568718,0.5427215157885671,0.5493591325810251,0.5681946845395566,0.6015806804508435,0.597096894327845,0.5942383353073137,0.588357875992838,0.5858450688472422,0.5820830146013427,0.5804899036151634,0.5793914670040088,0.5789395797966008,0.5791298744016374,0.5799648934494003,0.5823029722045265,0.583310359268904,0.5839246102710408,0.5840126191000223,0.5835336990305479,0.5824936214118858,0.5809679502316262,0.5769631938249692,0.5751703896997282,0.5733603248394746,0.5731963895861717,0.5730615663135292,0.572689097070939,0.5723824493948464,0.5723706078787827,0.572844081295496,0.5757660973294538,0.5806940648576372,0.600114383142018,0.6223072298416954,0.6259651647603786,0.6263954474006422,0.6264357694947104,0.6261484472952096,0.6255919000608023,0.6248462723199363,0.6239865843883329,0.6219615954752942,0.6208267162904582,0.6195991288806366,0.6018723255576446,0.5963916846162982,0.5799194722636483,0.278671084735924,0.22169219545732305,0.04336279752647249,0.011655389188443143,0.25992585211778746,0.27342016380609946,0.2983478373743604,0.34791071430127296,0.35523595553003495,0.3861545682695764,0.3902520941054147,0.39512308636367066,0.40085795259776885,0.40756745913834286,0.45289602333102535,0.4614158860847381,0.4784929539472727,0.5247458838257633,0.5428369187342705,0.5475655754741724,0.5552048681756042,0.5653144285702935,0.5686746332845424,0.5754313569289966,0.5789575079970801,0.5866693474655552,0.5997822005155975,0.6102408888614815,0.6221373082103193,0.654258826952064,0.674558276151378,0.6815456004652949,0.6887179574653884,0.6960548119850422,0.7035220648114345,0.7110328884374613,0.726175196625853,0.7424129781897842,0.7512991259276405,0.7604393876835124,0.7783432678749855,0.7866794153209599,0.7955713948376085,0.8055070593854282,0.9537125233486058,0.9576322058151563,0.9740926632552959,0.9767108838607225,0.9814035614667069,0.9855362012508025,0.9874417452772405,0.9890776063865772,0.9906060023119948,0.9920863008540969,0.99336859467614,0.9945538799102127,0.9956284099280998,0.9965434512903112,0.9974031320317751,0.9981940118656848,0.9988886318107719,0.9992406510575823,0.9997025237787929,0.9998863955928367,,,,,,,,,,,,,,,,,,,,,,,,,,,,,,,,,,,,,,,,,,,,,,,,,,,,
873,0.6515477635030444,0.6394417356572998,0.628743417068094,0.6203520743936224,0.6147727451211561,0.6068820613107144,0.5972932612202548,0.5960638109277998,0.5950627942022195,0.5942755853505117,0.5936696877473682,0.5932124987380161,0.5928658199694707,0.5925876131705426,0.5923405592724347,0.5916912500334671,0.591113387220289,0.5902277264100819,0.5889424613262083,0.5872180014444497,0.5850281638181942,0.5823731718714595,0.5717013474793847,0.5535877282247368,0.5458597241870009,0.5433086801688829,0.5421416336249834,0.5427676139098938,0.549450174855617,0.5683802540603402,0.6019075040737928,0.5973338052313368,0.5944358581691884,0.5884722489979788,0.585919738819388,0.5820849061349139,0.5804556686641541,0.5793237272287066,0.5788424725002296,0.579008281436012,0.5798248007228326,0.582138507762361,0.5831392247293964,0.5837499242242011,0.583836703251324,0.583358355569704,0.5823195311103546,0.5807952373479044,0.5767961310694681,0.5750103498503144,0.5732261448716525,0.5730777004048082,0.5729564850204952,0.5725931945738705,0.5722915432339567,0.5722803331319686,0.5727493757596548,0.5756453216737365,0.5805179402404195,0.5997031548383592,0.6215325771643512,0.6251049219665478,0.6255226166370655,0.6255582936856169,0.6252736090705819,0.6247255984521883,0.6239916826781198,0.6231449742303428,0.621150430953417,0.6200353910681269,0.6188328089764642,0.6013852385901232,0.5959577742458074,0.5795873622536355,0.28287631838200317,0.2267330532292301,0.05051119074051239,0.004025917988405428,0.2510840075086048,0.2645556836644477,0.2894563184977777,0.33902144459659866,0.3463536951331213,0.3772957490077512,0.3813930654226247,0.3862650811726019,0.3920029272449146,0.39871843732413154,0.4441367280300076,0.4526737670171505,0.46978542227013614,0.5161396159926789,0.5342758903692619,0.5390140133888266,0.5466639988503309,0.5567894527085575,0.5601567322824027,0.5669309808361861,0.5704683798951746,0.5782095630951924,0.5913816623434132,0.6018971751850619,0.6138676234996773,0.6462338728364067,0.6667222216267239,0.6737790282762437,0.6810242082603286,0.6884374707171346,0.6959852382606745,0.7035813299500971,0.7189075873063864,0.7353342632826313,0.7443112760650601,0.7535449774721411,0.7716738409906054,0.7801513993196144,0.789175686869675,0.7992222010013786,0.9506590765204869,0.9547101891320618,0.9717826610272007,0.9745140623861096,0.979418766391767,0.9837520319542526,0.9857661452764852,0.9875048436898084,0.989130210881018,0.9907186580183213,0.992126759074593,0.9934481153022178,0.9946566705005169,0.995675567681159,0.9966098168290521,0.9975096902474734,0.9983588615945663,0.9988277140527679,0.999357435645881,0.9996481708076298,0.9999224312740748,,,,,,,,,,,,,,,,,,,,,,,,,,,,,,,,,,,,,,,,,,,,,,,,,,,
874,0.6524747224546283,0.6405628875901821,0.6300434928773082,0.6217877005211648,0.6162925239707068,0.6085087965383084,0.5990086760454325,0.5977813374077261,0.59677756128153,0.5959832815288226,0.5953669361418751,0.5948967328050597,0.594534952350587,0.594239975866504,0.5939746328962583,0.593286221473149,0.5926894939756415,0.591786550968588,0.5904863901724627,0.5887496635021359,0.5865503889889382,0.5838891018759167,0.5732150564007729,0.5551089876044807,0.5473868101700723,0.5448405857061226,0.5436798683843375,0.544314545546048,0.5510199030706072,0.5699636963621674,0.6034282814697371,0.5987897461285469,0.5958753395615327,0.589882337097229,0.5873170479208217,0.5834562014490945,0.5818099789165895,0.5806588274330726,0.5801569879339945,0.580302148522459,0.5810995407737034,0.5833797825885895,0.5843687566068669,0.5849725485956158,0.5850573479700016,0.5845815057343235,0.5835475672629401,0.5820290117473095,0.5780449585064956,0.5762680144237785,0.5745019043026185,0.5743602851442879,0.5742441742260272,0.573883838624905,0.5735823329896503,0.5735679360462586,0.5740294640350978,0.57689476770643,0.5817138217407505,0.600674840953912,0.6221533941758951,0.6256394646743897,0.6260440218042512,0.6260747572159576,0.6257927939420852,0.6252540156615719,0.6245335407990915,0.6237028037432574,0.6217481615443227,0.6206587953594187,0.6194872658903848,0.6023709739785652,0.5970077282702052,0.5807775614335868,0.28853362495541124,0.23319240087342172,0.05891837265408477,0.004790498578816822,0.24148134325492818,0.2549553440109218,0.2798746191669887,0.329559393509294,0.3369180578614751,0.3679569773453191,0.3720586490438486,0.3769355259559981,0.38267979212928493,0.38940436459065403,0.4349114814043069,0.4434631644916277,0.46060121092939776,0.5070234579813108,0.5251861073097063,0.5299274198594455,0.5375756236488286,0.5476993100016034,0.551068158979923,0.5578493802145659,0.5613929114259273,0.5691532016368775,0.5823682154126979,0.5929293094778749,0.604962814616605,0.6375526066285122,0.6582266663029575,0.6653544334482776,0.6726752747284128,0.6801687378797115,0.6878010825179616,0.69548567594267,0.711000880330125,0.7276352141664099,0.736723886459415,0.7460743607058493,0.7644465364373896,0.7730508589759889,0.78221093587215,0.792401678566576,0.9473193834021827,0.9515121681282019,0.969247122419607,0.9720945258926498,0.9772056984917872,0.9817529308438572,0.9839043952348467,0.9857795436559706,0.9875280799102468,0.9892288779431919,0.9907382891014062,0.9921611310902659,0.9934836639358438,0.994631187306896,0.9957010914480222,0.9967101123852086,0.9976392306294297,0.9982219512509134,0.9989061358529058,0.9993128163632935,0.9996653476002982,0.9998868881192723,,,,,,,,,,,,,,,,,,,,,,,,,,,,,,,,,,,,,,,,,,,,,,,,,,
875,0.6531163128256615,0.6413676268755717,0.6310155732395037,0.6228911660288575,0.6174778968786259,0.6097972735673752,0.6003714056106836,0.5991413860212507,0.5981293640211588,0.5973218978525061,0.5966884895715802,0.5961982462641643,0.595813869274943,0.595494080588414,0.595201733512267,0.5944543025634971,0.5938273582862081,0.5928946106831989,0.5915657400691751,0.5898016016074945,0.5875764480688139,0.5848913321905058,0.5741573214239835,0.5559775973922222,0.5482269322167453,0.5456725717056062,0.5445095542344462,0.5451500872821083,0.5518919969979568,0.5709229353794812,0.6045282778059394,0.5998238681356293,0.5968747786080155,0.5908011574304864,0.5881931516016669,0.5842471212176468,0.5825582683773309,0.5813668995965592,0.5808285813645288,0.5809411736094008,0.5817104815506251,0.5839459876111952,0.5849178214368406,0.5855076599437326,0.5855810676051002,0.585096225152078,0.5840557137668146,0.5825330917141833,0.5785496457339494,0.5767790001536967,0.5750385545732924,0.5749136281537522,0.5748133683677438,0.5744655993005815,0.5741728229936643,0.5741623013585803,0.5746215322555038,0.5774596732426904,0.5822155902212176,0.6009043721121468,0.6219798328329477,0.6253733542595458,0.6257656693868502,0.6257940558859127,0.6255187480077491,0.6249939716047426,0.6242915037826872,0.6234803053158342,0.6215699189434326,0.6205072403255404,0.6193673019671225,0.6025565988529318,0.5972484569955421,0.5811315693244368,0.2938635629333381,0.23946769907017146,0.06755234782095043,0.01394679197931099,0.23121683541017946,0.24468459459092692,0.2696094109999292,0.3193879031259068,0.3267704606523154,0.35792900733775374,0.36204015295527675,0.3669264355902331,0.3726809439200266,0.3794175700824359,0.42502359369293813,0.43359255311469563,0.45076056914174645,0.4972567792987831,0.5154491569790094,0.5201951669059941,0.5278452023100183,0.5379719030605012,0.5413435215826057,0.5481339021883173,0.5516844246984971,0.559464288302903,0.572718559445241,0.5833203681412843,0.5954111095411428,0.6282151372812189,0.649073283930715,0.6562725175732789,0.6636702890642372,0.6712459332682913,0.6789655410310899,0.6867421404673586,0.7024553820545758,0.7193068777800147,0.7285108988160423,0.7379815679902035,0.756606474141544,0.7653451046634272,0.7746482759592589,0.7849899036152619,0.9436536247695805,0.9479980579573819,0.9664254927607605,0.9693916975047088,0.974720754858294,0.9795047463147621,0.9817940820538825,0.983807370053776,0.9856866623501264,0.9875156216543958,0.9891516506798061,0.9907004316155275,0.9921429721057732,0.9933817800765493,0.9945238449856383,0.9956532505360515,0.9967573373962303,0.9974693748233903,0.9982110558149238,0.998688723405714,0.9991569201850259,0.9995375920842018,0.9998718570529259,,,,,,,,,,,,,,,,,,,,,,,,,,,,,,,,,,,,,,,,,,,,,,,,,
876,0.6532805657727492,0.641659138884958,0.6314441000876528,0.6234282216742525,0.6180820460381453,0.6104831316275083,0.6010998794462336,0.5998616619759114,0.5988361663304315,0.5980105514783778,0.5973553332155889,0.5968404718492184,0.5964290826867106,0.5960802136402055,0.5957567236264597,0.5949422361655218,0.5942810304519179,0.5933143248627929,0.5919524130685363,0.5901563183565076,0.5879005036573974,0.5851865165776963,0.5743759386431675,0.5560991247531117,0.5483092315403005,0.5457420953393092,0.5445729560481607,0.5452166632129568,0.5519935287800735,0.5711121045325743,0.6048694698169166,0.6000774404103012,0.5970851773786828,0.5909142349272608,0.5882562566953523,0.5842132239878103,0.5824764331590123,0.5812403622863843,0.5806621647942232,0.5807400325481268,0.5814805194490137,0.5836722250623417,0.5846279332176243,0.5852047589873586,0.5852674761726379,0.5847740115324326,0.5837268072307997,0.5821994686668068,0.5782141110655499,0.5764486059848707,0.5747329431188155,0.5746245291034378,0.5745394109725362,0.574202491994592,0.5739159781361045,0.5739062825590271,0.5743596928585002,0.5771625445650849,0.581844726545892,0.6002275465732075,0.6208465068602204,0.6241306748882073,0.6245059972785136,0.6245274356277709,0.6242543329718567,0.6237392027317604,0.6230504129337614,0.6222544398800882,0.6203796925311027,0.6193396575182203,0.6182276382704085,0.6017032297779843,0.5964477146977976,0.580435370333453,0.2982654033672286,0.24483415695794566,0.07536905027865592,0.02232633379324006,0.22149962959252611,0.23494881078783317,0.25985803650938993,0.3096778693773993,0.3170760505713216,0.34832194995434806,0.35243975053296334,0.3573325003394147,0.3630940228154813,0.36983915427289726,0.4155265471353114,0.4241097747768828,0.44130302838555596,0.48786079342604033,0.506076140779547,0.5108247930597697,0.5184730837724936,0.5285982707710747,0.5319713446506958,0.5387681763098131,0.5423241882090368,0.5501201283116701,0.5634071179335729,0.5740444536387839,0.586187057344449,0.6191943340197222,0.6402296239771804,0.6474974691979484,0.6549690669940205,0.6626238698940512,0.670428334659287,0.6782960071643305,0.6942088676903543,0.7112704193929182,0.7205772679487579,0.73015300671682,0.7490177352348657,0.7579005511735076,0.767345803601706,0.7778177364492173,0.9400024611119299,0.9444904467879409,0.9635851627943249,0.9666659677499527,0.9722062459307754,0.9772238424313108,0.9796389085609156,0.981775408408337,0.9837703330124163,0.9857150338569176,0.9874721927046233,0.9891485653483515,0.9907144273557249,0.9920348226783136,0.9932250582926946,0.9944636103570702,0.9957462524781782,0.9965661667071347,0.9973200219275545,0.9978575194927102,0.9984681796246497,0.9990044336354422,0.999515912134383,0.9998776506343903,,,,,,,,,,,,,,,,,,,,,,,,,,,,,,,,,,,,,,,,,,,,,,,,
877,0.6538252623142127,0.6423110075304578,0.6321919177052445,0.6242469545627868,0.6189436529759484,0.6113955029127995,0.6020371271681236,0.6007938268128749,0.5997601852277958,0.5989237113800016,0.5982554825865919,0.597725957487988,0.5972986347710381,0.5969329013919893,0.596591774252031,0.5957413086461355,0.5950631347378076,0.5940810126934841,0.5927058243420564,0.5908987539116589,0.5886343675535629,0.585914309207443,0.5750982719713699,0.5568218897642907,0.5490326499444695,0.5464666629147227,0.5452991998924542,0.5459455448784298,0.5527288817471774,0.5718246303232704,0.6054561034957626,0.6005840409041218,0.5975749506073172,0.5913776580991916,0.588709981536342,0.5846482775699063,0.5828975780425848,0.5816446045128191,0.5810473625268026,0.5811058903500768,0.5818287279755404,0.5839897836764334,0.5849351761266717,0.5855065039063946,0.5855688297996126,0.5850796119237067,0.5840386599518742,0.5825177253488713,0.5785462640593749,0.5767874457218048,0.5750821150551151,0.5749749669744806,0.574888820472962,0.5745485027971351,0.5742557340974952,0.5742367110923962,0.5746770463931391,0.5774408822553335,0.582065351324939,0.600222718718198,0.6204809550897977,0.6236661992761419,0.6240217416716612,0.6240299819373926,0.6237498641449749,0.6232329709178054,0.6225459059731107,0.6217538872629237,0.6198937746715005,0.6188659881304053,0.617770861113499,0.6014594604475595,0.5962484697667428,0.5803329049605401,0.301898746046815,0.24915193790527151,0.08144642650218971,0.028817937689010014,0.21389261882590233,0.2273144614517803,0.25218355778976076,0.30197774311154413,0.3093790730334059,0.3406336693380997,0.34474816480116843,0.3496373295028996,0.3553954519946569,0.3621383620089717,0.4078532405298857,0.41643962907248827,0.4336423894619159,0.4802326760801945,0.49846441828162413,0.5032151441427374,0.5108626292202773,0.5209892231479352,0.5243647199444288,0.5311693976226091,0.5347313636233676,0.5425447709086997,0.5558710686677981,0.5665490035268811,0.5787471344611996,0.6119531657280091,0.6331511455630648,0.6404804651468887,0.6480173850095263,0.6557415413369644,0.6636196816862328,0.6715655684473075,0.6876471657533053,0.7048827778130473,0.7142733947132414,0.7239338663667554,0.7429908904362174,0.7519901594740501,0.7615519380167041,0.7721299342796208,0.9369563615517933,0.9415558063252683,0.9612100970410536,0.9643903817123057,0.9701030519160526,0.9753090369514901,0.9778430596005453,0.9800867527494751,0.98216271741853,0.9841752338982701,0.985998525375915,0.9877636852132676,0.9894482725045743,0.9908723768572671,0.9921343069468637,0.9934426545111138,0.994799901872562,0.9956958002188442,0.9965354477101506,0.99716708534843,0.9978773406815232,0.9985223802440452,0.9991535829447472,0.9996513617357142,0.9999249345377929,,,,,,,,,,,,,,,,,,,,,,,,,,,,,,,,,,,,,,,,,,,,,,,
878,0.6547589342369048,0.64331240426144,0.633229432388958,0.625303451874401,0.6200100701929618,0.6124712037954024,0.6031144815482489,0.6018702421428972,0.6008354799335882,0.5999977303018399,0.5993280572543229,0.5987969510530242,0.598368186039812,0.5980014258416416,0.5976599489086336,0.5968122246556273,0.5961379041602832,0.5951620260650918,0.5937958889087177,0.5920007788035629,0.5897512228739421,0.587048536016284,0.5762964173198786,0.5581119730496782,0.5503607683491178,0.5478091859816586,0.5466512315484015,0.5473006175600401,0.5540668619409237,0.5730469073432918,0.6063187376803898,0.6013854426884461,0.5983872379905085,0.5922357302427482,0.589598626566241,0.5855962370139393,0.5838656337730312,0.5826237519109526,0.5820287145161332,0.5820838349576748,0.5828007832462656,0.5849455495214869,0.5858868556569048,0.5864603764875237,0.586532495595381,0.5860600077170356,0.5850377676124414,0.5835338996693643,0.5795913660070569,0.5778406388614938,0.5761317822288999,0.5760114933584508,0.575909238602361,0.5755525861326903,0.5752427158659316,0.5752063667227943,0.5756291898935392,0.5783583183191332,0.5829521819073863,0.601003835835743,0.6210608698277675,0.6241769390316033,0.624514338680994,0.6245065216046233,0.624212508953219,0.6236837865379968,0.6229869964530514,0.6221874231994277,0.6203181902519328,0.6192895505395797,0.6181965353116314,0.6019723494058832,0.5967864058158431,0.5809328438164151,0.3044500088759369,0.25205413072681887,0.08530845470667853,0.032932336320666424,0.20882015508913063,0.22219651643877786,0.2469809021235571,0.29663507843598114,0.30401988446479083,0.33518410712486235,0.3392845519422956,0.3441590476586806,0.3499018850020249,0.3566299219720287,0.40230875593711835,0.4108859096553678,0.4280823224268627,0.4746843137316659,0.4929350772784332,0.4976913357710619,0.5053480826015581,0.5154921000216863,0.5188748302580981,0.5256958028236904,0.5292674140747233,0.5371057392785263,0.5504873941643177,0.561216542163051,0.5734779914638027,0.6068814035525532,0.6282244128128129,0.6356062385355729,0.6431977257296331,0.6509787265187507,0.6589160982719703,0.6669233191532833,0.6831325891854265,0.7004958383986996,0.709947116797537,0.7196683284244196,0.738860865986254,0.7479415945385537,0.7575863051026703,0.7682390078285704,0.9346607446569382,0.9393351919300974,0.9594238536254647,0.9626869754570908,0.9685307642380906,0.9738728653976616,0.9765161939488353,0.9788460937157567,0.9809618121370718,0.9829895516192125,0.9848227433161044,0.9866390516969497,0.9884390265109717,0.9899837325816381,0.9913296264052802,0.9926667077675432,0.994005773800308,0.9949518517206608,0.9959480601960717,0.9967093990685973,0.9974800556996357,0.9981791732793364,0.9988505858764976,0.9993572671559116,0.9996589867282617,0.9998704590165542,,,,,,,,,,,,,,,,,,,,,,,,,,,,,,,,,,,,,,,,,,,,,,
879,0.6557055184043523,0.6442884176869214,0.6342120867527706,0.6262844479866448,0.6209884112329146,0.6134430027425505,0.6040725394004753,0.6028260742280739,0.6017894693090868,0.6009502503721719,0.6002794190079955,0.5997474377338362,0.5993182717005043,0.5989517712766266,0.5986113894704741,0.5977692613098933,0.5970998722064316,0.5961308183670557,0.5947736480897751,0.5929896839120062,0.5907533843369696,0.5880657673166727,0.5773668856856713,0.5592568937486226,0.5515371784943484,0.54899820584726,0.547849494597921,0.5485036092940316,0.5552626139504012,0.5741633534572983,0.6071723096613882,0.6022039239361373,0.5992194835112533,0.5931156944000388,0.5905084986806884,0.5865616956947786,0.5848484506811817,0.5836146282590541,0.583018600155066,0.5830669349940388,0.5837744785570144,0.5858960169214272,0.5868300089945497,0.5874027785349053,0.5874820000900385,0.5870238299712851,0.5860182839647443,0.5845299112003586,0.5806145394066367,0.578871720692268,0.5771603647295401,0.5770281831402887,0.5769115317832613,0.5765407734252833,0.5762167035184524,0.5761668237845236,0.5765771593712041,0.5792860533337463,0.5838694098327517,0.6018862912082203,0.62187034772484,0.6249609393090698,0.6252912772830915,0.6252767391041993,0.6249762763535961,0.6244412768781531,0.6237386190869704,0.6229337154420687,0.6210545820653909,0.6200214990186226,0.6189244142126218,0.6026721670614525,0.597484594331408,0.5816312838695897,0.30641508318797983,0.25430838820884144,0.08842276699385329,0.03630575957408904,0.20422830246848137,0.2175358013847676,0.24218903623301022,0.29160378266193193,0.298959429744735,0.33001990794718766,0.3341076187045589,0.3389670110892228,0.34469188704567455,0.35140003047157903,0.39700189628969346,0.40556310772234294,0.4227449459077346,0.46935399768278946,0.4876316370567665,0.49239884870003814,0.5000792796908617,0.5102622324903191,0.5136584211707411,0.5205064768983984,0.5240920866832971,0.5319617595792758,0.545405083888901,0.556185275046043,0.5685056710580598,0.6020846989938824,0.6235545386969705,0.6309825340335204,0.6386221758480568,0.6464534856104961,0.6544432551631912,0.6625043819490051,0.6788250018104249,0.6963020042829574,0.7058098388476,0.7155886984971537,0.7349067796069771,0.744058062579253,0.7537710626817254,0.764485244490244,0.9322561495304676,0.9370045794606475,0.9575355398522621,0.9608809742245052,0.9668537176135308,0.9723410536243039,0.9750969282627452,0.9775152098961404,0.9796698289026677,0.9817068879598538,0.983539575870074,0.9853961227598543,0.9873026018170361,0.9889601761175276,0.9903853336163858,0.9917541759353523,0.9930838986010582,0.9940836335954032,0.995230475023932,0.9961148442730613,0.996937351157816,0.9976669969351811,0.9983396340229408,0.9988145089918651,0.9991107135488615,0.9994384431345922,0.9998361617141622,,,,,,,,,,,,,,,,,,,,,,,,,,,,,,,,,,,,,,,,,,,,,
880,0.6567667960899647,0.6453787614429366,0.6353352038473299,0.6274336935399725,0.6221536735228783,0.614627077512534,0.6052604223943407,0.6040099768001049,0.6029679687181765,0.6021221231186958,0.6014437889008744,0.6009037011065191,0.600465958474677,0.6000904970851935,0.5997407078340504,0.5988786768654978,0.598199235398837,0.5972202396531743,0.5958533836866399,0.5940599863109757,0.5918145277066399,0.5891181682630574,0.578394888287991,0.5602504012241736,0.5525189656688935,0.5499784238442831,0.5488322106055801,0.5494941519856235,0.556284498052128,0.5752559741103104,0.6083829795743914,0.6034148490421277,0.6004257023721439,0.5943087182894453,0.5916930762425359,0.5877224553231435,0.5859908502487713,0.5847349561648673,0.5841140951576603,0.5841363347548701,0.5848182937968605,0.5868922499122857,0.5878075201474244,0.5883668286319231,0.5884381001339936,0.5879771663429637,0.5869721066646638,0.585485969007376,0.5815807304967465,0.5798447056741087,0.5781472874720428,0.5780203625074276,0.5779082978773497,0.5775416970276456,0.5772210918665669,0.5771741544121803,0.5775869807251816,0.5802993656237698,0.5848824304676054,0.6028717855408314,0.6228412504176246,0.6259473036454425,0.6262866581335644,0.6262832244630603,0.6259951876901846,0.6254730091605853,0.62478226357639,0.6239872180117217,0.6221209151313589,0.6210908216748569,0.6199946112669316,0.603659778124893,0.5984488720798004,0.5825376095637732,0.3090730961771598,0.25744061656614625,0.09290138225838306,0.041169714793028604,0.19774031695331162,0.21096531025929638,0.23546559510793702,0.2846172796480026,0.29194554743219714,0.3229685344115903,0.32705400126970824,0.3319071009806731,0.3376210173808229,0.34431426554139827,0.38984391874978097,0.39839243337363844,0.4155646749480941,0.46220538156036006,0.48052851120380297,0.48531478273535167,0.4930372625058432,0.5032849764894617,0.50670210051677,0.5135909156940803,0.5171965155984688,0.5251068904120717,0.538619144696456,0.5494502824457352,0.5618262036671081,0.5955707382836074,0.6171663768073081,0.6246423296083878,0.6323332443681358,0.6402190806341282,0.6482661831950476,0.6563863300764724,0.6728299845821956,0.6904441778556223,0.700028756524644,0.7098888991877792,0.7293723600652753,0.738603328059246,0.7483959535157572,0.7591948068036654,0.9290017865099983,0.933858358146276,0.9549697392356388,0.9584175658398477,0.9645648978734096,0.9702564280938678,0.9731404757550843,0.9756705901075403,0.9779006764488493,0.9799872370542188,0.9818580006723585,0.9837808476342262,0.9857946156356691,0.9875385223169071,0.9890140900045039,0.9904575607733767,0.9918951453975966,0.9929985489394147,0.9942386965434304,0.9952108923714943,0.9961041720982866,0.9968813272543914,0.9975826096465804,0.9980798658986841,0.9984156881608629,0.9988381060794109,0.9994150697893268,0.9998478377353727,,,,,,,,,,,,,,,,,,,,,,,,,,,,,,,,,,,,,,,,,,,,
882,0.6588787856304523,0.6478081310069655,0.6381639392632997,0.6305979975130508,0.6255330002306181,0.6182876264487677,0.6091454595841573,0.6078930395882755,0.6068335372572282,0.6059562403000021,0.605235422604984,0.6046440871446922,0.6041466715305278,0.6037031403772665,0.6032758899781309,0.6022301056847815,0.6014467327094504,0.6003557922260999,0.5988694814982106,0.5969492112357083,0.5945701356295743,0.5917358625123441,0.5805812036577799,0.5618361384867864,0.5538657306575225,0.5512480490792117,0.5500664914080134,0.5507486037033528,0.5577581878976715,0.5775082520098824,0.612460288949207,0.6074916145938468,0.6043521308212244,0.5978086655190135,0.5949409540029345,0.5904601888268675,0.5884964986843187,0.5870408757565875,0.58625734847847,0.5861454285399527,0.5867153046559063,0.5886216174889615,0.5894649172674319,0.5899508653760936,0.5899411637629229,0.5893925352623556,0.5883067922769375,0.5867568637793087,0.5827801641564956,0.581051985140173,0.5794779074263957,0.5794600565349564,0.5794634115691623,0.5792022718045485,0.5789765961043479,0.5790091748928344,0.5794818401085824,0.5822383912733884,0.5867306899656936,0.604168777367175,0.6234587409190643,0.626494729384236,0.6268591837697242,0.6269081610695223,0.6266953022936926,0.6262641777485366,0.6256667676526753,0.6249568636361277,0.6232380749765052,0.6222746876670525,0.6212455661811236,0.6052220005650548,0.6000276582413182,0.584097745147345,0.3215809790270966,0.27232498024830154,0.11384241640697061,0.06356237953250721,0.17121512419053372,0.18432569419623096,0.208651023724288,0.2576786787609914,0.26502279110657756,0.2962610702594319,0.30037133561575186,0.30524578992630635,0.3109791072007329,0.3176906413289328,0.3633233720668211,0.3719044136970377,0.3891299487437526,0.43600320992909086,0.4544825713728191,0.4593217512607558,0.4671466134637574,0.47754258335467537,0.4810076464250702,0.4879941994387987,0.4916504468627591,0.49966584171948036,0.5133425682894374,0.524298098076335,0.5368169120570281,0.5710149340798985,0.5929789307153464,0.6005996850429881,0.6084480364675877,0.6165032394957994,0.6247301294588781,0.6330373269558948,0.6498791162678291,0.667957709609897,0.6778125195169238,0.6879630069965714,0.708031796806343,0.7175442090984452,0.7276554637655155,0.738826176126735,0.9177551513889219,0.9230052653553188,0.9459490425967846,0.949727856707138,0.9565160557883549,0.9628498166148844,0.9660217664297471,0.9688449416061562,0.9713837375349503,0.9737929477318241,0.9760179885147376,0.9783470363444109,0.980727273536548,0.9825323339592773,0.98384861808237,0.9856337004690661,0.9880033789378626,0.9896135077250098,0.9906963026873449,0.9917078919476691,0.9929968500613314,0.9941261105015414,0.9951977128003542,0.9962021313675365,0.9970068304947032,0.9976121915392593,0.9980527984663684,0.9983212386459935,0.9986440047563341,,,,,,,,,,,,,,,,,,,,,,,,,,,,,,,,,,,,,,,,,,,
883,0.6588236421928407,0.6479518363039388,0.6384926758166043,0.6310696618108661,0.6260957581813772,0.6189734251685968,0.6099700515728487,0.6087331821915133,0.6076852654087348,0.60681601630933,0.6061004380508466,0.6055121864832268,0.6050160067765548,0.6045721676245109,0.6041432395819288,0.6030917235561405,0.6023059288029605,0.6012138092471057,0.5997282409096223,0.5978108748377935,0.5954370404575094,0.5926105666342958,0.5814926564166167,0.5628013371239181,0.5548518132517632,0.5522415807152574,0.5510639625982962,0.5517455023302902,0.5587385198824827,0.5784139440941265,0.6131034054759633,0.6080042677723854,0.6048321693185924,0.5982240701381857,0.5953258214965098,0.5907952122403995,0.5888159865896685,0.5873512895294056,0.5865642788221416,0.586452384131095,0.5870238254621075,0.5889371941203451,0.5897841832494263,0.5902729393705809,0.5902639757933357,0.589713512650248,0.5886244762627889,0.5870706241823204,0.5830869866268497,0.5813587538846315,0.5797957049263903,0.5797876529543955,0.5798003591519729,0.5795455315650863,0.579322286948859,0.579351575923292,0.579812595843793,0.5825141993899694,0.5869065962908082,0.603964008100313,0.6226359756914828,0.625499969309109,0.6258307820513667,0.6258582384441399,0.6256358167546939,0.6252058726308906,0.6246171157268547,0.6239211206032788,0.6222459803276869,0.6213145207552213,0.6203260580413427,0.6047585535954345,0.5996534942462509,0.5839263859416768,0.3266138299551039,0.2782759243812752,0.12205731947845729,0.07227334038875846,0.16155700012221672,0.17467260967061943,0.19901992729353454,0.24813366916018417,0.25549491087523707,0.28679089029159194,0.2909001656999054,0.29577392590351936,0.30150761514153546,0.308221335527513,0.3539037170529102,0.36249511263386,0.3797338543681076,0.4266273490609399,0.44510526162402186,0.44993785873452,0.45774174693746594,0.4681099086833282,0.4715686587449418,0.47854670898062407,0.4822010261839544,0.4902169985826224,0.5038981722960567,0.5148674514184293,0.5274145164843248,0.5617462994909369,0.5838396653360265,0.5915156773633049,0.599427229599195,0.6075524482284118,0.6158544754176323,0.6242390235382852,0.6412424251089839,0.6595211516913577,0.6695013197291856,0.67978716186595,0.7001026298805817,0.7097131900470822,0.7199549819771589,0.7313017595486633,0.9134209850413816,0.9187899711693812,0.9423323860821899,0.9462145140497987,0.9531561990571636,0.9596816954252646,0.9630038045833086,0.965970548634514,0.968615728645476,0.9710924568277127,0.9733705193602646,0.9758394008520418,0.9784433971151237,0.9803363677145172,0.9815837737134017,0.9834468633719918,0.9860857033580396,0.9878492679958292,0.9889201131456954,0.9899772576229866,0.9913982838077574,0.9926631965873506,0.9938940932803875,0.9950891059151754,0.996060774900342,0.9967434652070386,0.9971493675833197,0.9973295398884813,0.9976206541203128,0.9997310825800562,,,,,,,,,,,,,,,,,,,,,,,,,,,,,,,,,,,,,,,,,,
884,0.6586266620799546,0.6478635294006442,0.6384372522186185,0.6310211134801911,0.6260501074646784,0.6189355085436156,0.6099892200067352,0.6087734142262227,0.6077499322470564,0.6069081775609724,0.606222477452227,0.6056661188735,0.6052042412415741,0.604797712612092,0.6044101391719686,0.6034574043511651,0.6027306143829424,0.6017058322476246,0.6002969543105495,0.5984660342401328,0.596188260267259,0.5934661317057541,0.5827013053582547,0.5645134759460906,0.5567661640402859,0.5542235654769099,0.5530789790545143,0.5537474046907701,0.5605632354089222,0.5795812138528424,0.6125803506476547,0.6073072354604527,0.604199985706032,0.5978063070587287,0.5950408312117593,0.5907850415306862,0.5889351103671886,0.5875820733588296,0.5868845556897624,0.5868436428406061,0.587470100608096,0.5894580892530175,0.5903378368410263,0.5908639350804255,0.5909000133237159,0.5904007814664445,0.5893600152848024,0.5878445697012106,0.5839077084009636,0.5821786172648178,0.5805514360433581,0.5804820527499982,0.5804285868464347,0.5801114448314392,0.5798278501457265,0.5797989407916013,0.5802025342871553,0.5827917729888367,0.5870956659023653,0.603937904694353,0.6221418070449591,0.6248048978832424,0.625073328582807,0.6250394534067522,0.6247590285704196,0.6242766914695653,0.623644709504273,0.6229176722893855,0.6212152014402933,0.620287295385122,0.619313151712226,0.6041412220366458,0.5991414133841313,0.5836989309026923,0.32774559972076406,0.2794585898381653,0.12332984269990177,0.07352868302866213,0.16083463011393778,0.1739963166321643,0.19842359156818748,0.24763889880203574,0.25500644931402433,0.28625758041266414,0.29034986554417497,0.29520648263756,0.3009226438829276,0.3076197023812518,0.35327373456005157,0.36184948741318024,0.37906396210902726,0.4258319987711998,0.4442220752207645,0.4490177217733698,0.4567405022222232,0.4669992714738935,0.47042713785397866,0.47734826478889686,0.4809763951108083,0.48894480578279587,0.5025589398588105,0.5134921109111992,0.5260149853203737,0.5603348151446697,0.58244670115387,0.5901368270689635,0.5980687276935527,0.6062188894086757,0.6145480953826522,0.6229583114807004,0.6400078574629534,0.6583624140534753,0.6684052385673425,0.678760285862582,0.6991641595629762,0.708774913792676,0.7190499483398134,0.7304815543885592,0.912751922232664,0.918105220286803,0.941673748805283,0.9455518416526717,0.9523970248457655,0.9589027253624264,0.9623405810281129,0.9653992593305453,0.9680465368071677,0.9704453325408124,0.9725975703492337,0.9750463931629352,0.9778013793789537,0.9798406042140051,0.9811330079695647,0.982930452226308,0.9854039147358851,0.9871224312044208,0.98835326338641,0.9895147847655993,0.9909108340372839,0.9921744798716304,0.9934187368519612,0.9945724999408124,0.9955018359125908,0.9962462339860269,0.9968258948693034,0.9971695894801871,0.9974881022614903,0.9989380303647112,0.9994999489100296,,,,,,,,,,,,,,,,,,,,,,,,,,,,,,,,,,,,,,,,,
885,0.660324878680046,0.6495781644466947,0.6401783556927304,0.6327840347897817,0.6278255808024149,0.620722047898161,0.611747628380446,0.6105175554040702,0.6094768468511235,0.6086149813154278,0.607906574357995,0.6073252370393667,0.6068365760081328,0.6064020261345643,0.6059857678320586,0.6049772701858356,0.6042258749529642,0.6031806974119713,0.6017569358787203,0.5999171808932061,0.5976369039334674,0.5949184360906736,0.5841993935570214,0.5661251666145458,0.5584308738827657,0.5559046474573832,0.5547634773801793,0.555416581388774,0.5621422903127402,0.5809487774761598,0.6135664847434277,0.6084448491492165,0.6054058964943902,0.5991398124339767,0.5964219482955744,0.5922182262461584,0.5903784279387516,0.5890199296493805,0.5882993389390334,0.5882184612408008,0.5887889722352514,0.5906453715252622,0.5914627108277156,0.5919366290541177,0.5919334303241863,0.5914084056885343,0.5903543186016242,0.5888357757645294,0.5849159805741051,0.5831942123327568,0.5815546594783768,0.5814683876655616,0.5814009089600383,0.5810789539756158,0.5807952895796571,0.5807686072954297,0.581175210337726,0.5837677132423298,0.5880814505991484,0.6049348687744505,0.6232549913764613,0.6259634075046463,0.626243842453137,0.6262221890844101,0.6259531122037937,0.6254807193757109,0.6248569733564899,0.624135624265596,0.6224359333545637,0.621502353374672,0.6205159915295275,0.6051273365226796,0.6000942893444267,0.5846266472530657,0.32856974449977755,0.2803923061936686,0.12461535453904243,0.07491293517908092,0.15931244702376682,0.17247995449399112,0.1969243988657578,0.24621469601093926,0.25360089375548694,0.2849861017819168,0.28908818179527546,0.29394952475307284,0.29966495591177295,0.306356630044215,0.35195643944614147,0.36050577671852596,0.3776720628765512,0.42426259208226724,0.4425864635031532,0.44736350537974323,0.45505463655844597,0.46527766583838315,0.4686951417123756,0.4755970363180742,0.4792156384408077,0.48716298232896604,0.5007341948318942,0.5116289806703463,0.5241071645683273,0.5583199165926888,0.5803699682665763,0.5880424018958298,0.5959590598747821,0.6040951429468616,0.612409624829438,0.6208020870350148,0.6378091203079121,0.6561474246408282,0.6662064185731278,0.6765856826940452,0.6969989207986724,0.7065760247877477,0.716846753784978,0.7283271496641325,0.9117020593060223,0.917086452307851,0.9407050003650657,0.9445901532965159,0.9514489239100515,0.9579799378342713,0.9614299562240186,0.9645046524840076,0.9671813378279334,0.9696436881636782,0.9718767690712357,0.9743344023444294,0.9770181784965412,0.9790462810909754,0.9804167592483831,0.9822458223157031,0.9846861233154508,0.9864102430486765,0.9876883335618574,0.9888741336891335,0.9902737823930684,0.9915570311672082,0.9928361545641863,0.994022987380383,0.9949919220588541,0.9958074199422764,0.9964917782375081,0.9969489976359521,0.9973368448143588,0.9984758921893453,0.998955099027842,0.9997028300443495,,,,,,,,,,,,,,,,,,,,,,,,,,,,,,,,,,,,,,,,
886,0.6625524936289844,0.6517744046110973,0.6424597973994378,0.6351597095632157,0.6302613027898146,0.6232231196081366,0.6141820836515209,0.6129041823280431,0.6118038362363319,0.6108712624519964,0.6100828267220421,0.6094134861841985,0.6088292669624384,0.6082918949040839,0.6077651596266418,0.6065142479840159,0.6056337202905913,0.6044553906514483,0.6028956064887633,0.6009174452824085,0.5984971734720927,0.5956388258551365,0.5845102735508543,0.565941046037819,0.5580642102970117,0.5554767676270957,0.5543005776606261,0.5549508858912692,0.5617791447384208,0.5811603161958772,0.6155157870812169,0.6108922902167895,0.6078737370967955,0.6015078079156458,0.5986734339947154,0.5941462915174427,0.5921287410997742,0.5905906590324673,0.5896915340486408,0.5894289850845105,0.5898125918424862,0.5913134579470654,0.5919676999414638,0.5922920552348888,0.5921529005235479,0.591508531376182,0.5903628997886519,0.5887863212592424,0.5848390540901103,0.5831383012051812,0.581585656025838,0.5815665281422037,0.5815780774331409,0.5813451839982035,0.5811547702073683,0.5812201465921834,0.5817159294648402,0.5844661639649706,0.5888976558549518,0.6059576389919976,0.6249778831673003,0.6280151893212528,0.628401130005517,0.6284880907885256,0.628325149970762,0.6279515312633679,0.6274121679536258,0.6267539558523233,0.6251178540005712,0.6241807018358904,0.6231656305316693,0.6069575578553303,0.6017409156558448,0.5858807567615556,0.32998789056576894,0.28239398141905436,0.12834712185710712,0.07915687473573063,0.15319041854229587,0.16627743540569617,0.19059377385299806,0.2397933457214916,0.24719392077283817,0.2788526994348506,0.2829902866766077,0.28787666793893363,0.29360619140141925,0.3003010765783117,0.34579834686550365,0.3543126967241831,0.37140900322906656,0.41781255838952636,0.4361307863702148,0.4409236632027609,0.44866766388774215,0.458979291425533,0.46242248710731976,0.46937352211095185,0.4730143375269144,0.4809961967459205,0.494590389776583,0.5054708863758965,0.517908819897298,0.5519797745681212,0.5739276937276522,0.5815646807682092,0.5894446478420067,0.5975419941356624,0.6058146074206515,0.6141613146132642,0.6310706570471412,0.6493368212269736,0.6593845242401836,0.6697634642712567,0.6901543655629219,0.6996908440896337,0.7099434946480279,0.7214582076793532,0.9078973396377513,0.9134133375948293,0.9373277149421935,0.9412740258724049,0.9483686362422731,0.9550616430279437,0.9584250830743513,0.9614522835375445,0.9642281567815505,0.9669706445469276,0.9695902553457617,0.9721501393404354,0.9745396652367619,0.976377940892287,0.9778580519386261,0.9798909858374028,0.9825849421881012,0.9844445405001269,0.9856117642740626,0.986730735075084,0.9882245632032832,0.9895986148931759,0.9909802712085016,0.9923487924006769,0.9935076485186205,0.9944083030150268,0.995064193943977,0.99552226239702,0.9960347264001177,0.9976871483449556,0.9977382788717623,0.9976687534709203,0.9987415107899017,,,,,,,,,,,,,,,,,,,,,,,,,,,,,,,,,,,,,,,
887,0.6596368581137397,0.6489638651428153,0.6398039592410402,0.6326390110132032,0.6278283687551498,0.6209027607885376,0.6119314624265303,0.6106447879475201,0.6095280417892366,0.6085720135719336,0.607754207740728,0.6070503730380212,0.6064265452375602,0.6058442150901213,0.6052663216038137,0.6038924358659573,0.6029400440831634,0.60168207768781,0.6000346046353362,0.5979605950236261,0.5954367124907531,0.5924685483324016,0.5809828688456823,0.5619233027784686,0.553864810840597,0.5512256573758718,0.550035915937087,0.5507223759773375,0.5577834512048552,0.5779547350586139,0.6142978024948517,0.6099133814070686,0.6068293400932732,0.6002251532514683,0.5972349674645433,0.5923678947669929,0.5901806854117833,0.5884864885073399,0.5874501261974315,0.587066277933772,0.5873434008514097,0.5886736748007455,0.5892567126834117,0.5895151950045405,0.5893126386636015,0.5886086813282687,0.5874154897491801,0.5858090020120754,0.5818546039779992,0.58018256145031,0.5787564525030343,0.5788305668769693,0.5789409073856082,0.5788035021961458,0.5787048728969445,0.5788563091412227,0.5794320457865839,0.5823177544497246,0.586828235143023,0.6039649249714317,0.6233187635600959,0.6265581307118764,0.6270173262727559,0.6271830980532606,0.6271005667117611,0.6268048147467299,0.6263341247324072,0.6257297617420307,0.6241598112024879,0.6232357317846293,0.622222047662329,0.6057086242948984,0.6004052949257355,0.584303971011241,0.3314446008008329,0.28480471769448956,0.1334512836595761,0.08501660943101574,0.14477559618046215,0.15775831034858495,0.18188626325808321,0.23077534924346235,0.23814145718342017,0.269773427934057,0.27391285842674734,0.2787958540693732,0.28451618965382275,0.2911963854044529,0.33659565685685955,0.34508891307050177,0.36214682807703064,0.40849527222605736,0.4268611342437175,0.4316822225418509,0.4394969809042528,0.4499253430422253,0.45340639165313307,0.4604342368456461,0.4641132216152174,0.47216670630393315,0.48584987433052745,0.4967730113949127,0.5092400696583829,0.543366889946589,0.5653410067861916,0.5729877193587611,0.58087825136624,0.5889855969087843,0.5972658239905513,0.6056157039420667,0.622522603888957,0.6408177358016872,0.6509101066317663,0.6613452677320265,0.681808716541007,0.6913361355208145,0.70160346334228,0.7131910677237547,0.9026349161237647,0.9082890913929598,0.9326093933939322,0.9366386723463387,0.9440002019646025,0.9508938600199468,0.9542189821533239,0.9572353608359165,0.9601228337513465,0.9631505228011631,0.9661677610648226,0.9688730000172529,0.9710587530951124,0.9728162122784549,0.9744982065064585,0.9767619995545846,0.9796701077071301,0.9816782815282696,0.9828396155350054,0.9839767403807623,0.9855995465338927,0.9870947291500076,0.988591025899049,0.990121811698945,0.9914444179705663,0.9924298342132345,0.9930866411765403,0.9935584212840688,0.9941607309890279,0.996174123793535,0.9960020415865644,0.9954303724083395,0.9968050626025745,0.9993993927972047,,,,,,,,,,,,,,,,,,,,,,,,,,,,,,,,,,,,,,
888,0.6527163178211597,0.6422885796504102,0.6333311513901767,0.6263185014259938,0.621607453878808,0.6148226100340088,0.6060627737748787,0.6048149624578474,0.6037362854744501,0.6028178477798463,0.6020374012300637,0.6013707468505313,0.6007835126289397,0.6002364723114453,0.599691469418715,0.5983708740652579,0.5974358072847626,0.5961860305881371,0.5945358444043841,0.5924474493818102,0.5898972927642506,0.5868918471641398,0.5752336181641392,0.5558540083603121,0.5476728284759839,0.5450082896252503,0.543832038372819,0.5445850478358849,0.5519449965275451,0.5728538268337059,0.6106678834602566,0.6060628562466027,0.602818995927589,0.5958700486826491,0.5927224129800988,0.5876028259858128,0.585311728805572,0.5835426005662208,0.582466504463945,0.5820773533353477,0.5823837437285598,0.5838299688881785,0.5844795790358597,0.5847981504693395,0.5846433280439046,0.5839731988541831,0.5828012321911217,0.5812066785306645,0.5772639921722871,0.5756157556017459,0.5743139287415969,0.5744776629556294,0.5746728584467848,0.5746005451885744,0.5745537094241749,0.5747462770877749,0.5753532924649176,0.5782741156527204,0.5827527635973421,0.5996584721816982,0.6185732119539467,0.621725245795502,0.6221785879674695,0.6223486670567014,0.6222800990981656,0.6220059109361337,0.6215597124185879,0.6209800854783608,0.6194643127443291,0.618576712262993,0.617611309369905,0.6016470808221585,0.5964267920948081,0.5803968399932982,0.3342116945681257,0.2888479084625759,0.14088264167373254,0.09331481912523547,0.13400463131224694,0.14690665126367972,0.1708740643315922,0.21938012199966078,0.22667869534612245,0.25798527883472394,0.26209002562076616,0.266942137248439,0.27263528578580176,0.279292900997653,0.32470387336705236,0.33321325411365355,0.3503092109077162,0.39684159043029976,0.4153201810015121,0.4201764362682724,0.4280574085972267,0.4385925210958839,0.44211273792858663,0.44922512231762896,0.45294981134366663,0.46110082172602807,0.47493677986246696,0.48597420850485373,0.4985697483359681,0.5330628251756848,0.5552816764069084,0.5630173559745971,0.5710023472569337,0.5792075908916655,0.5875864863766427,0.5960318491615366,0.6131221728393091,0.6316411525567244,0.6418807508512722,0.6524748569942749,0.6731992082820215,0.6827989517272821,0.6931674110791921,0.704917816374961,0.8973793697001764,0.9031752783637823,0.9281015435707389,0.9322428278538869,0.9398628448947801,0.9470059974667808,0.9504284835675593,0.953542759353028,0.9565580256764049,0.9597896567274511,0.9630732140212013,0.9659585591257479,0.968201817719584,0.9700719693670002,0.9719687601999969,0.97443213723934,0.9775070594845421,0.979668414507538,0.9809489430035904,0.9822132764556146,0.9839977650671505,0.9856472949828511,0.9872816612252526,0.9889538035987978,0.9904046872104134,0.991471331690687,0.9921557024323493,0.9926254610149041,0.9932313975833641,0.9954995785972753,0.9955911063180316,0.9951781627839553,0.9961674085208438,0.9980648641334524,0.9991445642300139,,,,,,,,,,,,,,,,,,,,,,,,,,,,,,,,,,,,,
889,0.6519359181867098,0.6415324874255038,0.632615163052751,0.625638295404425,0.6209502990719481,0.6141946819353338,0.6054527404831443,0.6042032889414962,0.6031216443720171,0.6021993746944576,0.6014149272420611,0.6007445986193254,0.6001540378473171,0.5996038749735214,0.5990554771861628,0.5977256835840832,0.5967843536962345,0.5955263545588572,0.5938655100175053,0.5917636692532589,0.5891971378798886,0.5861728043145291,0.5744421662361612,0.5549260590711432,0.5466804099035936,0.5439938613563262,0.5428078674690091,0.5435690833862522,0.5510008054241706,0.5720502101064253,0.6100334996817045,0.6051727017404145,0.6018371192988583,0.5947158363422317,0.5914987928559752,0.5862817743638082,0.5839544196239304,0.5821619049880465,0.5810773086924013,0.5806944163000165,0.5810221242265773,0.5825336070924093,0.5832199029971589,0.5835733884414244,0.5834485624177053,0.5828016045020824,0.5816436532382879,0.5800534695180217,0.5761010451982335,0.5744508912704251,0.5731722180199723,0.573354457219181,0.5735628186411342,0.573491483071946,0.5734367017401373,0.5736139304504558,0.5741979465453205,0.5770504815024035,0.5814185081459631,0.5979274021858408,0.6161526883676463,0.6191127153369728,0.6195271600179914,0.6196693763222233,0.6195841999767158,0.6193035013062953,0.6188579500597072,0.6182845129883643,0.6167980766131023,0.6159379661443775,0.6150119457436214,0.5995218178748475,0.5943807173725189,0.57847239544119,0.3373449287592123,0.2928879343658367,0.14728016393688004,0.100273648143071,0.12541237231703187,0.13825847649810166,0.1621290718516388,0.21044755446009608,0.21771761231142348,0.24889128355460235,0.25298125767610835,0.25781981215823757,0.2635010779064447,0.2701492867625921,0.3155821397068909,0.3241047008682604,0.34123182996367485,0.3878891617771874,0.40641850523890316,0.4112860726670685,0.4191817985458634,0.4297374210851914,0.4332664782601053,0.4403998523890256,0.444137599761884,0.4523225471806789,0.4662313785929298,0.47734001851707625,0.4900283271020565,0.5248203209629092,0.5472615167611979,0.5550792939880681,0.5631509280532447,0.5714463326876659,0.5799174581173163,0.5884545957576143,0.6057279400550121,0.6244565537362055,0.6348219541094487,0.6455498623115113,0.6665172635100187,0.6762123883029356,0.6866984334515268,0.6986015981989017,0.8935557045679013,0.8994810435026602,0.9250297144880588,0.9292638243847412,0.9370531764242831,0.9444453455328615,0.9480645754476841,0.9513636378648214,0.9545046801096595,0.9577813324534669,0.9610563684572115,0.9640328098335949,0.9664970917315628,0.9684891177875862,0.9703673618117874,0.9729057517237248,0.9761744101119334,0.9784557585619331,0.9797661464412997,0.9810953851054356,0.9829892359806163,0.9847448852475318,0.9864936830872603,0.9883006903300903,0.9898783756475423,0.9910164430852628,0.9917046468886749,0.9921581291240019,0.9927913875830767,0.9955696762884432,0.9960241541550773,0.9957890695562509,0.9965013772844765,0.9977198230420009,0.9984705172789625,0.9996940988163834,,,,,,,,,,,,,,,,,,,,,,,,,,,,,,,,,,,,
890,0.6595586030467437,0.6489330248918607,0.6398406664187252,0.6327320399150723,0.6279550330216273,0.6210652207590235,0.6120769084125256,0.6107748549230901,0.609639955542266,0.6086641242179113,0.6078265629375108,0.607104308202177,0.6064638251965361,0.6058667157046936,0.60527529921293,0.6038769833647957,0.6029141120970507,0.6016461925765055,0.599988970588244,0.5979048278425975,0.5953700637318533,0.5923906996389339,0.5808624235002449,0.5616771339851389,0.5535395837983943,0.5508677657914397,0.5496566472784697,0.5503409392428373,0.5574530202442916,0.5775656381917162,0.6133306321639382,0.6082020635575303,0.6049218870640566,0.597996007982442,0.594898774415694,0.5899248448372282,0.5877129991115284,0.5860182399343318,0.5850077982576652,0.5846774329909821,0.5850368667716075,0.5865675522573207,0.5872550333277764,0.5876121836024649,0.5874965440420871,0.5868628402965991,0.5857144516857262,0.5841238663700031,0.5801387900573016,0.5784458101383939,0.577013061218995,0.5770878557701068,0.5771841615111137,0.577005419034723,0.5768452846217126,0.576918683585483,0.5773984536542461,0.5800401930888949,0.5842177637506294,0.6002520695578022,0.6176637434023073,0.6203257057671208,0.6206563007602367,0.6207208017014281,0.6205661427078177,0.6202257917483206,0.6197326403450163,0.6191255626303335,0.6176087692020158,0.6167509177156026,0.6158376070650358,0.6006496809971266,0.59558761496924,0.5799208233348196,0.3397057208631938,0.29521498586171263,0.14944217682088892,0.1023027416947795,0.12376600384298334,0.13661925562349425,0.16052416632171396,0.20896647834548954,0.2162604765588489,0.2474996395355584,0.2515886977766741,0.2564241373303304,0.26210099849455526,0.2687442701030478,0.31414453242254464,0.32265695288728724,0.339770745854743,0.3863426340429938,0.40476266184913123,0.40958230889193353,0.417368429551754,0.4277488148678244,0.43122055121192365,0.4382392126780894,0.4419212267907009,0.4500060724304098,0.46381173620545235,0.47488976061967786,0.48757950858995525,0.5224660687766877,0.5450228457937868,0.5528852757545304,0.5610031292836137,0.569346935174422,0.5778691726997676,0.5864599616425161,0.6038461896940363,0.622680999279295,0.6330915394050434,0.6438631923152731,0.6649416232744219,0.6747166449120653,0.6852868372179948,0.697259977449008,0.8927475310865776,0.8987208666548504,0.9246706101299433,0.9289343110643165,0.9366904716813151,0.9442196381046459,0.9481075119223353,0.9516431056154069,0.9548450099308052,0.9579066383440128,0.9607723526815088,0.9636804261973781,0.9665387160317858,0.9686546724492029,0.970215308464043,0.972603858279616,0.9759685790960891,0.9782573066099288,0.9795073183623312,0.980820001430005,0.9827000422807279,0.984446889736571,0.9862217561120737,0.9880730410782326,0.9896990752960017,0.9908741606723573,0.9915787192010286,0.9920544533358568,0.9927531020779256,0.9959732947143962,0.9967579209991301,0.9967886103511572,0.9975338679636729,0.9982927623020617,0.9977400151947048,0.9974190459603183,0.9983680032605126,,,,,,,,,,,,,,,,,,,,,,,,,,,,,,,,,,,
891,0.6645737406510659,0.6540061898556389,0.6448351633064422,0.6376220974460246,0.6327678190395074,0.6257631370426082,0.6166405618840811,0.615326750746486,0.6141858697445707,0.6132094306165117,0.612375803130417,0.6116616552137144,0.6110345690386978,0.6104576205155965,0.6098951988746161,0.6085903064296831,0.6076960816132986,0.6065159761816165,0.6049682306622607,0.6030160471814413,0.6006354308328087,0.5978297596980076,0.5869187202399706,0.5686401545803367,0.5608470915354584,0.5582745437532642,0.5570890091144669,0.5577023065237138,0.5643583326676037,0.5829127055468403,0.6147082862958355,0.6089999039635461,0.6058043437775354,0.5992411162685924,0.5963918366341044,0.591973818135692,0.5900487572050463,0.5886229983843193,0.5878539053114645,0.587741923828652,0.5882971054096584,0.5901475293542732,0.590962919493368,0.5914286238592712,0.5914079832953656,0.5908551814985245,0.5897637030769257,0.5882000878018635,0.5841767490524675,0.582410327293272,0.5807197913263894,0.5806212218275735,0.5805369865195286,0.5801838607735482,0.5798551176868496,0.5797666023042043,0.5800889804580422,0.5824331718577974,0.5863791225499652,0.6019886534710075,0.6184196744953365,0.6206324920515417,0.620818582751399,0.6207362215332441,0.6204391656785129,0.6199673002728289,0.6193626380534242,0.6186723316081356,0.6170692676256831,0.6162089247867839,0.6153192130416711,0.601018060178269,0.5961947834300368,0.5811683418517939,0.34107954307120997,0.29593438839666963,0.14832447289724776,0.10057279539465937,0.1276041339871086,0.14052815499366542,0.164550904437124,0.21309108630040197,0.22036916984649602,0.2511972722818536,0.25521212222676465,0.2599786731318219,0.26559282691235436,0.27218084532315245,0.3174042117252921,0.3258809820733564,0.342938755310657,0.38926277849133495,0.40741912863396323,0.4121233988442344,0.41964699085212626,0.4296234281000058,0.43296766570247897,0.4397363604952595,0.44329885555147963,0.45117005578886443,0.46474358895792295,0.47574137694987173,0.4884129575294499,0.5233964499187672,0.5460925074198999,0.5540072572885409,0.5621780995251384,0.5705771519578584,0.5791586485845809,0.5878133406255723,0.6053330488537473,0.6242543608847039,0.6346679089051451,0.6454273718560688,0.6665295519467737,0.676374340237029,0.6869859345927605,0.6989284844399315,0.8924328319688754,0.898331593958694,0.9244621480307634,0.9287257275719861,0.9363316159880279,0.9438392535133999,0.9479715447478325,0.9516909970714375,0.9548391138597705,0.9575217241781159,0.9598114569720904,0.9626411620709499,0.9660697771291699,0.9684152489534886,0.9695817675054579,0.9716710002670108,0.9749534678082016,0.9771555556285025,0.9784120051852588,0.979757466459654,0.9815744021344315,0.9832482820293055,0.9849528710080331,0.9866919385640641,0.9882095692741965,0.9893566471602362,0.9901221081382583,0.9906625414313782,0.9913756525037425,0.9945421171712133,0.9956810040120843,0.9962662233785081,0.9966917159251559,0.9959812462600133,0.9938562660974264,0.992621986498474,0.994111260299891,0.9982647058400365,,,,,,,,,,,,,,,,,,,,,,,,,,,,,,,,,,
892,0.6636851049289237,0.6535097678408204,0.6444715130068289,0.6372906606965114,0.6324448674515099,0.6254463011829781,0.616401512666876,0.6151222752200783,0.6140231930516872,0.6130951062500176,0.6123148258173043,0.6116580850301123,0.6110935154686796,0.6105855531340393,0.6101006741524951,0.6089845229372084,0.6082043819140915,0.6071553638356814,0.6057576940872857,0.603975287205128,0.6017837772827082,0.5991836798781063,0.588968020327568,0.5716796318902793,0.5642821322076554,0.5618422246314705,0.5607236320176432,0.5613176275559428,0.5676501210999578,0.5848868248300322,0.6130837997088229,0.6067196209928692,0.6035706191583979,0.5973074514534507,0.5946903898798864,0.5908341948797575,0.5892119743076892,0.5880838600776199,0.5875994698217402,0.5877649132483526,0.5885903711896092,0.5909263102294766,0.591944680165108,0.5925789730300922,0.5926978123448376,0.5922562389227699,0.5912410715026007,0.5897170598664013,0.5856624286883377,0.5838268196473154,0.581909387900865,0.5816648470716792,0.5814278055608142,0.5809237150182412,0.5804489099327853,0.5802215427773689,0.5804111305874659,0.5825150565875188,0.5862917676714586,0.6016950211466875,0.6173897100058634,0.619209946585523,0.6192611703009713,0.6190355783931923,0.6185950970629489,0.6179873896506834,0.61726529916796,0.6164862087697661,0.6147900354959274,0.6139285702778761,0.6130687598964414,0.5999039734378266,0.5953821833756637,0.5811116324636333,0.3419414765729589,0.2961432254493621,0.1467367325090035,0.09838695758171634,0.13202511808628403,0.14502759444398144,0.16915390420221055,0.21763942959919522,0.2248552304483559,0.25489252065884094,0.2587811956530596,0.26343256108640933,0.2689431458211713,0.27544079094937923,0.3203978667188322,0.3288248646336639,0.34580121361055716,0.39181570978882313,0.40967486491463045,0.4142486420568283,0.4214747619385623,0.43100136599307626,0.4342062134722897,0.4407052909787216,0.44414064493533084,0.4517873673475148,0.4651176215601064,0.47603507958410124,0.48869535443810397,0.5238031574203716,0.5466638394033501,0.5546404862937677,0.5628745789213723,0.5713404159122375,0.5799949258035366,0.5887307268165604,0.6064246697609509,0.6254509357662269,0.635855004510975,0.646580633405803,0.6676811226343564,0.6776047748407877,0.6882361577538281,0.7000838586749096,0.8909834140473504,0.8967693254015469,0.9230378133533881,0.9273283664094788,0.9348629118918599,0.9422820394604614,0.9465218737402747,0.9502947323272639,0.9533379993024007,0.9557309497425459,0.9576466590975471,0.9604688242582693,0.9643492013843498,0.9669383232561636,0.9679057108612182,0.9697412383060292,0.9728111635056959,0.9749016291066928,0.9762743441558901,0.9777228843638749,0.9794913567128971,0.9811079183972552,0.9827342274696509,0.98431776915195,0.9856814833262108,0.986796066933593,0.9876670024032708,0.9883063853077522,0.9890066430731577,0.991771797756279,0.9930779608637595,0.9940984104004512,0.9939744183993012,0.9916519784951027,0.9886864733859827,0.9878308820616896,0.9894537552064676,0.9938144828200418,0.9980904141291447,,,,,,,,,,,,,,,,,,,,,,,,,,,,,,,,,
893,0.6608628268407749,0.6508868475602345,0.6420729199129963,0.6350757563647167,0.6303475458661254,0.6235018820151392,0.6145885524349907,0.6133132676307363,0.6122112475541598,0.6112743476630903,0.6104810059877259,0.6098082430438236,0.6092250480222929,0.6086959704270706,0.6081869884115128,0.6070132351529589,0.6062005927856142,0.6051164038795098,0.603680978093219,0.6018581368511213,0.599623731173759,0.5969794129400865,0.586624765159221,0.5691316914249107,0.5616625588922062,0.5592102701842325,0.5581028185604068,0.5587397716646553,0.5652558977985556,0.5829324759279204,0.6120468526488713,0.6056524012395905,0.6024421035270889,0.5960445050942321,0.5933661721535232,0.5894027222755912,0.5877231894944369,0.586542854062147,0.5860165963401333,0.5861538323879897,0.586968508032885,0.5893120592606296,0.5903415464844217,0.5909872859191029,0.5911168854785647,0.5906855157399193,0.5896787678601606,0.5881616975710647,0.5841198253896878,0.5822973715831953,0.5804319644611626,0.5802210648053127,0.5800145479244297,0.5795327666280512,0.5790750175678354,0.5788615877019972,0.5790639332155414,0.5811941485197106,0.5849840087905162,0.6003793056129398,0.6160539936238242,0.6179002948079901,0.6179659666513646,0.617756630294405,0.6173334222888511,0.6167426985400956,0.6160353397412097,0.6152675099018988,0.6135851236768662,0.6127295399511584,0.6118776295366496,0.5988072164877067,0.594298687325773,0.5800053275429334,0.3448074231547256,0.29980884623515175,0.1525236032688976,0.10467787268642256,0.12441648129538246,0.1373839061557998,0.16145102209746642,0.2098715762473442,0.21707756333823447,0.24699539623436312,0.25086573207474516,0.25550115850447064,0.2609991768516541,0.2674886586658679,0.31246427149796147,0.3208900127446694,0.337861047843074,0.383876790735241,0.4017689305250332,0.40635462757511454,0.41360357539760234,0.42316933003546514,0.4263879848644727,0.4329172267695517,0.4363687782197628,0.4440475076119674,0.45741358915769786,0.4683523349042688,0.48103724051555696,0.5162649814833017,0.5392780686033046,0.5473218780753413,0.5556317073351732,0.5641838540213205,0.5729382557459985,0.5817922404024448,0.5997700126764293,0.6190621919222151,0.6295572914419345,0.6403607171707871,0.6616961353859949,0.671815830216833,0.6825902958351122,0.6944878826904889,0.8879071260535341,0.8938189172533709,0.9207530381380893,0.9252122869806656,0.9331105535007354,0.9407047373173802,0.9448704884774675,0.948604718404963,0.9517451695357128,0.9543975694032364,0.9566591354109358,0.9595570399402801,0.9631895584047024,0.9658020920266853,0.9671770175971389,0.9691752769605014,0.9720779743356487,0.9741762324640515,0.9757707362995796,0.9773470997742257,0.9791575848098653,0.9808905702288263,0.9826942797315673,0.9844532668938999,0.9859946954456089,0.9872858247928091,0.9883061039953425,0.9890560227520945,0.9898306362131537,0.99265811368684,0.9937597171535961,0.9944487733668158,0.9943420629367679,0.9925733847796311,0.9904257158099088,0.9902676225089894,0.9916197185480167,0.9945091162597245,0.9974267409033534,0.9991463824821615,,,,,,,,,,,,,,,,,,,,,,,,,,,,,,,,
894,0.6536169607596456,0.6436434526386183,0.6351447455480553,0.6284836967582347,0.6239832478782397,0.6174387628705555,0.6087048083749912,0.6074001700754752,0.6062473601324905,0.6052410168032534,0.6043645606202923,0.6035986845342926,0.6029122391490062,0.6022688562396963,0.6016316216924722,0.600151874926936,0.5991614284447878,0.5978792892649175,0.5962243655866265,0.5941597198802991,0.5916620618183713,0.5887380712770259,0.5774677219473316,0.5586685147148884,0.5506957651886237,0.5480950594936072,0.546943308536285,0.547674911024852,0.5548270517750227,0.5745385820410187,0.6087474913299113,0.6029122464771953,0.5995394300537245,0.5925964890282748,0.5895772860815657,0.5848627358732491,0.5827756843393936,0.5811989707314752,0.5803045684825978,0.5801028966365794,0.5806158257536488,0.5824639365636829,0.5833043180886558,0.5838028713622915,0.5838199157838229,0.5833088700706065,0.5822563929781738,0.5807271265771232,0.5767694705244953,0.5750532187444818,0.5735270047994105,0.5735253588305846,0.573526482768204,0.5732335073594935,0.572947221779332,0.572889249684253,0.5732349762946601,0.5756149194220063,0.5795425328399725,0.5949152197800119,0.6109735012927925,0.6131847785465688,0.613397808840823,0.6133526003846204,0.6131002843119479,0.6126763367448037,0.6121161303976691,0.6114625571597586,0.6099139916065854,0.6090817697047063,0.6082291958150587,0.5943816472340084,0.5896380792076592,0.5746477390641465,0.34850362680826036,0.3061190549535547,0.1659416923443743,0.12001373308934907,0.1026787931910878,0.1154107786592905,0.13910394771814388,0.18715570116605632,0.19436379621634,0.22468338291770185,0.22862549888836606,0.23332219257771242,0.2388719514228247,0.24540338163183792,0.29045399145517364,0.2988893230865809,0.3158559717671953,0.36199681018676466,0.3801784876575659,0.3849000562163908,0.39246378597402576,0.4025198254514614,0.40589276371852273,0.41272601647256435,0.4163234830765853,0.424261576283627,0.4378987648621808,0.4489276565905434,0.46163638028493176,0.49687562953890324,0.5199551899814322,0.528043562984153,0.5364114315415373,0.5450371344718014,0.5538843252924599,0.5628585997974599,0.5811577144747894,0.6007969120152293,0.6114391779677828,0.6223872957460092,0.6441159358831251,0.6545204832751531,0.6655341305119029,0.677591829535864,0.8780081333088132,0.8842732614081131,0.9123459203242633,0.9170947856659125,0.9257237386570387,0.9337625845774623,0.9377458833066568,0.9414087292894247,0.9448503343629812,0.9482487795705268,0.9514769884638853,0.9545281929918298,0.9573312427197749,0.9597942347498224,0.962113837762822,0.9646799481820106,0.9675281503683317,0.9697835259394926,0.971694800040476,0.9734341482129002,0.9754007668276026,0.977436085531166,0.9796779310689394,0.9819506929223921,0.9840061341210559,0.9856740233600878,0.9868647397771312,0.9877120724846123,0.9886389143313647,0.9921363302385774,0.9928226671691782,0.9925529427302371,0.9929801193125911,0.9936515551902304,0.9936768577196365,0.9943973742608693,0.9953239834631732,0.9956716738190178,0.9936502659220592,0.990903265871049,0.9948651668014508,,,,,,,,,,,,,,,,,,,,,,,,,,,,,,,
895,0.65288437499804,0.6430702655060039,0.6347029213807005,0.6281314993844153,0.6236806370404329,0.617183674883938,0.6084164264020583,0.6070874934587458,0.6059054810125837,0.604865843972616,0.6039532556613556,0.603149521279642,0.6024244586063232,0.6017425639308988,0.60106738239237,0.5995173027249464,0.59849749996579,0.5971918611561386,0.5955205817906992,0.5934470269220938,0.5909480310101578,0.5880302538206295,0.5768168245710477,0.5581232809641286,0.5502015313304415,0.5476246253386402,0.5464936631942046,0.5472423339956035,0.5544097598143591,0.5739902629634225,0.6077099819899816,0.6016623797532551,0.598263520023752,0.5913222681386827,0.5883295941943482,0.5836864276745433,0.5816206619563216,0.5800533526646424,0.5791579366404374,0.5789500979831889,0.5794580157610512,0.5812952383972558,0.5821414891260781,0.5826602400553406,0.5827118276040882,0.5822464463127293,0.5812381390130033,0.57974277365217,0.5758311456298921,0.5741272241339659,0.5726036370408109,0.5725847874919701,0.5725606375324269,0.572236360470641,0.5719142470663018,0.5718189450799944,0.572126684741018,0.5744334430715524,0.5782915783907815,0.5934250951873118,0.6090108960988185,0.6110804743009607,0.6112604540536675,0.6111870168567622,0.6109117469752499,0.6104698638646453,0.6098966357995848,0.6092352943136219,0.6076863107612053,0.6068648984509659,0.6060329431032472,0.5925671025773357,0.5879112338873628,0.5730998964207746,0.35162174952551606,0.3099639216307401,0.17168748193795325,0.12617001637694458,0.09466738428557513,0.10729659432931005,0.13082647615321868,0.1785852719314416,0.18574839309930158,0.21573294210064214,0.21962720952763598,0.22427704884896063,0.22978222463302075,0.23627180914333118,0.28113824977632496,0.28954690575448816,0.30646361561199625,0.3525118468788007,0.3706522565940583,0.3753576408432281,0.3828849695347225,0.39288906769629606,0.3962471393435797,0.4030537809337815,0.40664046925988956,0.41456617148710917,0.42821548970755574,0.4392780612587901,0.4520419108155511,0.4874840404060412,0.5107502313616616,0.5189067129388947,0.5273434571036265,0.5360430498858403,0.5449754986373037,0.554055634033083,0.5726191390725709,0.5924517172880027,0.6031055199039315,0.6140415736440703,0.6359210352499145,0.6465717023882345,0.6577519310625369,0.6697993802660459,0.8720128453397736,0.878376010049326,0.9071014396772495,0.9119920095238824,0.9208041089522,0.9290189029637145,0.9331531455270508,0.9369371471378315,0.9404367835054555,0.9438697977750681,0.947134751588825,0.9502763084235237,0.9532617119452663,0.9559536046503051,0.9584870781456667,0.9611569459521765,0.9639911343239604,0.9663325168145502,0.9684951730344625,0.9704424220668944,0.9725277440109968,0.9747068324442582,0.977107790776551,0.9795151002431496,0.9817005934139169,0.9835020435970447,0.9848155315747111,0.9857506785493314,0.9867369873228127,0.9904719425927202,0.9912540238450772,0.9910026123910095,0.9914233594855776,0.9920992882504573,0.9922039643996853,0.9930899357564731,0.994115642212302,0.9943621422489891,0.9919527319411036,0.9887503667930044,0.9930062859847945,0.9994200930161465,,,,,,,,,,,,,,,,,,,,,,,,,,,,,,
896,0.6588664779671958,0.6494055691240636,0.6409194830216502,0.6341104994797732,0.6294753810812523,0.6226971679797333,0.6136395431168828,0.612299765635115,0.611124414001452,0.6101070767960748,0.6092286073079402,0.6084684216117123,0.6077987196738674,0.6071871762870915,0.6066022186694239,0.6053111320448994,0.6044670290050939,0.6033771941167373,0.6019666125487407,0.6002003560002743,0.5980544192600991,0.5955287408005154,0.5856811715122903,0.5689911882256485,0.5618652009952126,0.559542886704055,0.558519694803922,0.5591813380132927,0.5655337281602585,0.5820937167229857,0.6078930419564926,0.6006177121469808,0.5973784761759534,0.5911731735872543,0.5886977113565889,0.5852218127654347,0.5837486734291576,0.5827326308013485,0.5823295386560233,0.5825690763416067,0.5834846414746283,0.5860000049901927,0.5871263815607556,0.5878906890860013,0.5881658638276452,0.5879005469624773,0.5870434688927978,0.5856354218434545,0.5817051480520552,0.5798800558155078,0.577888772620781,0.5775428072829418,0.5771761403159729,0.5765217656199348,0.5758830343179356,0.5754888374267887,0.5755126773676802,0.5773091567322706,0.580819200519611,0.595456955252784,0.6095268025913332,0.6108142158553845,0.6107280261324955,0.6103747681683928,0.6098205351183612,0.6091147757360885,0.6083138269079639,0.6074798923221589,0.6057440849718194,0.6049108235577252,0.6041199596727281,0.5924907167083648,0.5883373537875277,0.5748429177030534,0.3519214639580087,0.3084926627184549,0.1653288980732277,0.11827994727707546,0.10684301570263006,0.11956820069089993,0.14325074964008871,0.19084615947253872,0.19790111378684186,0.2265882955482725,0.23027841591198747,0.23474115160649994,0.24007691562209774,0.24641654583403688,0.2907961609116327,0.2991235779382174,0.3159198739509524,0.3615145518637092,0.3791451592952045,0.38362387284551697,0.3906325284822849,0.3998407541833493,0.4029503689800197,0.40927352011423757,0.4126320626967563,0.4201621645828194,0.43342899948888286,0.44440544961241435,0.45721445223917717,0.4929927662577456,0.5165522506845243,0.5247960102413701,0.5333072496669762,0.5420757768590126,0.5510813445701874,0.5602491887147053,0.5790097854987315,0.5988365329274817,0.6093170873330523,0.6200238806467345,0.641711242139972,0.6525439656435321,0.6637576126363743,0.6755181632251753,0.8723302821366691,0.8784348477629952,0.9070382825007723,0.9118444417596846,0.9201007429792526,0.9280943502555663,0.9327299753929045,0.9368251087402255,0.9400544592480038,0.9425988005773847,0.9446880126934748,0.947793821263376,0.9521780158379475,0.9555098378495036,0.9572711072042078,0.9593944117452708,0.9622007800345377,0.9644740627119631,0.9667421861866455,0.9688972441940028,0.971003596615204,0.9730720547821916,0.9752216867590573,0.9772375804604737,0.9790378192559738,0.9806454481341041,0.9820119341010682,0.9830270227222099,0.9839532606432312,0.9872016453577129,0.9886607283984937,0.9896836643228508,0.9894306844246229,0.9869957351741521,0.9844133175334204,0.9843753371761483,0.9861102000620441,0.989563765510413,0.9930001874948327,0.9949497770402363,0.995946184829407,0.9915724293877404,0.9925738867051368,,,,,,,,,,,,,,,,,,,,,,,,,,,,,
897,0.6557296508832702,0.6464533233131796,0.6379855108436607,0.6311425364186074,0.6264763861874154,0.6196485430819625,0.6105633004624236,0.609233470770133,0.6080741384104537,0.6070785030950826,0.6062263889921129,0.6054966572759619,0.6048625047434444,0.6042928395056973,0.6037578525715602,0.602597922704916,0.6018376799465474,0.6008471958169151,0.5995531740119819,0.5979212850754512,0.5959272391935424,0.593568677205147,0.584296803666849,0.5684428834446625,0.5616593768589498,0.5594565172672735,0.5585000964138613,0.5591593870157102,0.5652776256627389,0.5808051847669605,0.6038297390973534,0.5961339295678318,0.5929668073434385,0.5870763821012787,0.5848211197209717,0.5818318129591931,0.5805903285135221,0.5797799280683817,0.5795514947462949,0.5799443484117108,0.5809987681903476,0.5837423455211512,0.5849696315037135,0.5858322384545791,0.5862086681199248,0.586045748512499,0.5852757610092971,0.5839287861296248,0.5800432180022737,0.5781929001990139,0.5760484526058218,0.5755779667980704,0.5750762029982844,0.5742889449791098,0.5735204982835326,0.5730034669400343,0.5729121465044239,0.5745112025749439,0.577899507276145,0.5923713984584351,0.6059265407292209,0.6069620421843637,0.6067888919769244,0.6063417274293355,0.6056917692072997,0.6048936816920664,0.604012568503164,0.6031183796052573,0.6013188566858998,0.6004837712434036,0.5997109659852439,0.5888056038917265,0.5848516433959625,0.5718619154996123,0.35056273231631185,0.3069907588052966,0.16364906194791035,0.11645265933604274,0.10833737701631048,0.12098944204952007,0.14455103836734504,0.19169843324983846,0.19864959734727045,0.22654179664664528,0.23011607471450335,0.2344656604565845,0.23969085404401538,0.245923429751862,0.28984284698763896,0.2980758930660905,0.314699896038325,0.359773669987438,0.3771213521274725,0.3814977653031586,0.3882937022262503,0.39719265821951577,0.400205254042469,0.40634132181556526,0.40961122309287956,0.41698090981901553,0.4300616639861607,0.4409568299555742,0.45371894105393734,0.48947683754400784,0.5131027161003594,0.5213715467813822,0.5299055841113475,0.538701138917564,0.5477471800340787,0.5569816988953259,0.5759391362358125,0.5958369835402039,0.606217791933065,0.6167827650799577,0.6384238651370212,0.6494724842698092,0.6607712266911169,0.6723468759179151,0.8673229169511194,0.8733498173263621,0.9019647357767211,0.9067883085753315,0.9149770273401625,0.9229052911902538,0.927637383855449,0.9317704573952694,0.9348971366479127,0.9372149471510662,0.9390469737630094,0.9421993966858958,0.9470057804730797,0.9506207071010065,0.9523281690978009,0.9543374385785126,0.9570354954592946,0.9592714469463697,0.9616883785275654,0.9640143209260347,0.9662018336200416,0.9683000935770303,0.9703918059271374,0.9722834710871914,0.9739754165319855,0.9755651757187142,0.9770284528482259,0.9781423995275157,0.979062007080708,0.9818733731530398,0.9835351400479551,0.9851652845859898,0.9847937436997365,0.9812993210296068,0.9779073965606734,0.977721156129478,0.9796275980719006,0.9838275251363382,0.9889203460009262,0.992484654227957,0.9926000955496759,0.9851437104488896,0.986501930797795,0.9987967524084795,,,,,,,,,,,,,,,,,,,,,,,,,,,,
898,0.6457246834906221,0.6364615531065937,0.6282463590923919,0.6216773880653332,0.6172042529223479,0.6106531441708009,0.6018728007762666,0.6005696054794208,0.5994255797805235,0.5984358438069841,0.5975834220971877,0.5968494276511989,0.596206261909272,0.5956213882214556,0.5950622315410201,0.593816935417448,0.5929922523449709,0.591917567855901,0.5905169083017997,0.5887548233713306,0.5866073979563176,0.584076245978991,0.5741911183052547,0.5574041140158118,0.5502721586298618,0.5479830995529836,0.5470316576312486,0.5478187644458101,0.5545854304601746,0.5719967621868742,0.5995526994391444,0.5923999227824492,0.5891305681379106,0.5828794952905745,0.5804008794676935,0.5769196205750567,0.5753983930066823,0.5743120397620683,0.5738270180028249,0.5739882880744,0.5748463642845273,0.5772851026274494,0.5784044872772967,0.5791888964545977,0.5795123328478305,0.5793205741635522,0.5785435028427377,0.5772095154923259,0.5734157141208985,0.5716531032993499,0.5697712201351892,0.5694566391598609,0.569106354385966,0.5684539451790754,0.5678081782190267,0.5674066595666997,0.5674310086362181,0.5692729058841299,0.5728698373171268,0.5877272785636203,0.6021860587885277,0.603683375464974,0.6036631132928267,0.6033697181265275,0.6028675849688321,0.6022046817998289,0.6014381330361652,0.6006307744427214,0.5989252541822937,0.5980999657620706,0.5973150673823607,0.5856544385161678,0.5814791659400026,0.5678221881024065,0.35148032452928957,0.30971350138722675,0.1715082703915093,0.12565066766872773,0.09470367204589171,0.10718582073833378,0.13049524809404553,0.17729640283556858,0.18421928849144964,0.21221072110932535,0.2158118252255934,0.22018138019089156,0.22541990432743642,0.23166008909931296,0.27557759575077706,0.28378355522571513,0.30033443362001566,0.3452653844721682,0.36280069256340924,0.36727959009954286,0.3743253005862708,0.38363239558840406,0.38677455313934855,0.39317012148187674,0.39656574349618257,0.40415576425808014,0.4174389843014778,0.42837200305366413,0.44110198804971973,0.4767570239137172,0.5004154590698198,0.5087224679558991,0.5173106523604691,0.5261819651865203,0.5353335732585299,0.544717714223395,0.5640972832957816,0.5843969184215624,0.5948890161396226,0.6055407862627503,0.6275578683003428,0.6389841976194274,0.6505440825588925,0.6621734681739846,0.8624670225012503,0.8687491454971178,0.8980112131791085,0.9030706659088261,0.911999280162908,0.9201960902766458,0.9245103339786449,0.928355750618952,0.9316741525533573,0.9347391161382167,0.937628788852435,0.9409714510579101,0.9448703945572302,0.9483211982973525,0.9510412105948769,0.953564696643107,0.9560227007826206,0.9582832018243705,0.9609852137413739,0.9634710227577897,0.9658197718605946,0.9681684087545824,0.9705342236580485,0.9727332705936622,0.9747517293606196,0.9766012368429169,0.9782247429366158,0.9794484415643236,0.9804297748155235,0.9829973440233297,0.9841643088528158,0.9853025993070744,0.9854784264962165,0.983816878767081,0.9823781955132583,0.9833318875671343,0.9846377435846524,0.9858570609861352,0.9866883270307062,0.9872481569169991,0.990215935344951,0.990753350076285,0.9924262039499346,0.9954467302542138,0.9952516131965966,,,,,,,,,,,,,,,,,,,,,,,,,,,
899,0.6374490824403903,0.6285633470071597,0.6207388458212827,0.6144878088275708,0.6102231937286706,0.6039583089244855,0.5955006891048731,0.5942339640268028,0.5931179475307331,0.5921491951519839,0.5913130306382638,0.5905923857785154,0.5899602585767025,0.5893843635522135,0.5888314987666904,0.5875905794596507,0.5867656590916075,0.5856891363280444,0.5842853455759076,0.5825187613659646,0.5803657738590089,0.5778294497779272,0.567931819665809,0.5511093467873347,0.5439781684527518,0.5417085691019251,0.5407980863064908,0.5416579543421377,0.5486683120839153,0.5665643000295396,0.5950645044597656,0.587923919784806,0.5846197740921038,0.5783123954288887,0.5758220727680345,0.5723343344493318,0.5707941822930145,0.5696842709408964,0.5691772456892354,0.5693256095921332,0.5701879362947433,0.5726626263580501,0.5738126171733103,0.5746348764473611,0.5750035898536003,0.5748637142664988,0.5741375327596773,0.5728492023986623,0.5691338405839748,0.5674075134540879,0.5655970859339037,0.5653098623023712,0.5649778125132446,0.5643323485470437,0.5636855931586843,0.5632791637529746,0.5632982419277704,0.5651378676613705,0.5687319478078289,0.5835311466510711,0.5978835272261549,0.5993942812676737,0.5993868826272443,0.5991083628756795,0.5986226236569635,0.597976738903505,0.5972272944661781,0.5964370764166345,0.594767744107785,0.5939658893695816,0.5932112434729441,0.5819653051555688,0.5778723935112283,0.5643426819916035,0.35366190556035454,0.312891812242372,0.17736705682343978,0.13210959541329603,0.08600205936246268,0.09837128931340962,0.12151074012278787,0.16798408255045252,0.17484981817638678,0.202388076369913,0.2059169134104184,0.2102132170042547,0.21537857829712764,0.22154648526882026,0.26510932552805305,0.27323676214148196,0.2896293815798176,0.3341541442410192,0.3515745974771112,0.35602685541274354,0.36303284871747893,0.37230661074227656,0.3754417030477773,0.38182961662977355,0.38522353824236244,0.39280905392836574,0.40606819101802166,0.41697446299126056,0.4296738749701502,0.46530573701454175,0.48903500162466695,0.4973795586799189,0.506011961535463,0.5149403387555399,0.5241691321090044,0.533659407954043,0.5533254751803882,0.5738424120764538,0.5843417596456119,0.5949697511287451,0.6171225371775937,0.6287995669522317,0.6404999814155306,0.6520624002686758,0.8541454662437431,0.860549069078917,0.8903036729913314,0.895532579767346,0.9049291292581608,0.9132951677165994,0.9173985602146942,0.9211193503862247,0.924571732962783,0.9280010150707273,0.9313631487759225,0.9348069851021175,0.9383566049153095,0.9418635493757427,0.9452019621011051,0.9479511923441578,0.950106873689804,0.9523249892907479,0.9553210206376554,0.9579692072521514,0.9603557289970664,0.962838795651038,0.9653974075595984,0.9677632001811918,0.9699259055709665,0.9718751467281196,0.9735227140757382,0.9747091156493093,0.9756141898937747,0.9780039918409171,0.9789580917468005,0.9798350405742828,0.9800778807768002,0.978949028255678,0.9782582873472745,0.9798394554520126,0.9809862235836165,0.9810042733771109,0.9804767847464282,0.9804904759911685,0.9849107149004526,0.9885278111122805,0.9903401533315351,0.9900186963287463,0.989540245634642,0.9985028158215917,,,,,,,,,,,,,,,,,,,,,,,,,,
900,0.639598876299976,0.6312940599227687,0.6237860745746657,0.6177073493145743,0.6135363120995323,0.6073768170649346,0.5990071884500928,0.5977505022165059,0.5966437339676826,0.5956837429231735,0.5948561269828936,0.5941444028959683,0.593523757882959,0.592964271980455,0.5924351446821849,0.5912764790900884,0.590517387799856,0.5895298966481161,0.588242294402253,0.586620262273548,0.584640158694399,0.5823025391301475,0.5731297571392512,0.5573803209248677,0.5506686774987805,0.5485335526959227,0.5476831670413699,0.5485083970758998,0.5551375350864969,0.5714823901237378,0.5957517423133677,0.5878362103355014,0.5845819985181697,0.5786146876910327,0.5763876600729033,0.5735230195102279,0.572305408906123,0.5715022776186003,0.5712784774663763,0.5716949896034722,0.5728138819351468,0.575740238451961,0.577083430651513,0.578075396449244,0.5785964441735785,0.5785907177050129,0.5779666513011628,0.5767410205698276,0.5730336289389169,0.5712493049184432,0.5692071003030338,0.5687544116479548,0.5682442156387226,0.5674196685175327,0.5665947082953027,0.5660134573253782,0.5658592122595147,0.5673629706510153,0.5706766476243983,0.5848753957093282,0.5978110723844795,0.5987140207762737,0.5985207015098671,0.5980581778337138,0.5973985977740159,0.5965961512240874,0.5957169711510496,0.5948332424358583,0.5930836597302169,0.5923004387255318,0.591606176732863,0.5819956681370927,0.5783140310485948,0.565801246674951,0.35868391856790355,0.31735422208641273,0.1798625150545106,0.13385280935252927,0.08642205824988801,0.09883034673041327,0.12204013758059949,0.16847920048801535,0.17529468454397654,0.2019378613321634,0.20531041108958245,0.20946150465459756,0.21449506330251997,0.2205456720523108,0.26366335567568816,0.2717231581145309,0.2880078259668612,0.33222855392202677,0.3493012514940164,0.3535995702931391,0.3602536263374394,0.36899693600204414,0.3719712031341991,0.37804926606136224,0.3812986034363249,0.3886390999045349,0.40168201662596015,0.4125667793286313,0.42534210262263256,0.46132395613156946,0.48532319557995196,0.4937518774482344,0.502461727365268,0.5114653261095742,0.5207713359367487,0.5303416502479597,0.5501621654073826,0.5707186880498664,0.5811483442313108,0.5916763060593229,0.6137521746165046,0.6255251006159038,0.6372450548941573,0.6486679625024414,0.8487284869020755,0.8550931775299797,0.8852262794163235,0.8905201928535907,0.8999275724963254,0.9083727217123808,0.9126994766790634,0.9166175515857947,0.9201010055966277,0.9232681513439774,0.9261745061887894,0.929604027127462,0.9337353921581917,0.937613009247425,0.940834030993268,0.9433853852938526,0.94534350530332,0.9474970793047557,0.9507125156562103,0.9535026800680937,0.9558041333687546,0.9582596990470983,0.9608605929423314,0.9631813469630589,0.9652384988870549,0.9670836269844,0.9686119593580106,0.9696292476841686,0.9703506764086604,0.9727675101969958,0.9739712335201051,0.975012334652773,0.9747254616210552,0.9723009606672043,0.9705175614720536,0.9717817090066794,0.9734201645838189,0.9750702215491174,0.9773823383721638,0.9800289588556637,0.9835020523434543,0.9828645530518427,0.9847933778338273,0.9902843401914163,0.9911658363735848,0.995851062766673,0.9973514224855131,,,,,,,,,,,,,,,,,,,,,,,,,
901,0.646362983689874,0.6380156721082757,0.6303770251366144,0.6241640564745398,0.6198963947694639,0.6135883858609773,0.6049932406216245,0.6036992062608176,0.6025581846433407,0.6015666784873036,0.6007096480420597,0.5999703592857346,0.5993250573847813,0.5987451889562,0.5982017731070418,0.5970411591677254,0.5962986125290722,0.5953436955639468,0.5941071600120631,0.5925555593180011,0.5906651812898669,0.5884345228638752,0.5796703143083904,0.564555554113135,0.558067898068759,0.5559815040527751,0.5551182587935655,0.5558520193362223,0.5620482605199679,0.5770503353518498,0.5980030528266447,0.589603477113647,0.586404200412729,0.5806727755690672,0.5786013304495984,0.5760796222328961,0.575044622040255,0.5744132950229763,0.5743420177843348,0.5748937736595185,0.5761287292945093,0.5792346541148569,0.5806419736205004,0.5816810315693702,0.5822372977342117,0.5822560685516487,0.5816433064821392,0.5804144930798131,0.5766493645825712,0.5748011471907745,0.5725533565957327,0.5719703441985345,0.5713281118422162,0.5703796265068005,0.5694359456358042,0.5687387995544082,0.5684675395265195,0.5697293683956828,0.57282431121848,0.5865230679002086,0.5984444290557971,0.5989019554592491,0.5985685974066173,0.5979675966851296,0.5971755089251124,0.5962503821959838,0.5952631185840046,0.5942904337976891,0.5924170990182436,0.59159945453231,0.5908888031486371,0.5816973107463975,0.5781656468210241,0.5661003277511165,0.3589913648163236,0.3171574188692083,0.1783088920710844,0.13192588473840997,0.08905054088486293,0.10143560051206564,0.12457761862799689,0.17078337446244607,0.1775448257407701,0.20374349255967786,0.20705371223866118,0.21114672872340795,0.21612650136891481,0.22212820880826192,0.2650891288248088,0.27313599610207645,0.28942985292329687,0.3336960732060225,0.3506569063517327,0.3548936399997817,0.3613964837887337,0.3698982761091052,0.372797828469855,0.37872749486758656,0.3819060751546134,0.38912833017764936,0.4020863181517213,0.4129862038401724,0.42583140569568567,0.4620534546729669,0.4861934005485586,0.4946611880659842,0.5034038969361415,0.5124309250692572,0.5217492211278667,0.5313204947844191,0.5511066769873,0.571595514345529,0.5819927824058246,0.5924867498218955,0.6144718944962776,0.6261777316215815,0.6378215648893025,0.6491718763975054,0.8473830871058797,0.8537189556948854,0.8839179995626344,0.889195706556603,0.8985430439617863,0.9070954519776844,0.9116571092051182,0.9157455180630188,0.9192150124524858,0.9221685648467729,0.9247532198389251,0.9281551654346348,0.9326371058161546,0.9366219658779259,0.9395530577506815,0.9419673505820688,0.944024313579548,0.9461937916509879,0.9493497647150311,0.9521135117510577,0.9543783261499905,0.9567782784973846,0.9593304745639887,0.9615994561449759,0.9636012536681011,0.9654000378237778,0.9668952008136229,0.9678968183227054,0.9686181839767142,0.9710344990634396,0.9723021992440058,0.9734141268763287,0.9729701735680191,0.9700916263709564,0.9677580443590268,0.9686185604919231,0.9704420707443133,0.9731573438954864,0.9771192918015357,0.9811403201317821,0.9838677179846895,0.9805087456276721,0.9823204033291824,0.991079359586557,0.9923977087271783,0.9937743302886829,0.9940090042282682,0.9987564664084395,,,,,,,,,,,,,,,,,,,,,,,,
902,0.657473404576404,0.6485144830593353,0.6403532338638147,0.6337424430858809,0.6292147390978781,0.622539212344694,0.6134372970641185,0.6120604311093448,0.6108421861018523,0.6097782768404035,0.6088524902583455,0.6080472920511236,0.607338898575621,0.6066991129225795,0.6061000398490474,0.6048444487133139,0.6040637510928569,0.6030786895031884,0.6018209269767301,0.6002575185296793,0.5983647007895088,0.5961396803700948,0.5874366042019362,0.572475427598295,0.5660094607540642,0.5638917324379003,0.5629569425537685,0.5635677230123283,0.5693640996625289,0.5834500134553477,0.6024410155122746,0.593869647290927,0.5907089733810338,0.5850539342426283,0.5830007153940714,0.5804813125417106,0.5794565229616282,0.578831065765972,0.5787539268875936,0.579283588972593,0.5804737400447966,0.5834563452589184,0.5847889683999062,0.5857470229562591,0.5862191622912328,0.5861532289506722,0.5854632425321864,0.5841689158949576,0.5802946573049146,0.5783900307795623,0.5760050204808037,0.5753525177948972,0.574649979749434,0.5736561923901603,0.5726751680369736,0.5719416790793953,0.5716291358675406,0.572777752214161,0.5757384182368718,0.5890520777319789,0.6003681693564806,0.6005496345310263,0.6001264167649895,0.5994383035354843,0.5985618395367055,0.5975549509658032,0.5964872663877653,0.5954342025270406,0.593397031401857,0.5924923797802175,0.5916892491275687,0.5817285012182043,0.5780912304762332,0.5659049706718183,0.3564438126858518,0.31437976329906986,0.17527621904220905,0.12903468666816525,0.090804765605726,0.10309973427153583,0.12601965133822252,0.1717905310824361,0.17849970163349616,0.20474892277962992,0.20809518549999614,0.21222115320812224,0.21722855264811233,0.22325240258501292,0.2663438893389238,0.2744387474189234,0.2908691879143261,0.33558533989177747,0.35269558002379603,0.35697158106881044,0.3635404935584552,0.37211185622269966,0.3750298357448073,0.3809861412234419,0.38417451354279736,0.3914193152694791,0.40444908129992435,0.4154217296786631,0.42835460214840215,0.4647649853762601,0.48895733957913423,0.4974316943248577,0.5061746250501554,0.5151893265727678,0.5244751510108682,0.5339838919776547,0.5535666839265865,0.5739190629941342,0.584351064356512,0.5949116777553629,0.6168424105574835,0.6283247158002814,0.6398202905978545,0.6512142084217278,0.8486565953303684,0.855014766083393,0.8852036966020281,0.8904333947374586,0.8997203725332068,0.9084619403992941,0.9132777414864559,0.9175295671640438,0.9209829339071639,0.9238322326747467,0.9262960410967076,0.9296918744502009,0.9342872750165391,0.9381313623090499,0.9406550621911897,0.9430363354187719,0.9455139326528588,0.9478188203973252,0.9506844054786613,0.953291827597107,0.9555974423766406,0.9579389059746297,0.9603701541823885,0.9625866037210035,0.9645851884686331,0.966422286914727,0.9680335239218683,0.9692530466123218,0.9702346348706324,0.9726805648967859,0.9739278851398441,0.9752063180258719,0.9750675727586634,0.9725352567389309,0.9702081998352642,0.9706719148792176,0.9723844963406257,0.9755066444328911,0.9798538332897616,0.9839532586707296,0.9861278830565792,0.9816168617886832,0.983126268325314,0.9926556225496996,0.9937590722244888,0.99324962020905,0.9911201942808421,0.9943612069054782,0.9975026367016966,,,,,,,,,,,,,,,,,,,,,,,
903,0.6636693085779428,0.6545633695277309,0.6463077345454727,0.6396303567195136,0.6350553733916937,0.6283035191609339,0.6190343944010466,0.6176164952558358,0.6163548112683617,0.61524546243101,0.6142730551545805,0.61342078336417,0.612665197302453,0.6119785167189189,0.6113332042546299,0.6099896949763918,0.6091695293682979,0.6081494096918052,0.6068619658486699,0.6052746175465114,0.6033638151237734,0.6011268963258638,0.5924226541634625,0.5775036163593747,0.5710355284896437,0.5689011391632559,0.5679371473778347,0.5685055367185479,0.5741836114258727,0.5880446354763657,0.6064607878564657,0.597729115165339,0.5945270499463798,0.5887731392463988,0.5866608972890289,0.5840170913514785,0.5829420135131483,0.5822737937017385,0.5821594810813427,0.5826520971178119,0.5838005690326834,0.5866985040374912,0.5879887322283253,0.5889051853682584,0.5893349764022572,0.5892257287117554,0.5884956761689071,0.5871668841658796,0.5832431250907535,0.5813250797243491,0.5789368245220166,0.5782946791061345,0.5776071566208327,0.5766302230561468,0.5756648829650226,0.5749415513836039,0.574628565066731,0.5757305650563254,0.578581021852307,0.5914401041596883,0.6020001084637505,0.6019131961707367,0.6014200804354947,0.6006736106717863,0.5997494195302315,0.5987034792166003,0.5976004162344103,0.5965119173471959,0.5944039682807842,0.5934652534179707,0.5926309379052054,0.5825419464042448,0.5789038407998085,0.5667559219041214,0.3595173005688408,0.317876255426313,0.17993547547699795,0.13424318090564397,0.08349436464340423,0.0956967334107621,0.11835069199621806,0.16368097412063323,0.17034847312900941,0.19665573131803257,0.20002385284212262,0.20416612803406373,0.20918208985864303,0.21520572255981701,0.2582463700687189,0.26636745732333167,0.282880597098984,0.3279581418941956,0.3451766999895013,0.34948141295283,0.3560990953929379,0.36471963243627126,0.3676523118205742,0.37363331712378045,0.37683409419523717,0.38411696670830253,0.3972788172742763,0.40839021996026126,0.42149476200950553,0.4583277917029869,0.4827159130878587,0.4912458753942926,0.500039503278492,0.5090932587875912,0.5183943101832822,0.527872359180668,0.5472716429004156,0.5675541833801296,0.5781103508259118,0.5888432323880709,0.610807554699147,0.622003800607258,0.6333830401573258,0.6449938828079907,0.843511977893123,0.8499838215989038,0.8808637852105442,0.8861921908909881,0.8955750805169095,0.9045991821180511,0.9096798713010456,0.9142032705049029,0.9178534389621669,0.920769091525328,0.9231806573867378,0.9265982837721024,0.931327719718847,0.9351302275998191,0.9374464465441511,0.9398983811540923,0.9427649996735972,0.9452781749311437,0.9480566713907491,0.9506212033743433,0.9529724538614571,0.9553212413381398,0.9577668589698926,0.9600220301983854,0.962047869554028,0.963918413145816,0.9655981223708997,0.9669734305116876,0.9682205943234261,0.9712968312583459,0.9728222821979154,0.9742871905171071,0.9742442503288201,0.9717256251094212,0.9693241943211659,0.9697041743311744,0.9715197627074375,0.9750192169161591,0.9798893046419829,0.9843600554291404,0.986126353722442,0.980520659362391,0.9819776163520746,0.9925205326705399,0.993380127097509,0.9908010170440843,0.987114200482908,0.9900834005937039,0.9935509918465184,0.9980932489110316,,,,,,,,,,,,,,,,,,,,,,
904,0.6586495865491446,0.6499337853927941,0.6420650745450689,0.6356970533663826,0.6313226028522976,0.6248453209109418,0.6158818337550757,0.6144972118294627,0.6132603399292141,0.6121688020129492,0.6112096288721172,0.6103680018834909,0.6096211867449873,0.6089419022396148,0.6083023877688987,0.6069674903915335,0.6061531097812681,0.6051408393627133,0.6038642601761756,0.6022909403487858,0.6003976205724846,0.5981826946516831,0.5895678920245234,0.5747597525781967,0.5683267127140643,0.5662058238484412,0.5652550217146235,0.5658409711678971,0.5715677104277653,0.585395798206505,0.6035130772502638,0.5944462985385224,0.5911507867353586,0.585236162880955,0.5830665511263822,0.580364155119943,0.5792816486133764,0.5786212569634395,0.578527538696835,0.579047776380501,0.580227537273638,0.5831916779934724,0.5845210532363905,0.5854835012446276,0.5859595240966636,0.5858907410884024,0.5851882509200972,0.583869185075426,0.5799357898920541,0.5780140667583179,0.5756458041692989,0.5750166482546883,0.5743351643176345,0.5733501158929074,0.5723652041378776,0.5716118054525251,0.5712551308100392,0.5722246916183279,0.5748731638133907,0.5870335300797825,0.5964818507960314,0.5961025864067924,0.5955522885872243,0.5947663673900625,0.5938201050223471,0.5927670874511226,0.5916666363237226,0.590587334587545,0.5885189776360779,0.5876180612737539,0.5868397978535432,0.5776119257686356,0.5741670354045816,0.5624154323082057,0.3652299141611828,0.3250762101599029,0.19066211201084796,0.14588075086556115,0.06900358805696255,0.0811217712016413,0.10362306468724686,0.14888260832078248,0.15555804485604316,0.18174279219233633,0.18508852541774126,0.18921479073694997,0.19422398274251956,0.20025018999737473,0.24333358399813562,0.25147918389643376,0.2680256959966848,0.31327321019269233,0.3305549765921416,0.3348741447434346,0.3415078403562457,0.35013917070614653,0.3530758513880904,0.35906761674566284,0.3622771001502115,0.3695896401502945,0.38283662881116476,0.39404215132757175,0.40727247764567776,0.44449148479957673,0.46915132254187947,0.4777877323389161,0.48669874954170617,0.49587395081984365,0.5052892740155421,0.5148555593428715,0.534360580742178,0.5548752755202471,0.5656864108353121,0.576713956802892,0.5989886045968172,0.6100831102618385,0.6215352158156286,0.6335150263358981,0.8341144418374457,0.8407887940341779,0.8726624547791222,0.8781921350515517,0.8879490789806758,0.8974558022292812,0.9028168222289302,0.9076309171823529,0.9115362916583484,0.9146007918949435,0.9170435469563153,0.9204803096885523,0.9252884387245677,0.92923646574827,0.9317523535899849,0.9343289783631686,0.9372057182124703,0.9398082519080538,0.9427878351713627,0.9454788527286695,0.9478642031312843,0.9502965999643448,0.9528849722411317,0.9552621531902615,0.9573813183856098,0.9593268584854916,0.9610612411288385,0.9625191664504087,0.9639213722140656,0.967536135978703,0.9693089647849283,0.9708284881621769,0.9705303328358414,0.9675616525009383,0.9650857428126957,0.9659292570388339,0.9680899907103019,0.9716217588569752,0.9766736235763247,0.981529051209178,0.9837983316114396,0.978777885898909,0.9803241672132258,0.9901020396703047,0.9906342576093943,0.98839569075075,0.985249308050233,0.9885499378270634,0.9914236488090993,0.9945150354883984,0.9973689365631023,,,,,,,,,,,,,,,,,,,,,
905,0.6540407552500906,0.645443433813753,0.6379215675934881,0.631895196616152,0.6277531891886378,0.6215974484119172,0.6129311254737347,0.6115562170967644,0.6103122992209989,0.6091988908055521,0.6082066468883666,0.6073232009473923,0.6065249913426429,0.6057831604952049,0.6050666554907165,0.6035234974813597,0.6025749367206013,0.6014032012322112,0.5999393633993301,0.5981499378769043,0.5960123651107277,0.5935298985902505,0.5840000242198671,0.5678594304691543,0.5609208372486174,0.5586590224363338,0.5576813907485195,0.5583925216488774,0.564860976652311,0.5810755595513564,0.605089129103677,0.5968385245403273,0.5934137098281315,0.5869746234917784,0.584453112211441,0.5809532156255092,0.5794404387150623,0.578362449393791,0.57787915049773,0.57803323302402,0.5788744127451056,0.5812601087874638,0.5823622338574992,0.583146987536457,0.5834849473947425,0.583314306846418,0.5825486777533254,0.5812046366087219,0.577352058032126,0.5755482260920689,0.5735706821736821,0.5731892076906043,0.5727608736365525,0.5720165051125652,0.5712611256078347,0.5707273346499433,0.5705840414096114,0.5719593862152175,0.5749209269548529,0.5876061265086512,0.5984970911620087,0.5989133629878949,0.5986429673692915,0.598150324286765,0.5974986702926316,0.5967292551989622,0.5958841022516854,0.5950162199741952,0.5932399154947214,0.59241824261029,0.5916761677667922,0.5813487225393351,0.57753717075938,0.5647788692114423,0.3725299186137539,0.3345882773590419,0.2060470325844214,0.16293390563239096,0.04692858827092782,0.05889002954024992,0.08111635050177331,0.12620009498837537,0.13291229794172565,0.15976915902124816,0.16321768689589666,0.1674306828169867,0.17251060215042138,0.17859169963509192,0.221782931148616,0.22994111783601592,0.2464969071481352,0.29192585465316606,0.3095286742793211,0.3139981458869889,0.32098115693444607,0.33015743527369834,0.33326746442923755,0.33960488514181825,0.34298352469714705,0.3506090962736745,0.3642350803834162,0.3756160872509921,0.38895995920929033,0.42638185608453527,0.45115083157022673,0.45983669279863787,0.4688074683107638,0.478048442645829,0.4875283681474905,0.49714792341008684,0.5167420781021175,0.5375004159695698,0.5485628064244481,0.5598868682003881,0.5825665937674565,0.5936726705559713,0.6052859644038973,0.6176874372105903,0.826560082757643,0.8335886644941691,0.8665094726232038,0.8722669930194507,0.8825791061309567,0.8925325527873116,0.8978247344674612,0.9027018935396859,0.9069774715647931,0.9106715427826373,0.9138310277438156,0.917452602712012,0.9218147430375248,0.9257716762329627,0.9290395221353124,0.9321339736715919,0.9351207320498105,0.9379773174144046,0.9413044710271419,0.9441980980687673,0.9467348270491288,0.9494055164491036,0.9523200738490475,0.955029265711385,0.9574359633877686,0.9595824492490617,0.9614154624208585,0.9629849218863419,0.9646260900669081,0.9692079645030711,0.9710149168684132,0.9721227406639705,0.9721817531829023,0.970621609563295,0.96944631761945,0.9709384548686566,0.9729341313467079,0.9749731990116952,0.9772339321835051,0.9794833576151104,0.9827845036189528,0.9822945884059162,0.9841345267474167,0.9883744695414184,0.9874261950594785,0.9892446908161362,0.9874954177055856,0.9879847380216166,0.9879429218206504,0.9888051090233413,0.9918453507269904,0.9964830225389393,,,,,,,,,,,,,,,,,,,,
906,0.6478763674344566,0.6390549457105403,0.6316425892681685,0.6257993015084743,0.6217940724658761,0.6158332667605971,0.607300211679936,0.6059078591433743,0.6046306422999999,0.6034693171894987,0.6024172681049479,0.6014636353301461,0.6005831110347334,0.5997442587131707,0.5989117050868555,0.5970629693460362,0.5959184006022235,0.5945138955446454,0.5927763908458262,0.5906709169753751,0.588175729591708,0.585299889305648,0.5744179269145759,0.5563420376342173,0.5486743476811764,0.5462019255864837,0.5451669998067338,0.5460207642123919,0.5534233051527627,0.5728648218310306,0.6052282121784581,0.5984933548309814,0.5950019609057771,0.5880206150071526,0.5850705041160658,0.5805142809420648,0.5784068056216277,0.5767335956868542,0.575676132298278,0.5752755560491154,0.5755898961820836,0.5770495038476682,0.57777161012625,0.578243688854695,0.5783293691361534,0.577967712661095,0.5770828690940678,0.5756946616329873,0.5719750905465614,0.5703449210563213,0.568893996503701,0.5688417093691105,0.5687576588994507,0.5683566876244505,0.5679408086696286,0.5677418704488395,0.5679358460169709,0.5699909399557298,0.5735639481584697,0.5875992059258637,0.6016579020898399,0.6035639680506303,0.6037761578201688,0.603769278869986,0.6035886833518247,0.6032593973302918,0.6028031350548216,0.6022527402062947,0.6008941472174071,0.6001616325293448,0.5994237808160757,0.5865911633253325,0.5820501529735905,0.5674652770290086,0.3748597805649677,0.3392924321947148,0.21772602832755433,0.17666425777016986,0.026153958754203725,0.03781661073248389,0.059543306809163934,0.10395094130188468,0.11063572400023607,0.13828703231092848,0.14187633039018124,0.14619663221628867,0.15134762776670407,0.1574634442955378,0.20051511817638165,0.20861923099420926,0.2250642000848049,0.2703585438282932,0.28829338158729445,0.29295161102347167,0.30040605265361675,0.3103353852795739,0.31368162158547636,0.32048440831483005,0.32408493501127994,0.3320983895624875,0.34611641693529116,0.3575935490878059,0.3708995012643789,0.40801860588339184,0.43253930442825245,0.4411452656598208,0.4500393894455654,0.4592052684826432,0.46861272695829187,0.4781720115588483,0.4976997499016589,0.5184834493742743,0.5296042111817356,0.5410128232236578,0.5638850400495622,0.5750795803416903,0.5868143867636081,0.5994052430785229,0.8177066811272738,0.8250480046864664,0.8583224209376575,0.8641746824268133,0.8749264592057707,0.8851315991324581,0.8901009010815875,0.894797531953447,0.899323204481203,0.9037446728092265,0.9079016280208485,0.9117960058240611,0.9154912001434203,0.9193510753115908,0.9235005051246263,0.9272383815026836,0.9304295125483965,0.9335935874672112,0.9372184335847455,0.9402920798060183,0.9430438712351205,0.945988532521916,0.949227970651137,0.9523021968068596,0.9550532519178749,0.957439389751901,0.9593877908519778,0.9610733955564903,0.9629394129682142,0.9683436779342256,0.9699357652364254,0.9704145854277277,0.971277931417193,0.9722336198327002,0.9729898228745657,0.9748934184661957,0.9764051488835196,0.9765179566716052,0.9746453659943477,0.9725676745999295,0.9767003729773694,0.9821520407686362,0.9843327242303428,0.981387526129773,0.9786495835868972,0.9858341155560034,0.9853493848958256,0.9813813435751683,0.9783800912118967,0.9781308914740274,0.9794554501586644,0.9814179796866465,0.9926710494095339,,,,,,,,,,,,,,,,,,,
907,0.6451302649287153,0.6365068311591064,0.6292083116563114,0.6234307087528227,0.619464156088024,0.6135568449968783,0.6051258813112644,0.6037589976233632,0.6025095069402805,0.6013781881621706,0.6003582398497755,0.5994386284000528,0.5985941088637021,0.5977932185186864,0.5970005015712411,0.5952361093467631,0.5941350371622217,0.5927742266481494,0.5910800982430552,0.5890173863276514,0.5865640691590746,0.5837288955474261,0.5729585553819666,0.5550017901385293,0.547392227608631,0.5449534280145087,0.5439575061504281,0.544857889517889,0.5523706931048048,0.5719062330138883,0.6041769763100195,0.597246858248215,0.5937244149438504,0.5867388673347629,0.5838216903618515,0.5793890371319036,0.5773538126249818,0.5757607046175478,0.5747930433576552,0.5744962556369168,0.5749306804003267,0.5766400077577087,0.5774762428147048,0.5780456103897473,0.5782119800730856,0.5779148835380304,0.5770764998382699,0.5757177455839095,0.5720101745019253,0.5703732459636841,0.5689078642555847,0.5688477647937938,0.5687509086173071,0.5683293543556736,0.5678904971582464,0.5676700404842308,0.5678465338811888,0.5698886776661786,0.5734776050923563,0.5876712436777358,0.6018948951377431,0.603898721324634,0.6041478943747263,0.6041759557618097,0.6040301685735724,0.6037367205120314,0.6033190316606771,0.602811907088779,0.6015501041719671,0.6008724811412258,0.6001943694923302,0.5877951526336777,0.5833053847912154,0.568798450493451,0.3783274382542577,0.34318070272121126,0.22270947631785934,0.18178465383559714,0.02063795296479014,0.03226748724561668,0.053962325636479735,0.09820144874674618,0.10484043826614313,0.1320991494140308,0.13563157073960236,0.13989919972090004,0.14500262483806842,0.15107761031005565,0.19405000803984168,0.2021362840443257,0.21855595872949313,0.2637812795719507,0.2816708879814415,0.28630538505961406,0.29370037887280803,0.3035416694370267,0.30686153884276746,0.31361518799581845,0.3171937922344195,0.325171317768218,0.33915246209840544,0.35062518019640254,0.3639463430153246,0.4011644098617354,0.42580450489433186,0.434457577927023,0.44340168628325183,0.4526241246316092,0.462101205560129,0.47175371084418316,0.4915309379251826,0.5125093237791045,0.523649591490143,0.5350580583788559,0.558112768691008,0.5695673273730132,0.5814714091667981,0.5940566003302953,0.8147212521305289,0.8221215662382781,0.8558555657002922,0.861778695399952,0.8725964758921406,0.8829111998592255,0.8880354042790328,0.8928391697272283,0.8973690972158405,0.9017366624331951,0.9058440760624368,0.9098604126327726,0.9138688624390362,0.9178976840119154,0.9219851704833764,0.9257611708830035,0.9291467465192988,0.9324308380670643,0.9360962381276892,0.9392547405112818,0.9421211115843761,0.945154013060271,0.9484644132577595,0.95161938091275,0.9544576455861213,0.9569206216954376,0.9589325693249452,0.960671239850339,0.9625806969917499,0.9681030294299242,0.9698550212712735,0.9705173146409141,0.9713231145101577,0.9719415447215485,0.9724399177349189,0.9743661148645841,0.9761929731860688,0.9769099669727456,0.9756407340487823,0.9738514012732711,0.9777993726569165,0.9827479617089172,0.9850963936985193,0.9833289954861538,0.9810583085170437,0.9878062174405584,0.987455651930691,0.9844440866417736,0.9822034462708509,0.9820144791355935,0.9820467796871917,0.9823139182334415,0.9916759903692035,0.9987270739616417,,,,,,,,,,,,,,,,,,
908,0.643073541434331,0.6350675374445943,0.6278766428110825,0.622038730269072,0.6180076101614649,0.6120052810465446,0.6036275548857889,0.6023239772993381,0.6011575244987435,0.6001277251356163,0.5992246688533428,0.5984356295850831,0.5977377629142234,0.5971028686424789,0.5965006372597782,0.5952101314903914,0.5943998560048134,0.5933749810328924,0.5920666498271364,0.5904411677809656,0.5884753554222094,0.5861708078212768,0.5771964039430028,0.561771554815432,0.555139006194048,0.5530070508150677,0.5521375946998803,0.5529301185318279,0.5594584894257859,0.5752224845864103,0.5973486466716275,0.5883282664503352,0.58483282264507,0.5784587733225983,0.5760791724703639,0.5730388688526368,0.5717993966295153,0.5710177875275418,0.570853867437834,0.5713600092158573,0.5725886243829196,0.5757539167267581,0.5772040775709736,0.5782814302122424,0.5788587467340364,0.5788761859803456,0.5782438056877153,0.5769823719314913,0.5731494966320663,0.5713076449368758,0.5692204343762487,0.5687727119197898,0.5682635235094716,0.567418911685213,0.5665554960500062,0.5659128133149955,0.5656625560272129,0.5668479251237304,0.5696645075745228,0.5822070697374159,0.5925400120995378,0.5928411557347038,0.5925601321686954,0.5920581444104983,0.5914055881156111,0.5906482436726871,0.589833545350572,0.5890211238165743,0.5874212738103809,0.5867266849695444,0.5861408954793956,0.5774841644692406,0.5739751777128348,0.5618696367018609,0.3790025947135524,0.3425015017486477,0.21787267770427507,0.17545376932944837,0.03170276581950511,0.043488116860221804,0.06545261001250605,0.10970543626836149,0.11623412865317949,0.14171510274506738,0.14496695573856325,0.14899243128485978,0.15389550104391284,0.15981356972209523,0.2024621693146494,0.2105193377426086,0.22690292036308876,0.2718536499960352,0.28916341017525127,0.2935106681374472,0.3002173578943719,0.3089807157666935,0.31196199857480816,0.3180506688272221,0.3213118281547269,0.3287263937944573,0.34210108556725843,0.3533816986066079,0.3666871828054407,0.40418289381229705,0.4291531591292739,0.43792349754616633,0.4469846230092638,0.4563312461645729,0.4659481023796968,0.4757608296866813,0.495888632119922,0.5170281505932798,0.5280802926616212,0.5393419890933335,0.562348765014179,0.5740387508781741,0.5860018207991293,0.5983061208869553,0.811172439101219,0.8183034360757117,0.8523784843862561,0.8583111342337278,0.8687451533508674,0.8789708836727281,0.8847242958306338,0.8899167402274561,0.8941762252297448,0.8976393126413794,0.9005500345042277,0.9044773176432006,0.9097628646699422,0.9141242724436007,0.9170112646329726,0.9201192548337614,0.9237086347455412,0.9268775802627686,0.9301801224050537,0.9332295141458694,0.9360695987636477,0.9389477346501585,0.9420060659269575,0.9449051451714461,0.9475283619906247,0.9498600223711614,0.9518451766310606,0.9535525424697195,0.9553206475355717,0.9602732329070173,0.962612803185525,0.9643226342663236,0.9641284648117165,0.9613399023514025,0.9592286065020718,0.9607505843577309,0.9637156758724563,0.9677257500756514,0.9722639141936593,0.9759474998394925,0.978635519830753,0.9759483832838453,0.9781653583203215,0.9865334735935246,0.9870222968909924,0.9867232274303464,0.9849770113470344,0.9885280868759093,0.9909991624510975,0.992672444824785,0.993173723327985,0.9937560901603832,0.9908461417752742,0.9801146812598258,0.9858028628247396,,,,,,,,,,,,,,,,,
909,0.6395054913983834,0.6316838031289956,0.6245717041860555,0.6187681034092543,0.6147544526160514,0.6087697402828657,0.6004110068616908,0.5991116551060955,0.5979498180375513,0.5969247709547966,0.596026096220517,0.5952409797958741,0.5945477042705051,0.5939195046096462,0.5933279766645129,0.5920798478927662,0.5913059359679541,0.5903321912909778,0.5890924361537339,0.5875539624755144,0.5856936226724041,0.5835110318663946,0.5749853441692898,0.5602354552786609,0.5538589500469722,0.5517957395269261,0.5509315325366901,0.5516435223497862,0.5577321522276977,0.5721101908367194,0.5908698200794277,0.5811943298572996,0.5776896374645674,0.5714275590952959,0.569153172129443,0.5663971061169055,0.5653364309643105,0.5647439437446385,0.5647721402362318,0.5654738778136849,0.5668965438471991,0.5704217463876183,0.5720163403179984,0.5732010795357387,0.5738531623269646,0.5739163498016472,0.5733063186386926,0.5720498292145673,0.5681609586033487,0.566255980914896,0.5639789554586905,0.5634181856683208,0.5627901566354506,0.5618239418489855,0.5608337423536246,0.5600542706389479,0.5596511889908099,0.5604723230016504,0.5628718297827509,0.5742099273045406,0.5822756360932292,0.5817082585374619,0.5811759585769133,0.5804373867069673,0.5795689352473672,0.5786203851991126,0.5776419689802169,0.5766976100384726,0.5749305836648471,0.5742083361077324,0.5736375409791343,0.5663350499630867,0.5632112989961104,0.5520753994808975,0.37662040213283715,0.3405752570020036,0.2171895113290121,0.1749545626527365,0.031556611320353416,0.04333120149151137,0.06530281531611846,0.10944116732101641,0.11592668933790197,0.1408937583232598,0.14405424591052965,0.14799224723294505,0.152811692673229,0.15864988824373916,0.20092866973518012,0.208906913434121,0.2251264950331821,0.2695019766710711,0.2864585524119455,0.290673737912518,0.29710141848509164,0.30545430397122775,0.3083057954396329,0.3141407391972936,0.3172784694679751,0.3244563978361776,0.33750128537456303,0.34858966743122527,0.36173105362274527,0.39891250875349626,0.4237884384780058,0.4325390556906474,0.4415852967950853,0.45092800367970504,0.4605594743970559,0.47041413368881396,0.49069125339451414,0.5118842419324415,0.522847365781911,0.5339837665774714,0.5569434858157964,0.5688107179845674,0.5808154756428459,0.5929172672098058,0.8038173248027601,0.8108826688028522,0.8451137809287618,0.8510795168634684,0.8615206399204132,0.8716739539302867,0.877480024213265,0.8826676801600514,0.8868157474752372,0.890102997042367,0.8928540905727304,0.896868022476074,0.9024630481745833,0.9067893712797757,0.9092023349921371,0.912114534203437,0.9159140662485185,0.9190592627817268,0.9220446489067928,0.9249657646636026,0.927890935206615,0.9308097022493694,0.9338731935593522,0.9368518334927397,0.939578260117635,0.9419282113494216,0.9438317096386863,0.9454205236940144,0.9470958495053168,0.9522950433651083,0.9548612447850668,0.9566281752322418,0.9561226137553004,0.9526701077420294,0.9500587151823866,0.9515557837813321,0.9548901335478653,0.9597821291407245,0.9658476462094274,0.9710579619834427,0.9736690854969743,0.9693366279003641,0.9714549096328735,0.9820694952472553,0.9831164167538763,0.9812301694401465,0.979327811243623,0.9846650454149145,0.9886495101090702,0.9911096775567799,0.9914231567586193,0.9914624903701762,0.9844485049495568,0.968448988294874,0.9752943952473301,0.9979609142868496,,,,,,,,,,,,,,,,
910,0.640794621115815,0.632601020175,0.6256127200638506,0.6200446364758155,0.6162019885968287,0.610436397852305,0.6020641702707503,0.6006804600137237,0.5994055085812712,0.5982407962518475,0.5971806060495993,0.5962153220060581,0.5953221371058297,0.5944723352260782,0.5936333322660267,0.591800292011322,0.5906869534360191,0.5893370474548281,0.5876821189153824,0.5856885816753408,0.5833346829707419,0.5806268604025288,0.5703779810178888,0.5532256538567555,0.5459182431452799,0.5435554657987091,0.5425490902411734,0.5433186344985459,0.55016820213224,0.567568196477494,0.5945043091114575,0.5861409350645178,0.5824630167064702,0.5753736903406031,0.5724990777042538,0.568330895842747,0.5665196807326408,0.5651978865598163,0.5645402871766103,0.5645911470158326,0.5653990393514396,0.5678477493272882,0.5689840184770528,0.5697665706929977,0.5700638834559983,0.5698237709832041,0.5689875283806347,0.5675955731504077,0.5636942363337817,0.5619110255026973,0.560100255734461,0.5598634076471884,0.5595781376537164,0.5589490464375663,0.5582832032581881,0.5578073800514568,0.5576887794003841,0.5590002906934814,0.5616938566054442,0.5732071526299045,0.5824573024597111,0.5826277086121664,0.5823648269267246,0.5819208770182116,0.5813539042380926,0.5806952154329534,0.579967691302952,0.5792106471108466,0.5776335433156431,0.5769111943424138,0.5762791529442809,0.5667322806659143,0.5630164033784473,0.5503676666326257,0.37985511186146864,0.3466760655256263,0.23117992658709124,0.19109552161659837,0.009544579825561355,0.021207751948630265,0.04306006779179145,0.08741710890743325,0.09402817447018172,0.12049367699015553,0.12386736215132982,0.12799039781797317,0.1329647167381114,0.13892768122997043,0.18153306037934835,0.18952377623715838,0.20572817644091923,0.25010156117693005,0.2674448408691933,0.2718610937946138,0.27877658092339613,0.28791110359047384,0.29100972566720573,0.29733689640245264,0.3007121210573852,0.3083081858388076,0.32176339397348974,0.33294889236297354,0.34605123475160027,0.3829875565541632,0.4077418537279581,0.41647598920107914,0.4255222053611078,0.4348845177324324,0.4445593430405659,0.4544903028535382,0.4750259451217341,0.4965608444147508,0.5076959726822518,0.5190158047596193,0.54244880593817,0.5546272058345382,0.566915806805005,0.5792671188987822,0.8018301986679133,0.8093432506648905,0.8445079009926582,0.8507242922083083,0.8620455189646803,0.8725299284003561,0.877792842464071,0.8826417750466167,0.8871071515462791,0.8914106208476793,0.8955803279555636,0.900032089547002,0.9047017216718812,0.9086702103219655,0.9118932800387256,0.9154825901764378,0.919625577218162,0.9230567479578339,0.926044729474475,0.928977387810533,0.9322066518446166,0.9355100302123958,0.9390270636710445,0.942594759468285,0.9458735571223376,0.9484762620047053,0.9502820463366903,0.9517189018931149,0.9534865716121491,0.9602992519050144,0.9626634126197021,0.9631508622066948,0.9633032961935032,0.9630277478132181,0.963027430737498,0.9653461786334211,0.9680580745690253,0.9701746156342278,0.9714215337416662,0.9724254058199581,0.9768444869543061,0.9798555976662265,0.9821674031564187,0.9835818810496056,0.9820929262522264,0.9869659238947002,0.9870933944384797,0.987511581749191,0.9879566075203531,0.9887747171140819,0.9879709948924817,0.9870647140523976,0.9884457191314721,0.9852580307150915,0.9893127117815054,0.9925255629827471,0.9909903649743748,,,,,,,,,,,,,,,
911,0.6288186984337345,0.6207941422521941,0.6142689737670567,0.609149545153506,0.6056073133291123,0.60024602277995,0.5921807045074432,0.5907839485102119,0.5894711228932277,0.5882465274606354,0.5871097578001002,0.5860549415386979,0.5850587230726624,0.5840909030462085,0.583115079530904,0.5809408005431694,0.5796214293360737,0.5780366469318394,0.5761157545203173,0.573824150344632,0.5711411758448679,0.568079495294549,0.5566530940083451,0.5378269138061395,0.5298966132380594,0.5273614938576492,0.5263187747541395,0.5272292088257267,0.5349299548887674,0.5551242080596653,0.5890409889481703,0.5814595382908773,0.5775475247351514,0.5696572512421507,0.5662793957263058,0.5610439312472726,0.55870523288879,0.5569055921847301,0.5558374742914082,0.5555334907573013,0.5560382880668435,0.5580178669121941,0.5589671096599368,0.5595826108320656,0.5597194652927188,0.5593260339584407,0.5583642410263862,0.556888751950679,0.5529605754221822,0.5512634592770252,0.5498566682474643,0.5499165922568348,0.5499401324912715,0.5496003376129813,0.5492078514199634,0.5489876473670778,0.5491088256943478,0.5508432996563591,0.5538016401857021,0.5656837777772558,0.5763004948894163,0.577303732537648,0.5773410796789706,0.5772139755949452,0.5769674677047107,0.5766189402168562,0.5761699327706795,0.5756416295104422,0.5743770036921164,0.5737399736298555,0.5731506011994566,0.5626658901379774,0.5586334369577952,0.5450898800571699,0.38630151278009583,0.3567177210803565,0.2509290814462925,0.21357717727365153,0.022538614895086625,0.011271131002421384,0.009887975077465706,0.05321366061630626,0.059735546096641085,0.08634122208431705,0.08975765811798239,0.09390298398030973,0.09887841688439702,0.1048194585698604,0.14706223987920405,0.1550040581478135,0.17109202886713343,0.2153826649558881,0.2329385457816767,0.23747461584153368,0.2446842168411865,0.25426755123642003,0.2575023163936182,0.26409355795377715,0.2675938293004788,0.2754105469506597,0.2891134823118838,0.3003904396588351,0.31352275879675506,0.35043322718664877,0.37516192767779005,0.38389267371386354,0.39293879406732357,0.4023074322256981,0.411997314079363,0.42195389791028526,0.4425858089010598,0.464292562340967,0.47554487274133794,0.48700862941292566,0.5108068785305127,0.5232034991429062,0.5357198278040619,0.5483096418629719,0.7801335178083321,0.7880897571868717,0.8247813665670999,0.8313315591242878,0.8435166995718126,0.8546261681683559,0.8598256476819305,0.8647393779284979,0.869639742695566,0.874767733562715,0.8799790968550955,0.8848943206875016,0.8892264898555102,0.8931531848517497,0.8970129404338569,0.9012952746434557,0.9060715535421722,0.9100024640377551,0.9131350224654543,0.9162029463025102,0.9197559172429108,0.9233879535043329,0.9272571447898501,0.9312368464059757,0.9348598184530594,0.9375974394174393,0.9393295697116,0.9407333404990493,0.9427442421449227,0.9512174450489426,0.9536028878771078,0.953154125521956,0.9535879038768699,0.9553914359254245,0.9574558209949587,0.960944814062993,0.9633836687837015,0.9631894245095035,0.9613171021126348,0.9602737792124102,0.9660575522075644,0.9735187479034408,0.9761146141183158,0.9721012994214019,0.969171058359866,0.9781700440831141,0.9798328165295963,0.9776712967575888,0.9758978453128428,0.9753580865106846,0.9745418478560249,0.9743461044576258,0.9815553270136397,0.9859355830005229,0.9888368995972108,0.9813350873372632,0.9766142578188689,0.9948986244323826,,,,,,,,,,,,,,
912,0.6026026639320302,0.5953976646131134,0.5893842721797833,0.5845919038910106,0.5812549046742211,0.5761926028548086,0.5686846999378659,0.567417063460507,0.5662409066949025,0.5651607350602624,0.5641756327796825,0.5632791007987143,0.5624473527507258,0.5616492842027401,0.5608472437203185,0.559024451337046,0.5578765431152,0.5564554053005799,0.5546870621221635,0.5525354398373249,0.5499790298129724,0.547030554667668,0.5358635869797308,0.5172398484074964,0.5094240725836946,0.5069772623611106,0.5060600968682649,0.5071496968785568,0.515367029980391,0.5364274798986555,0.5715191896056239,0.5632472726680702,0.5590880325905024,0.5508198660414332,0.5473611733718071,0.5422133558513953,0.5400065574975325,0.5384112320996579,0.537622629687776,0.5376675864911609,0.5385839080561624,0.5414410643643173,0.542799982966159,0.5437718274576051,0.5441980757777383,0.544021290591546,0.5432014428051377,0.5417995539571714,0.5378650672552178,0.536155137679454,0.5348340838546991,0.5349793670494082,0.5350749987623279,0.5347665437258794,0.5343869005791334,0.5341732860279448,0.5342990612312264,0.5360595386458815,0.5390344265051812,0.55117092033607,0.5619207416123698,0.5630678904274663,0.5631684440969085,0.5631012610760595,0.5629183640692996,0.5626420315472983,0.5622787067674944,0.5618566655629825,0.5608712440541048,0.5604199385888914,0.5600550715640816,0.5520935698497129,0.5485065504133347,0.5357600518722865,0.38748066253631713,0.3593336617062201,0.2575989479204143,0.22127318225163875,0.03337576520068915,0.022245035404840303,0.0014028447053256452,0.040945747009876916,0.04725186039671341,0.07243574566024026,0.07567318747072906,0.07965557273829087,0.08448416217039936,0.09029550911094639,0.13217175570750478,0.1400598608935283,0.15602583710344575,0.1998932004370642,0.21714355825407622,0.22154858631058338,0.228457108195594,0.23756382720484118,0.24064349079818115,0.24694017697810297,0.250307026667252,0.2579016568379238,0.2714100364154364,0.2826751355975218,0.29588763290453335,0.33318199330342124,0.35818611243489973,0.36699163116805417,0.37609720109380734,0.38551411183596257,0.39524531277466407,0.4052381137681367,0.42593610104098806,0.447676437003608,0.4589229262690721,0.47038888569499376,0.4943322619099717,0.506914101636072,0.5196194448098932,0.5323200576951468,0.7656788262343454,0.7736616719471945,0.8108408196010122,0.8175097755077456,0.8298547204121789,0.8411228861764402,0.8464894306555065,0.8515351977504676,0.856470689708995,0.8615351467270327,0.8666758370537165,0.8718322417998988,0.8767212899870952,0.8808853155888294,0.8845391133134923,0.8888811790909121,0.8941066283903981,0.8983091964507415,0.9014847966921523,0.9047296086085167,0.9085648115929329,0.9123550433119956,0.9162530350740076,0.9202384836764105,0.9238608232937536,0.9266079083334604,0.9283678049068687,0.9297092045252413,0.9315954511155706,0.9406211063146779,0.9435094121555513,0.9432237340929016,0.9427537952269142,0.9427943093862929,0.9443435670839314,0.9490659681301108,0.9520687748500726,0.9515335848759876,0.9510943341838284,0.9528112490740767,0.9588639578709374,0.9640626282647912,0.9668716986147685,0.9661090949658415,0.9643084709831619,0.9717231572015544,0.9736610195442347,0.9738097632316259,0.9725823888784084,0.9709940088223491,0.970710998574659,0.9719691302756472,0.976669266528961,0.975458347393012,0.9797774498136564,0.9811077044989933,0.9779127799069248,0.9888574788212008,0.9932274651738089,,,,,,,,,,,,,
913,0.5975492328899958,0.5907380410788221,0.5850152117834042,0.5804219841698984,0.5772072714752774,0.5723072680982307,0.5650093097220569,0.5637746925333832,0.5626287966319778,0.5615762346401625,0.5606161305002053,0.5597419720302965,0.5589299597663883,0.558148828589225,0.5573605724804348,0.5555542224611375,0.5544078880527256,0.5529829026203932,0.5512047172218775,0.5490371014184474,0.5464586431419473,0.5434826003344002,0.5322044667650482,0.5134036504640708,0.5055363013758383,0.5030897881155599,0.5021993336690326,0.5033505412514067,0.5117994251796467,0.5334429152854961,0.5697827804380243,0.5615821076968109,0.5573728540223893,0.5489659417574428,0.5454308859941273,0.5401332241019868,0.5378496120981322,0.5361838820547967,0.5353351052008355,0.5353307890704104,0.5362107253826169,0.5390251181644087,0.5403765930997315,0.5413495650147971,0.5417831959908227,0.5416190469828243,0.5408160894888558,0.5394349591950963,0.5355603879038534,0.5338964589360499,0.5327075606838874,0.5329318415503752,0.5331064399014132,0.5328713790780122,0.532561073257291,0.5324135537008213,0.5326026201395657,0.5344810831683716,0.5375476230954304,0.5498493035312422,0.5609654858831331,0.5623531989257401,0.5625457651283171,0.5625764993819177,0.5624949540604873,0.5623203323284838,0.5620544580581168,0.561721753307074,0.5608893115636069,0.5605022015853591,0.5601943272985358,0.5523427806410284,0.548724543505631,0.5358568406334023,0.3910153087464296,0.36380444028123815,0.2646272203664975,0.22894354806265085,0.043036798309934655,0.03197571595234333,0.011243276744854216,0.030956383866966593,0.037252706725482754,0.06247732381820573,0.06571299550830663,0.06968564200982938,0.07449610232229877,0.0802813236146432,0.12195533287318755,0.1297877732363274,0.1456364974921462,0.18918318223951103,0.20637215871299183,0.2107744251802213,0.21769832861366156,0.2268449756986151,0.2299369499259957,0.23626189005027246,0.2396436132697867,0.24726284375228139,0.2607847384801131,0.2720377566886426,0.28522188567733026,0.3224543279330285,0.3474539819673373,0.3562657668859957,0.3653814496974975,0.3748133278440153,0.3845653665386417,0.39458643497477347,0.4153669076369547,0.4372190823491318,0.4485288152881789,0.4600646702540191,0.48417058767965143,0.49684955751451815,0.5096665201624045,0.5224867696886392,0.7592109285458691,0.7672885608956871,0.8050311254896108,0.8117694117920677,0.8241279544981429,0.835508894811054,0.8410676537009192,0.8462769959468645,0.8512684415199154,0.8562887735026413,0.8613375455989989,0.8665709724018479,0.871756712779049,0.8760966951399914,0.8797225615833626,0.8841405347366764,0.889587805903785,0.8939632802471985,0.8972584943943959,0.9006538430142863,0.9046513686086938,0.9085894861219068,0.912632043086459,0.9167650856651928,0.9205370951792057,0.9234393412723438,0.9253596812087371,0.9268580343117865,0.928914773875912,0.9384863557515501,0.941530861951087,0.9412076121660726,0.9407060061416685,0.9407696934619499,0.9422634241247151,0.9469084123493811,0.9500572661403529,0.9498337446807376,0.9494409991638075,0.950864686402554,0.956733077229632,0.9620275780878009,0.9650712436248593,0.9646361388651767,0.9630144984207657,0.9702499155839581,0.9718223043522708,0.9715330743347634,0.9699016254648817,0.9680727697833467,0.9677239257230296,0.9686105275537182,0.9738688636302804,0.9739308634670554,0.9789753052063899,0.9799036463828338,0.9758267317222855,0.9858245492773376,0.9903566333865508,0.9987382889176412,,,,,,,,,,,,
914,0.6173517208730587,0.6104198969244362,0.6045859274475355,0.599897231618972,0.5966112266549137,0.5915801612667358,0.5839694881858158,0.5826551220952151,0.5814225684323351,0.5802754943770502,0.5792118615470937,0.5782246601434254,0.5772913338385022,0.5763824331934518,0.5754625382569667,0.5733943861692783,0.5721252792716786,0.5705901853654124,0.5687189501608995,0.5664773486370313,0.5638447650530668,0.5608327192741535,0.5495473167623137,0.5308977418139332,0.5230727067005958,0.5206022701443708,0.5196348493211014,0.5206334049007622,0.5285387841351862,0.5489796680173693,0.5830589513146233,0.5752083295389218,0.5712195318835879,0.5632056150924784,0.5597887530273754,0.5545090263912201,0.5521422207812863,0.5503131762523491,0.5492180243836897,0.5488965767168863,0.5494010064203874,0.5514157587719242,0.5524054961977494,0.553078966910094,0.5532908396894041,0.5529869634099236,0.5521186722797472,0.5507340182162286,0.5469881279723704,0.5453865328296071,0.5441818069436821,0.544336377996547,0.5444466310171071,0.5441822938272463,0.5438544189887133,0.5436884587483446,0.5438515124548309,0.5456287689697273,0.5485657723851797,0.5601324486780834,0.570162509375116,0.5711400545542487,0.5712170921548967,0.5711517634602964,0.5709876203606759,0.5707383387364584,0.5703988989967697,0.5699857944927332,0.56896568973823,0.5684630483893619,0.5680205369998497,0.5587094999802202,0.5548541592760057,0.5416541294088778,0.3929973081286084,0.36532955651717075,0.26476406997561147,0.22855865242516407,0.03998865481974838,0.028723662778982008,0.007511994086143753,0.03600437645419314,0.04256492313073231,0.06934312057898709,0.07274054289354254,0.07685230064385894,0.08177877714169912,0.08765734927285776,0.12947159322537571,0.13725930278280019,0.15300770252885607,0.19616144541693956,0.213324996143441,0.2177591478873014,0.22480117865504445,0.2341855176538797,0.23735853080232547,0.24384510599915377,0.24730025347948714,0.2550247668798643,0.26854489872655835,0.2796662042696652,0.29262315815410034,0.3292095834847715,0.3538900829563998,0.3626320381850661,0.37170245907758254,0.3811124182919704,0.3908653800794368,0.4009139477990036,0.4218183077887113,0.4438350619289129,0.45521786381018153,0.4668127705661108,0.4909884435624438,0.5036793427934935,0.516490533040731,0.5293170672648352,0.76821665882709,0.776289852826629,0.8139678360197858,0.8206099474702785,0.8326171145157489,0.8437833502975265,0.8494195867944327,0.8546624527158625,0.8595498793089444,0.8643706274633359,0.8691575981257201,0.874210362633835,0.879395062075432,0.883797614979837,0.8874487458058803,0.8917324812061538,0.8968671057549091,0.901087946500785,0.904505492535742,0.9079689394166472,0.911927043672929,0.9159416178539376,0.9201793943842701,0.9245310617783613,0.928548493326161,0.9317031112940675,0.933847824472025,0.9355660858596361,0.9378155070413059,0.9473447217881621,0.9502789081335072,0.9500758201619512,0.9503534992949801,0.9515663987639535,0.9529234218962797,0.9560295994606598,0.9589641842807657,0.9601158132793485,0.9591996490676911,0.958061719869072,0.9631651636575249,0.9698902785875656,0.9731885611713404,0.9716306028576764,0.9697919593544087,0.977595481725293,0.9781499003839972,0.975565445608094,0.9732437782753028,0.9723033131411338,0.971192626441125,0.9698134187681571,0.9767122083108581,0.9819399852307154,0.9865678706868322,0.9807518148100357,0.9753822676597048,0.9897348863239426,0.9919537611674254,0.9894938428144343,0.9925630183982473,,,,,,,,,,,
915,0.625542657076075,0.6185025275833903,0.6123289621360286,0.6072976206539458,0.6037710484796186,0.5983806383303982,0.5902997696928985,0.5889239765138436,0.5876419612337275,0.5864560924162127,0.5853616634863341,0.5843502408412087,0.5834015642767132,0.5824892775421378,0.5815825862006261,0.5796097547607216,0.578431094182107,0.5770245529569156,0.5753251656059172,0.5733006268063532,0.570929882719826,0.5682188166404076,0.5580315779307726,0.5410469192713572,0.5338614373769517,0.5315725510709419,0.5306446791943592,0.5314947091095452,0.5384922870503185,0.5559289483544058,0.582619496742202,0.573880210863586,0.5701048628359576,0.5628550324549607,0.5599199575878787,0.5556326133021482,0.5537271188039139,0.5522893288373898,0.551500252844922,0.5514177447547639,0.5521057510575101,0.5543585940526368,0.5554425456163138,0.5562161857137071,0.5565500576108021,0.5563884438485175,0.5556528259148479,0.5543693138789886,0.5507139903910026,0.5490607349836927,0.5474997564815848,0.5473645771866755,0.5471693397881671,0.546619253862466,0.5460174452754452,0.5455893558829428,0.5454980149280685,0.5467926099828702,0.5493664025475172,0.560133134862925,0.568326432379216,0.5684187834181247,0.5681981789453491,0.5678274629058533,0.5673592657450909,0.5668166855641085,0.5662102532534745,0.5655695853865481,0.5642050393250707,0.5635848027614236,0.5630586345820507,0.5542592600564132,0.5506669171843552,0.5382863213891785,0.38630844425204364,0.35699921043152666,0.25208347374199036,0.21466084231904847,0.02225055583163745,0.010831286564212105,0.010681072743435464,0.054725337364978005,0.06133833863218902,0.08794880430884183,0.09129829633743283,0.0953719851305857,0.10027125612437651,0.10613444815174843,0.14795116858967658,0.15571325540856393,0.1714209929313532,0.2142393595361076,0.23105416700776757,0.23533864843444055,0.2420427295105778,0.25090278281132,0.25390626799199495,0.26005411209123225,0.2633426879435974,0.2707539148995032,0.28387458174293645,0.2947883418667669,0.30758566264264736,0.34386948340083584,0.36842236471626,0.3771270129915334,0.3861615353943822,0.3955370340539879,0.4052572141451476,0.41527438207724815,0.4361103337033524,0.4580152289524549,0.469312575120959,0.48080551770037033,0.5047759900596144,0.5173782668674779,0.5300706930936014,0.5427338358719801,0.7761889855411366,0.784020022260779,0.82101676890888,0.8274803150342619,0.8389050251113523,0.8497670090959579,0.8556147185208663,0.8609687824448632,0.8656533283616177,0.8699751612321499,0.8740800382838876,0.878798936693517,0.8842295091280868,0.8888831095272106,0.8924769199851884,0.8963595369024333,0.9007637941469526,0.9046137048431655,0.908294393247534,0.9118385005240792,0.9154808445587674,0.9192900394899399,0.9234261786167652,0.9275715988990518,0.9313927133630824,0.9345248284981169,0.9368149168440164,0.9386972700047362,0.9409041213429241,0.9487233515751972,0.9515170381371558,0.9522999693901341,0.9527901139345659,0.952922115992846,0.9531990728737668,0.9556519261332661,0.9585888244808827,0.9608496617745446,0.9615343400484682,0.961483661078765,0.9658778825397208,0.9703235476905486,0.9738299839097152,0.9757960462504286,0.9751619206609534,0.9808806308337586,0.9806597405476986,0.9795678186510615,0.9788447157219797,0.9793696472761664,0.9784277007158624,0.9764225702270216,0.9799066359520601,0.981147374646867,0.98636017445131,0.9861997889808873,0.9824446815239011,0.991683830035032,0.9886298878633999,0.9839886621979741,0.9863695674731724,0.9969072798818462,,,,,,,,,,
916,0.6132450126194804,0.6062400812199537,0.5998636968804815,0.5946055702397985,0.5909213141653652,0.5853094406706358,0.5770254890062114,0.5756492541610335,0.5743827843162364,0.5732284019142816,0.5721804386796717,0.5712300870027216,0.5703588609487207,0.5695424331286149,0.5687526800013128,0.5670871977340963,0.5661027766262977,0.5649221420927215,0.563482556448228,0.5617520829978683,0.5597085892221991,0.5573537047127894,0.5483709629797525,0.5330732518909245,0.5265473524059735,0.524476975764109,0.5236596912124145,0.5244833340941394,0.5309768716768087,0.5461830912900938,0.5668017497928314,0.556757700333796,0.5530153783172724,0.5462542090656612,0.5437477186576438,0.5405417942337536,0.5392107560076639,0.5383349436186275,0.5380824704244502,0.5385225882984569,0.5397245615377816,0.5429108443240869,0.5444102965148907,0.545561795716477,0.5462395513135183,0.5463807918015114,0.5458751394602349,0.5447312960236999,0.5411121291482419,0.5393700100209939,0.5374673023717125,0.5370835210174831,0.536613025481428,0.5357745982601614,0.5348830447815405,0.5341756924543664,0.5338171957356771,0.5346413680604408,0.5368888619294985,0.5472537339712014,0.5541917819842703,0.553669438868057,0.553234282214112,0.5526283078411751,0.5519183822196687,0.551141489516814,0.5503297225707073,0.54953281888545,0.5479991012797047,0.5473733202601588,0.5468966291915656,0.5401253599589734,0.5370623230929759,0.5259389536813477,0.37780445730644024,0.34797877521000714,0.241932898406271,0.2042696283816071,0.011725490319853758,0.000355305200664505,0.02100758997440312,0.06443662817210787,0.07087580500581785,0.09594825540566705,0.09909911336766072,0.1030024389096727,0.10776160938952754,0.11351559932776027,0.15512178245228697,0.162869129060873,0.17855049109417906,0.22110310677694717,0.2374674592404936,0.24153395620386864,0.24771640062788705,0.25572424809783945,0.258446227853488,0.2640320649781783,0.267048737397011,0.27396932545900754,0.286548690759357,0.29726584601700295,0.30999400397672444,0.34628729307400946,0.3708660920476256,0.3795606288624339,0.38857006866232696,0.39790619313597775,0.4075727536533665,0.41751765548117986,0.43815655515823027,0.4598283600869814,0.47101377262993255,0.48240296112324266,0.5062001317991038,0.5187334019935754,0.5313678144751673,0.5439524530072947,0.7712349962990579,0.7788589698046461,0.8153157210243208,0.821686916780084,0.8328166979884899,0.8435997590785324,0.8496480429550288,0.8551430491030528,0.859767074171674,0.8638327720810842,0.8675550730294008,0.8720983317299665,0.8777365739106671,0.8827030695269841,0.8864808358589058,0.8901399681132183,0.8938986723142338,0.8975037644155124,0.9015828620783355,0.9052762385437642,0.9086061164129701,0.9121807349767214,0.9161496519097941,0.9199633777267356,0.9234218260963316,0.9263898088792915,0.9287281437127551,0.9306744674809435,0.9327056087343925,0.9384645753482802,0.9412643403404598,0.9433357166113584,0.9435652463536205,0.9415090393439984,0.9408896212813582,0.9443000406315128,0.9475214296403767,0.9495435864622962,0.9519790587374266,0.9549384347522986,0.9595109186689952,0.9612322707326542,0.9649330394027416,0.9707553928045405,0.9714389886088032,0.9752614566614922,0.97551064565205,0.9777474232430708,0.9791252767470483,0.9802740493288814,0.979964774637238,0.9796176202622409,0.9786923818131781,0.9720012731117081,0.9781949059225521,0.9890138230878901,0.9878889889840758,0.9886808791895269,0.9828868163372895,0.9846791886818744,0.9840647538038936,0.984558931839926,0.9921544313393725,,,,,,,,,
917,0.6011711261206735,0.5942021605977157,0.58834562213215,0.5836558692681486,0.5803791941507533,0.5753798675602217,0.567853785503096,0.566563387641275,0.5653589939884016,0.5642455900243686,0.5632230723841994,0.5622860389066345,0.5614129482510664,0.5605752031381603,0.5597377056067779,0.5578712290571249,0.5567242366911622,0.5553270439680755,0.5536104389698387,0.551539903581073,0.549094201967832,0.546283906239027,0.5356715048154008,0.5179037958634041,0.5103759283765542,0.5079831744032295,0.5070323056662744,0.5079776296893723,0.5155569314386638,0.5346531498962326,0.5653271567735921,0.5567539119956116,0.552798843805263,0.5451265835037411,0.5420020567858774,0.537439488935257,0.5354315395347747,0.5339398826157425,0.5331548742566117,0.5331283549555106,0.5339225858461398,0.5364674037074247,0.537711642260844,0.5386399563830749,0.5391089846417223,0.539056733042529,0.5384026059867972,0.5371741475630213,0.5335856676625671,0.5319872063984232,0.5306496339472092,0.530660959043991,0.5305969128790011,0.5301381057216128,0.5296019682262024,0.5292232679791198,0.5291715821308298,0.5305345199491638,0.5331106325048066,0.543831146234082,0.552348472636614,0.5528776614364717,0.5528402377817714,0.5526658965982356,0.5524046084592605,0.5520751639834784,0.5516815989339474,0.5512492634209151,0.550288082531682,0.5498698305792731,0.549551519490915,0.5421835037964094,0.5387551078722039,0.5265227413291871,0.3902906403044662,0.36450739167204477,0.2693459523120497,0.23448280476905856,0.04851654891233545,0.037235455398136046,0.015983906594719297,0.027596887604800464,0.03412624230924719,0.060298577109742894,0.06359105264934078,0.06760948755408888,0.0724572683264918,0.07827309828345913,0.11991244604389469,0.12763360150011768,0.14317961668450868,0.18541984430923472,0.2020710774256315,0.20630926366615207,0.21292594817785937,0.22166068776145273,0.2246171271000639,0.23067529053484634,0.23391940624216181,0.241224528344486,0.25408870175510556,0.2647766876380247,0.277318161758798,0.3129772097719154,0.3371938490469802,0.3458099380967279,0.3547747602719135,0.3640955687145547,0.3737710706665179,0.38374730084057784,0.4045370205888426,0.42662031476901585,0.43816161312151836,0.4499693978480427,0.47449642911954276,0.4872547121951234,0.5002630060346822,0.5134623026562649,0.7531345848896138,0.7611888858524162,0.7987500014660639,0.8053076887333752,0.8170538879950735,0.8281930767633444,0.8340381125963994,0.839469938092284,0.8444361359970421,0.8492964464517416,0.8540722703013717,0.8590087465789935,0.8641192463084106,0.8688597579827066,0.873145863685125,0.8773922438592361,0.8817089496280757,0.88573659633921,0.8898642176261832,0.8936566115490328,0.8973628258788348,0.9013634147557088,0.9058280722136849,0.9102675435350571,0.9143433372914009,0.9177579851442587,0.9203308627912674,0.9224549137622864,0.9247843768364399,0.9320667168703437,0.9352865496088545,0.9371989479627517,0.9378237245957312,0.9370156234385385,0.9376599385797939,0.9420771758586736,0.9459894137776389,0.9475367483473015,0.9470850262063066,0.9463064405141891,0.9522596111876853,0.9605156385557473,0.9641142378988046,0.9611786930275952,0.9588297757567759,0.9675212187621121,0.9694010335377682,0.9682046998963684,0.9669740877825452,0.966024347635792,0.963868507791042,0.9645307824001635,0.9691715549016559,0.9702825312460662,0.9764879419784952,0.9784523425800538,0.976193150829322,0.9863563270868333,0.9856467812820022,0.9838727975090905,0.9823255446256323,0.9832274832983723,0.9849087005706361,0.9884767199408293,,,,,,,,
918,0.5967092472439826,0.5900740563196142,0.585117774384342,0.581319638993416,0.5786604544175872,0.5745505966555879,0.5680056615390481,0.5667972108963989,0.5656333095108194,0.5645219309054544,0.5634698504815094,0.562476345724534,0.5615175996855802,0.5605617834081331,0.5595677598368333,0.5572546813159441,0.5558150665656819,0.5540713366656026,0.5519513244347182,0.5494197982103165,0.5464580550386553,0.5430870778854647,0.5305916647092345,0.5101684446205663,0.5016012412472054,0.49887500173133736,0.4977788680264641,0.49882813299046946,0.5074483197365642,0.530729581296311,0.5725516617502863,0.5660236731020891,0.5618884773057274,0.5531346922585131,0.5491836494245694,0.5427013653614023,0.5397464829039071,0.5373832252152211,0.5358194532788307,0.5350704003935327,0.5351741104356016,0.5365096988336538,0.5372153674999148,0.5376399543452443,0.5376217981544746,0.5371064570563865,0.5360755054404941,0.534593852477842,0.5308562090688617,0.5293750154054597,0.5286407857519551,0.5291258198062645,0.5295802165210391,0.529642772833647,0.5296188188675186,0.5297237001550374,0.5301207529253229,0.532226354415817,0.5352218562741056,0.5463042625917661,0.5567680858284888,0.5584531935247088,0.5588377942698874,0.5591247721005458,0.5593397495059628,0.5594764884867094,0.5594983946404567,0.5593951080584137,0.5588434207161156,0.5585007325061346,0.5581751821489226,0.5485089558030803,0.5444684570861813,0.5307517847104736,0.4055519236386336,0.3839721030347017,0.300119624799759,0.2684039925443746,0.09088923954394158,0.07979073616719172,0.05887607312142541,0.015511001036547279,0.008891385126871564,0.019009873237691943,0.022544338756683345,0.02675746176417627,0.03174856129231655,0.03765315908067904,0.07919760172210683,0.08691486789670044,0.10239636455693438,0.1447068517515527,0.16181266780754272,0.166289945300534,0.17349386101143002,0.18317039275555427,0.18642827630580278,0.19308284213086938,0.19661183784337777,0.20441488441007763,0.217776771217096,0.22859378608857284,0.24111086930891168,0.27648802141981843,0.30046652120649814,0.30903408715710684,0.317979160365306,0.32729637117125865,0.3369687491803785,0.34692599892212733,0.36764950580259326,0.38993188604887824,0.4017967306992513,0.41400007893140905,0.4389473224852165,0.45155242878222124,0.46464836080829997,0.4783979144603091,0.7315880777677498,0.7402513663063335,0.7794354945394586,0.7864067968101918,0.7995219543342441,0.8113721830519915,0.8167000534430149,0.8219062845356856,0.8274523871598055,0.8335775799646489,0.8399720199803041,0.8455606489450221,0.849832228977577,0.8538395580935376,0.8583060929769815,0.8634566809243576,0.8693049267704505,0.8740729403864811,0.877507995366282,0.88097947922881,0.8852730930172069,0.8896975530107628,0.8944604808363678,0.8994954478691758,0.9041454837304477,0.9076544160868676,0.9098445191238287,0.9116385175260445,0.9142659062395093,0.9256329722645082,0.928798226086227,0.9280303021928369,0.9290997278467801,0.9329778301462358,0.9368334517802394,0.9413605294794255,0.9445263323124543,0.9439288303018769,0.9392726246312315,0.9347991430233724,0.9424879765048076,0.9570861956528406,0.9594619907918838,0.9457775008817485,0.9398477323562665,0.9548345519721478,0.9589993980951395,0.953434030448374,0.9489999063955278,0.9464527612528204,0.9446558946338278,0.9467509655348955,0.9594061135418883,0.969948747934572,0.9733843503255926,0.9599480960881951,0.9540226658167553,0.9778096440961973,0.9865828633657211,0.9815342522281003,0.98075237640401,0.982789032659508,0.9744753516904241,0.9646086443900835,0.9846829387995125,,,,,,,
919,0.6093281327785628,0.6031076196805308,0.5984529636282996,0.5948515259602171,0.5923011035404412,0.5883011428858,0.5817465772503188,0.5805031513152271,0.5792928381693582,0.578123602162985,0.5770023152840095,0.5759290519459354,0.5748821432409071,0.5738325830762485,0.5727428858745793,0.5702513417424886,0.5687401612478348,0.5669464965899002,0.5648042895496264,0.5622810752625823,0.5593593311464283,0.5560581984747865,0.543935986775453,0.5242318565715339,0.5159469246327183,0.5132877624679896,0.5121786346468578,0.5131071646068212,0.5211462022101778,0.542887029600834,0.5811662492912573,0.5744014293721831,0.5703575189182648,0.5617945974255235,0.5579025169915294,0.5514465355607419,0.548494768662857,0.5461084910906895,0.5444847629602592,0.5436345108938313,0.5435903833659299,0.5445744803063114,0.5451043396958459,0.5453701889532315,0.545217694220367,0.5445953953382805,0.5434902423659561,0.5419666836659369,0.538217268656973,0.5367307219110596,0.5359195967567375,0.5363459702172096,0.5367533513093415,0.5367950528752871,0.5367581428612379,0.5368423596068235,0.53719660827829,0.539109991983058,0.5418050268989988,0.5516836755145619,0.5600154316154695,0.5608112747514554,0.560928487895898,0.5609688401890782,0.5609564947241513,0.5608826880880362,0.5607040081064235,0.5604047369960233,0.5594790595722737,0.5589607411361359,0.5584711826516745,0.5483414763738264,0.5444044785889635,0.5311857353304561,0.4108611799527296,0.3895077733837368,0.30574306707334076,0.27410800944888913,0.09711816168012076,0.08601072962250604,0.06507984580794103,0.02144894458454587,0.014733417353147696,0.013826570744895484,0.017434678493981896,0.021713968343416597,0.02676318134549153,0.03271566922673266,0.0743239289655386,0.08209186794434303,0.09768831716935016,0.14041703022228474,0.1575936591556191,0.16208016391972688,0.16928734907943102,0.17894660149859695,0.18220016515929804,0.18883753917565413,0.19235498877219187,0.20014202991085367,0.2135375954419421,0.2244185695548503,0.2370313932142354,0.27264640333805085,0.2967027621319729,0.305293588801597,0.31426513469349937,0.3236032079766234,0.3332782677206119,0.3432004737300537,0.36374181258625793,0.3859084317118305,0.39783222458900375,0.41012138857491615,0.4349453893757974,0.4472293102420224,0.46015644017386115,0.4740235135180032,0.7274705975799016,0.7362903868559711,0.7760592261931741,0.7831709543490706,0.7966949577239415,0.8089661890885962,0.8144155643703623,0.8197650242054827,0.8255204010529704,0.831897468695027,0.8385353457044702,0.8441875155468485,0.8482961054985626,0.8521651826000806,0.8566628045020073,0.8620103575773225,0.8681846858561137,0.8731063614363302,0.8763921291456884,0.8797587808845396,0.8840956029867767,0.8885098513499325,0.8932259883727449,0.8982635969297881,0.9029199396724458,0.9063823199098258,0.9084907391325807,0.9102635012141623,0.9129857465214674,0.924699977464008,0.9274436630147158,0.925901435187966,0.9273808605237783,0.9331051527532976,0.9383339172341644,0.9428830612527414,0.9450050320973434,0.9424766498491992,0.9364396338913211,0.9320597603966745,0.9403303656684537,0.9553881386968465,0.9573945681674764,0.9421973704598702,0.9357797764056031,0.9517045749290916,0.9557647602202688,0.9488348362316498,0.9445073170144767,0.9440561940133876,0.944296784724169,0.9462981375391263,0.9597632770382066,0.9708832292201476,0.9721491518126584,0.9546692574076716,0.9475007024491026,0.9739517581685253,0.9848932648807228,0.9787611780919346,0.9781868999114282,0.9812893427849476,0.9728492155782589,0.9602559959645501,0.9702532890697269,0.9932522771257987,,,,,,
920,0.6084325790213445,0.6024347975961453,0.5975691372245897,0.593662496984908,0.590881967600175,0.5865238428406615,0.5795060618994263,0.5782146849842774,0.5769757180726653,0.5757968003982433,0.5746830885344564,0.5736337569036196,0.5726302968509637,0.5716470403032688,0.570650305281411,0.568440485472662,0.5671240686933953,0.5655685546574265,0.563711522076458,0.5615210208663854,0.5589779417963519,0.5560951090211355,0.5454106252659378,0.5277297070166361,0.5202380963636216,0.517848272027461,0.5168868201706401,0.51781032508549,0.525320475020325,0.5442949571949994,0.5747670983656875,0.5664285053293275,0.5625129553689172,0.554813324598145,0.5516010387912217,0.5467013804587935,0.5444608773171551,0.5426918025427206,0.5415859113740747,0.5411973690588254,0.5415961457433842,0.543351098782987,0.5442570503170676,0.5449188716171911,0.5451971296051189,0.5450281625001507,0.5443226548862125,0.5430956684131143,0.5396549997177664,0.5381646272152609,0.5370231706771176,0.5371122785653173,0.5371306846838915,0.5367691855858234,0.5363269705303954,0.5360267324454759,0.5360276099402201,0.5373828337247434,0.5398024040773335,0.5494883310309189,0.5568097866381774,0.5572243422953626,0.5572313955401681,0.5571517875820122,0.5570252926780288,0.5568583892544933,0.5566353431060087,0.5563641594947818,0.5556943338347498,0.5554060860135067,0.5552106396000787,0.5484858806822598,0.5451757695990176,0.5333291708830887,0.4160466678672202,0.3939115879352033,0.3074514923980145,0.2745570153198071,0.09021580820601259,0.07868111106496646,0.056924045920478616,0.011973744677007464,0.005160663691814262,0.022745039315981222,0.02619833001158405,0.030352266496575957,0.03531058586430123,0.04121082199815021,0.08293820505902422,0.09066124089296201,0.10612572882765195,0.14794051356001278,0.16435193687942942,0.16851422162538132,0.17498919184475403,0.18353990665493988,0.18644505371323797,0.19242426170572793,0.19564021185072045,0.20290199467783707,0.21571224610690415,0.22638889215706656,0.23895775695913943,0.27490983358959836,0.29937219299463436,0.30811376087708714,0.31724120367296527,0.3267400208529577,0.33657989641382113,0.34666667680565805,0.36752762370549874,0.38998311243893646,0.40203058691704674,0.4144388070767745,0.43955278397791764,0.45203343897035253,0.4651535322859948,0.4791721117593612,0.7322388096301631,0.740781726390928,0.7802025516572343,0.7869856028984324,0.7990995585395217,0.8109683956357278,0.8173777515863386,0.8234342939364531,0.828958585078851,0.834154213134716,0.8390420627966224,0.8441984737935394,0.8497355799225479,0.854758554605652,0.8591731640235427,0.8637942751865152,0.8687344184313937,0.8732108226601031,0.8775219652407178,0.8815338078747058,0.8855710879819417,0.889975868934247,0.8949828186741947,0.9000647648881647,0.9047503461078319,0.9085681257959278,0.9112836732486721,0.9135294809863821,0.916212407801521,0.9255884230448348,0.9294787930286215,0.9313457172866981,0.9327243769608802,0.9335588108728217,0.934747966013406,0.9384174161313805,0.942396334565429,0.9450646918012839,0.9449906466675725,0.9436103448826574,0.9489270880976154,0.956627607140202,0.9598348835679634,0.9567284532343502,0.9540676997834955,0.9618497869435024,0.9626164847742494,0.9604368940250463,0.959022266773736,0.9589765802812449,0.9587871596316194,0.9603977079516078,0.9684137755619688,0.9731556728974567,0.9779445276661382,0.9732471109329434,0.9679289000640328,0.9809456524940593,0.982145122650857,0.9781699482726719,0.9790537646208503,0.9851274047843411,0.9854454814430543,0.9817112049481924,0.989837895446394,0.985908342366795,0.9790247732588576,,,,,
921,0.6120815072167162,0.6062329296659138,0.6012458438924237,0.5971551320170286,0.5942324045011663,0.5896465453050708,0.5823023345308344,0.580964960330048,0.5796876188888039,0.5784769564861882,0.5773361279081007,0.5762632171056205,0.5752417483622888,0.574248637009883,0.5732537863683557,0.5710982133334773,0.5698408325241788,0.5683732992603644,0.5666373945374321,0.5646027689601038,0.562250152092787,0.5595882170587152,0.5497211620068614,0.533308504703673,0.5263209140217626,0.5240851252028448,0.5231773076009956,0.5240220926651974,0.5309447248254765,0.5478847003192631,0.573301428249617,0.564427087143713,0.5606873071653568,0.553581593849461,0.5507372483982287,0.54658544524232,0.544685421275604,0.5432004651316795,0.5423117049824921,0.5420868615912208,0.5426059714867016,0.5445057601819482,0.5454726813118376,0.5462088836570247,0.5465862472910367,0.5465388822353284,0.5459523998974575,0.5448230849180671,0.5415053505426235,0.5400092779425277,0.538675306200006,0.5385858568352353,0.5384155895478979,0.537882356742114,0.5372793771967699,0.5368299237015903,0.5366903610214812,0.5377938119932785,0.5400629596309025,0.5495022334239991,0.5561495902241546,0.5562297870121594,0.5561225011634822,0.5559230178321227,0.5556767089431375,0.5553962766506507,0.555076928501326,0.5547353746758193,0.5539945941338209,0.5537021787161812,0.5535192687715712,0.5473897880226503,0.5442593953405368,0.5329661673744459,0.41217022746530024,0.3887317307099823,0.2987781407031646,0.2649548292105902,0.07752419756059184,0.0658662369946088,0.043900016747401314,0.0014298771130411793,0.00827846597037561,0.03604124693972679,0.039451727399922976,0.04356712739464249,0.04849164451467541,0.054362884369929566,0.09594140655351503,0.10361424780242223,0.11897813954791754,0.1603207120314512,0.1763672126693351,0.18038612315332261,0.18654936700826158,0.19461518731703092,0.19736076987441772,0.2030220800303622,0.20608256528659527,0.21305380223279075,0.22550647539767116,0.2360019171425373,0.24842970680443285,0.28408195091716293,0.3083741049929819,0.3170516821738935,0.32610835805919336,0.33553112860063733,0.34528879858669687,0.35528120800955487,0.37591764609631084,0.39813531344889613,0.41007206094679444,0.42237096415049596,0.44723400829975857,0.45956234005856833,0.47255378679481075,0.4864791991799116,0.7360155450096072,0.7443444620344437,0.7830695196045835,0.7896218887955004,0.8010263005391303,0.8126213967679606,0.8193545689667191,0.8256357218803474,0.8310131724258102,0.8356782932413457,0.8397963528466859,0.8446564672538301,0.8506238224508935,0.8559180953841207,0.8601134732346669,0.8644248721662422,0.869026529484603,0.8733605933200483,0.877903884546777,0.8820129992106548,0.8858258329654906,0.8900599315352429,0.8949750482557982,0.8998630571976614,0.9043437228698883,0.9081306033110037,0.9110014184956413,0.91343930750535,0.9161801229247397,0.9245966831602166,0.9285263054609079,0.9311983930757106,0.9327215508762874,0.932597250339516,0.9325779824784544,0.9352692804211451,0.9393353584513316,0.9436785068193393,0.9456834927044839,0.9454274880893758,0.9493109432468474,0.9534709935852672,0.9569007876011052,0.9587464876351987,0.9574885329616827,0.9615098969416648,0.960483419776164,0.9599124427934284,0.9597645242124306,0.9608897564794688,0.9618190847169414,0.9628118324335351,0.9686475299936327,0.9708325960947852,0.9761590940235831,0.9752516026265867,0.9699041027321597,0.9777319652501215,0.9755890004044604,0.9717872517604327,0.9734774286851793,0.9813949454017816,0.9856754576582657,0.9844936123825638,0.9858836011799722,0.9736496484531801,0.9670061344134618,0.9973559833215252,,,,
922,0.607898425706622,0.6021809995347708,0.5976463183970363,0.5940143319804454,0.5914121207527562,0.5873008226110001,0.580529636716081,0.5792526259194294,0.5780150994171699,0.5768249985647403,0.5756888491363642,0.5746066654529781,0.5735594084915998,0.5725207511320874,0.5714556982518195,0.5690672609124899,0.5676406594091266,0.5659600474919598,0.5639629272042648,0.5616176873370775,0.5589063633651636,0.5558447185595965,0.5445853801818059,0.5261684654613961,0.5184045237472712,0.5159273072368944,0.5149265943219854,0.5158736201890071,0.5236492714038022,0.5438975121464026,0.5780303186696881,0.570779309096413,0.5669338297614327,0.5591035715600232,0.5557007722062057,0.5502685506702046,0.5477507527438282,0.5457124413768932,0.5443465475697749,0.5436917191711782,0.5438075631882724,0.545018232423924,0.5456758007835593,0.5461142404642056,0.5461901137705892,0.5458425157546403,0.5450037978738554,0.5436996819446892,0.5402640004599402,0.5388456310404207,0.5379539489025679,0.5382220215107488,0.5384454457270066,0.5383098093732757,0.538104995054371,0.5380443980266244,0.5382835210887817,0.5400889257584545,0.5429020118013558,0.5535279971875382,0.5631107633416248,0.5645507638367258,0.5648870873234482,0.5651397603483643,0.5653376598389684,0.5654777547109462,0.5655307018476912,0.5654907913853883,0.5651450866616731,0.5649370308484049,0.5647604301562312,0.5564749038026162,0.5527316375634136,0.5399332261933905,0.41740610189996696,0.3955336530718008,0.31012566634103966,0.27775408608113744,0.09461248418591617,0.0830766406022166,0.06137711088189733,0.01621813564362027,0.009321385763970381,0.019506044873485805,0.023075864815478308,0.027321157838219822,0.0323436397701027,0.03827931944355875,0.07984107001324378,0.08750480036553225,0.10281921428462618,0.14419139011360024,0.16060121973135047,0.16480743457521874,0.17142286052237668,0.18018882947938222,0.1831480019260371,0.18921763844882242,0.19246604794198097,0.1997509018196222,0.21247533990447648,0.22297992503887787,0.23527283823699738,0.270288494962853,0.29412580479006883,0.3026630683927567,0.31158918515500145,0.3208921434683943,0.33053805269914266,0.34042062482788465,0.3608666324641033,0.38308029240617403,0.3951406128078582,0.4076146359122264,0.43271704783606835,0.44502470764936675,0.45811553772153263,0.4723605508262844,0.7298224789100609,0.7384567683112552,0.7777184530076668,0.7844074983021938,0.7964441222260108,0.8083176050701727,0.8146825027174477,0.820772135936882,0.8264500682207163,0.831863495297091,0.8369694137744318,0.8421910107738365,0.8475438297789177,0.8522347302565985,0.8563935336912444,0.8613026532852032,0.8670987797722782,0.8720348589463531,0.8760797094113966,0.8799050923076972,0.8840130388994154,0.8883937268052898,0.8933686287240734,0.8984764510740453,0.9031384518730758,0.9068873310668314,0.9095424788873178,0.9118625781853866,0.914902949212801,0.9258936611757632,0.9295968253194498,0.9303463053351301,0.9320993192165463,0.9350904664316666,0.9370994923297407,0.9396179819204417,0.9430826159370782,0.9461196609518345,0.945440859912591,0.942714292257182,0.9474797195446174,0.9553518959237709,0.9579447701319312,0.9530465922278513,0.9492625291627974,0.9565928934624442,0.9566141304039695,0.9533022606537961,0.9508524918731524,0.9507784931639998,0.9523781167395439,0.9542439573725872,0.9655915232262725,0.9742557150453892,0.9780129586489793,0.9670432935626799,0.9587380592008722,0.9747449286233758,0.9795332458427046,0.9746798502592419,0.9768600325616332,0.9836025162380014,0.9809858924522018,0.97273741842438,0.981131537395143,0.9862224968132427,0.9820311372156537,0.9941189128286303,0.9925796962808957,,,
923,0.5976110336999628,0.5922958700226647,0.5883648708555901,0.5852786387694426,0.5830457139247424,0.5794680573219406,0.5733614800078574,0.572167754865826,0.570996667842268,0.5698586518026382,0.5687647678194713,0.5677183394084097,0.5666994273655876,0.5656802382278755,0.5646228419051548,0.5622048105124232,0.5607395243456885,0.5589996920213357,0.5569207846948766,0.5544703391172197,0.5516310784811703,0.548423507564137,0.5366391701065956,0.5173998876681833,0.5093146072921996,0.5067483177781431,0.5057329949391614,0.506766350396175,0.515043838634161,0.5368958432785998,0.574911012582013,0.5679737768676407,0.5639549009932097,0.5555967820408924,0.551883341569625,0.5458428200784141,0.5430570956114515,0.5408019798685672,0.5392774504780344,0.5385080415289375,0.5385437497335118,0.5396737851766787,0.5403077988052023,0.5407209523638074,0.5407577563913429,0.5403560268709856,0.5394641191708917,0.5381195045063563,0.5346591164524863,0.5332860287189669,0.5326423683341854,0.5331004811443473,0.533519360521835,0.5335601834997789,0.5335168713697649,0.5336010370755516,0.533966950800517,0.5359625912455568,0.53882958549825,0.549333897133128,0.5590559228607879,0.5607673300612593,0.5612301914030738,0.5616303471201901,0.5619909662043857,0.5623015989129557,0.5625193894969541,0.562628093387414,0.5625357159954694,0.5624370450761247,0.5623637223772454,0.5545384519827429,0.5508086148071855,0.5379181174300965,0.42681867725953,0.40766217180002784,0.32946366172055935,0.29900074696090323,0.12177272056310706,0.1104366388597878,0.08911118605539996,0.04450462763649887,0.03765777619758189,0.008783967701053554,0.00520817045678803,0.0009703296692386532,0.004031182924602563,0.00993013445613323,0.05111836250955213,0.058739034782834466,0.07393109360113159,0.11508496085659481,0.13150043463348046,0.13573101839237856,0.1424200791288857,0.15129658988455774,0.15428602667990274,0.16041294323188623,0.16368717475112646,0.1710105805091333,0.1837580434850186,0.19425188681983477,0.20651619838814034,0.24146322058594077,0.26530890408155516,0.2738697147564093,0.2828328101688602,0.29218413871592963,0.30188492285248697,0.3118195521732739,0.3323732289112121,0.3548329354419905,0.36712111116348783,0.3798651697695731,0.40540012193343744,0.4177916841619916,0.43104350438978256,0.4456035648195751,0.7075972618862707,0.7165471465229211,0.7570998639836446,0.7640335859712873,0.7767021694374797,0.7891186245104568,0.7955701892943107,0.8018370112046693,0.8078751793691089,0.8137283585592722,0.8192685226037144,0.8247121014225992,0.8299719759525166,0.8345198527723295,0.8387001805668539,0.8439485155683206,0.8503887940707848,0.8556917920782002,0.859594400595832,0.863357816303984,0.8676535775344286,0.8722308252059647,0.8774666727064745,0.8829313371718939,0.8878809074248494,0.8916660271699851,0.8940757763117853,0.8961223576849434,0.8991890100004607,0.9123563212640804,0.9168165149548155,0.9171369581851612,0.9183075340733682,0.921068360343443,0.9234386756681854,0.9270695475538943,0.9312680933885248,0.9340620471229266,0.9330591586635971,0.9302902087225287,0.935496207973258,0.9443292634304391,0.9466681247027489,0.9397888293492725,0.9352341533755957,0.9434620257200685,0.9443220347034177,0.941092914909399,0.9380101731927529,0.9366153357201056,0.938266737183193,0.9416748050446243,0.9549819139490023,0.9648283355681206,0.9683575892211116,0.9558109896137682,0.9475152124459403,0.9662845318271107,0.9744349029040233,0.971547724029154,0.9734876545762209,0.9768238722985813,0.9707480351166085,0.9620007825024581,0.97550056791894,0.986441900754409,0.9814450640766545,0.9896595700657452,0.9851017719295135,0.9963146474578954,,
924,0.5859898212563805,0.5813130072557269,0.5778888848039604,0.575173678376854,0.573177208849667,0.5699301580878603,0.5642925688000184,0.5631811699744222,0.5620904131191475,0.5610324012158405,0.5600203556955192,0.5590596933312338,0.558131889772095,0.557210578654708,0.5562591214608608,0.5540841970249213,0.5527610889879137,0.5511803873271724,0.5492795377825935,0.5470264827334138,0.5444037024306936,0.5414306753687942,0.5304339323836235,0.5122503758467846,0.5045854676148418,0.5021727195438197,0.5012550124363058,0.5023155080587344,0.5104062058175259,0.5310719856046398,0.5655443312720626,0.5575570520652422,0.5534635501072036,0.545220970476685,0.5416910905650247,0.5361834944201792,0.5336891297602762,0.531725970564243,0.5304895628606779,0.5300129426508801,0.5303520286386779,0.5320645234945939,0.532974289749353,0.533650097403896,0.5339363745762558,0.5337646618512456,0.5330594998772243,0.5318450546470367,0.5284982023354693,0.5271228103572309,0.5263915122902363,0.526757262074211,0.527058632673806,0.5269591372471473,0.5267596968550102,0.5266781707641491,0.5268672428170279,0.5284857911998966,0.5309665709624038,0.5404037492329576,0.5479364587761999,0.548893027619134,0.5491574611923623,0.549376765783867,0.5495822482301619,0.549768937217463,0.5499003344837159,0.5499679218619575,0.5499288137321586,0.5499363004975335,0.5500294977057363,0.5449552823145934,0.5418242126672316,0.5302694988181689,0.4342284159831636,0.41684305503538727,0.34286262668863077,0.31327173071852543,0.13866141799896625,0.12741808146948916,0.10622863154073278,0.062015674226194875,0.0552576581775383,0.02726863518041972,0.023841727667367453,0.019746573356205648,0.014879575794700093,0.009108222997817031,0.03147255884280369,0.03901278362874272,0.054030843091013865,0.09466558537324772,0.11061574195840285,0.11465589871201244,0.12092266465004843,0.12914866667063155,0.13193306671537017,0.1376618471397625,0.1407472204275472,0.1477315879530787,0.1601053861856185,0.17047238658739983,0.1827181189366775,0.21787572763953117,0.24195307669971325,0.2506079606746416,0.2596765323693876,0.269140261104328,0.2789536432518613,0.28898811729742135,0.3096982694788705,0.3323551885018727,0.3447972783284685,0.3577138083006963,0.3834980217676598,0.39591698575071205,0.4092349404406387,0.4239388257554305,0.6846434369935925,0.693680686068676,0.7351158533950949,0.7421587491895182,0.7548905720024944,0.7676593371411378,0.7745724819581342,0.7812631947713594,0.7874772099854349,0.7931151361170073,0.7981457830592679,0.8034735375760622,0.8092375142628888,0.8141447666964515,0.818276758720825,0.8234029346372344,0.8296780901257147,0.8349436696034427,0.8390812740718042,0.8430016915741435,0.8472641523031342,0.8519388002345537,0.8574322235125559,0.8631402477799618,0.8682754909643631,0.8721012634959189,0.8743290444937692,0.8760767314465491,0.8788996694395461,0.8928322477386151,0.898579006130993,0.9000361719714974,0.9001725936298361,0.8997191749466601,0.9004660431779185,0.9053732464907607,0.9110747312736135,0.9151916641411495,0.9167761431755816,0.9165384658201939,0.9211085576936391,0.9266962841432822,0.9291530747301129,0.926725605712045,0.9237102294201758,0.9293568358527434,0.9301180615801398,0.9299087651243324,0.9282810998002311,0.9262350860400983,0.9275033493488831,0.9322929470507758,0.9428398974373211,0.9476941363460415,0.9525089373814024,0.9479419110734337,0.9420009740469683,0.9551152778967789,0.9605401963859994,0.9623641107272132,0.9643770907789666,0.9644795646285075,0.9602511955598104,0.9567386808702428,0.968341673606159,0.9712099462343684,0.9636237390189707,0.9842341319220795,0.9806061360749571,0.9835438756807025,0.9925549821038984,
